step,loss,ce_sot,learning_rate,grad_norm,epoch
1005,0.24444432,0.24444432,1e-05,5.6734271,3.969e-05
1010,0.2775562,0.27755623,1e-05,5.93582249,7.938e-05
1015,0.22494516,0.22494516,1e-05,5.96247482,0.00011907
1020,0.25859311,0.25859311,1e-05,5.00470304,0.00015875
1025,0.21282735,0.21282732,1e-05,5.31962585,0.00019844
1030,0.23764868,0.23764865,1e-05,5.28118372,0.00023813
1035,0.24705734,0.24705734,1e-05,3.95383072,0.00027782
1040,0.25055299,0.25055296,1e-05,4.5422678,0.00031751
1045,0.23487864,0.23487864,1e-05,5.70296335,0.0003572
1050,0.26289821,0.26289818,1e-05,6.842206,0.00039689
1055,0.24504316,0.24504316,1e-05,3.03982401,0.00043657
1060,0.23605678,0.23605678,1e-05,6.26246691,0.00047626
1065,0.27223024,0.27223029,1e-05,10.00142002,0.00051595
1070,0.25971966,0.25971966,1e-05,3.71356535,0.00055564
1075,0.26209915,0.26209915,1e-05,6.39450264,0.00059533
1080,0.27319388,0.27319388,1e-05,3.63148427,0.00063502
1085,0.30981052,0.3098105,1e-05,7.05335188,0.0006747
1090,0.25476198,0.25476198,1e-05,3.51593614,0.00071439
1095,0.24385009,0.24385006,1e-05,4.47720337,0.00075408
1100,0.23915803,0.23915803,1e-05,4.96292448,0.00079377
1105,0.2509685,0.2509685,1e-05,5.6880579,0.00083346
1110,0.27486811,0.27486815,1e-05,4.81754541,0.00087315
1115,0.25060754,0.25060754,1e-05,3.99644065,0.00091284
1120,0.25246964,0.25246964,1e-05,4.71135569,0.00095252
1125,0.24298434,0.24298434,1e-05,5.05933905,0.00099221
1130,0.21655056,0.21655056,1e-05,4.24083138,0.0010319
1135,0.25806675,0.2580668,1e-05,3.89618754,0.00107159
1140,0.2801312,0.2801312,1e-05,4.6392746,0.00111128
1145,0.27867262,0.2786726,1e-05,4.58888292,0.00115097
1150,0.20714338,0.2071434,1e-05,4.09757185,0.00119066
1155,0.23115849,0.23115849,1e-05,5.05313015,0.00123034
1160,0.26402569,0.26402569,1e-05,5.29053402,0.00127003
1165,0.31120672,0.31120677,1e-05,5.15707684,0.00130972
1170,0.23645871,0.23645873,1e-05,4.69030142,0.00134941
1175,0.29204917,0.29204922,1e-05,7.12241316,0.0013891
1180,0.26882515,0.26882515,1e-05,5.46791315,0.00142879
1185,0.24938045,0.24938045,1e-05,3.59759164,0.00146848
1190,0.24842758,0.24842758,1e-05,4.63760471,0.00150816
1195,0.22357049,0.22357049,1e-05,15.16768074,0.00154785
1200,0.22822776,0.22822776,1e-05,4.35231972,0.00158754
1205,0.29134498,0.291345,1e-05,4.33990955,0.00162723
1210,0.22353785,0.22353787,1e-05,4.53033257,0.00166692
1215,0.24730291,0.24730294,1e-05,3.86996722,0.00170661
1220,0.25272403,0.25272403,1e-05,5.11784458,0.0017463
1225,0.24469357,0.24469357,1e-05,4.59708786,0.00178598
1230,0.3070714,0.30707145,1e-05,6.77395773,0.00182567
1235,0.20485194,0.20485194,1e-05,3.89007926,0.00186536
1240,0.29537122,0.2953712,1e-05,4.65730143,0.00190505
1245,0.21675858,0.21675856,1e-05,4.13282204,0.00194474
1250,0.27612398,0.27612395,1e-05,5.53564262,0.00198443
1255,0.26126752,0.26126752,1e-05,5.3596673,0.00202411
1260,0.30242326,0.30242324,1e-05,5.79029846,0.0020638
1265,0.26426139,0.26426134,1e-05,4.67799902,0.00210349
1270,0.25108311,0.25108309,1e-05,6.05485153,0.00214318
1275,0.25616841,0.25616841,1e-05,5.65506744,0.00218287
1280,0.23985507,0.23985507,1e-05,5.10141802,0.00222256
1285,0.19531238,0.19531239,1e-05,5.05612659,0.00226225
1290,0.28239114,0.28239112,1e-05,6.57979202,0.00230193
1295,0.2760469,0.27604694,1e-05,4.17532873,0.00234162
1300,0.23414593,0.23414593,1e-05,6.44748116,0.00238131
1305,0.28958642,0.28958642,1e-05,6.10259199,0.002421
1310,0.26352487,0.26352489,1e-05,6.26709843,0.00246069
1315,0.30862756,0.30225377,1e-05,3.4582305,0.00250038
1320,0.21202583,0.21202586,1e-05,4.37530422,0.00254007
1325,0.24478769,0.24478769,1e-05,5.05448818,0.00257975
1330,0.29483485,0.29483485,1e-05,7.1637969,0.00261944
1335,0.28609748,0.28609748,1e-05,5.13333321,0.00265913
1340,0.26953974,0.26953976,1e-05,5.42352819,0.00269882
1345,0.21828432,0.2182843,1e-05,3.93337345,0.00273851
1350,0.23081198,0.23081198,1e-05,4.29675484,0.0027782
1355,0.28246455,0.28246453,1e-05,4.28336811,0.00281789
1360,0.27894025,0.27894027,1e-05,4.03843069,0.00285757
1365,0.23359551,0.23359554,1e-05,4.17139626,0.00289726
1370,0.29211783,0.29211786,1e-05,4.80851269,0.00293695
1375,0.22729449,0.22729449,1e-05,5.12294102,0.00297664
1380,0.23711593,0.23711591,1e-05,3.72229862,0.00301633
1385,0.23742645,0.23742645,1e-05,5.24733734,0.00305602
1390,0.24376662,0.24376664,1e-05,6.68078661,0.0030957
1395,0.23078723,0.23078723,1e-05,7.52686548,0.00313539
1400,0.2310133,0.2310133,1e-05,3.63473225,0.00317508
1405,0.27297711,0.27297711,1e-05,4.18511105,0.00321477
1410,0.26762505,0.26762505,1e-05,3.74412346,0.00325446
1415,0.25569792,0.25569792,1e-05,4.94683981,0.00329415
1420,0.25247712,0.25247712,1e-05,3.96179032,0.00333384
1425,0.27909832,0.27909832,1e-05,4.05024147,0.00337352
1430,0.23687067,0.23687065,1e-05,5.59127951,0.00341321
1435,0.26299443,0.26299443,1e-05,7.86254549,0.0034529
1440,0.26595795,0.26595798,1e-05,4.31530714,0.00349259
1445,0.28759789,0.28759789,1e-05,3.76268959,0.00353228
1450,0.32926576,0.32926574,1e-05,5.74607754,0.00357197
1455,0.26119533,0.26119533,1e-05,4.51801825,0.00361166
1460,0.22812595,0.22812595,1e-05,4.95758295,0.00365134
1465,0.27853999,0.27853999,1e-05,5.9975028,0.00369103
1470,0.26331954,0.26331952,1e-05,4.95347214,0.00373072
1475,0.24676666,0.24676666,1e-05,4.64208984,0.00377041
1480,0.25752981,0.25752978,1e-05,5.12533379,0.0038101
1485,0.30499904,0.30499907,1e-05,5.83655882,0.00384979
1490,0.25437713,0.25437715,1e-05,4.80886126,0.00388948
1495,0.25408473,0.25408471,1e-05,4.31621552,0.00392916
1500,0.27410693,0.27410698,1e-05,4.12830639,0.00396885
1505,0.2492115,0.2492115,1e-05,5.09339333,0.00400854
1510,0.27658682,0.27658682,1e-05,5.24119806,0.00404823
1515,0.24833002,0.24833002,1e-05,5.00442028,0.00408792
1520,0.26320841,0.26320844,1e-05,5.00959253,0.00412761
1525,0.22338262,0.22338262,1e-05,4.10830927,0.0041673
1530,0.2993818,0.29938178,1e-05,4.08592892,0.00420698
1535,0.23203855,0.23203857,1e-05,3.71191406,0.00424667
1540,0.27556348,0.27556348,1e-05,4.60253286,0.00428636
1545,0.31419988,0.31419988,1e-05,3.73283267,0.00432605
1550,0.23783491,0.23783488,1e-05,5.24109077,0.00436574
1555,0.2700618,0.27006183,1e-05,3.53846788,0.00440543
1560,0.2282505,0.2282505,1e-05,3.16685867,0.00444511
1565,0.21620841,0.21620841,1e-05,3.40465784,0.0044848
1570,0.2524827,0.2524827,1e-05,6.65011978,0.00452449
1575,0.25058753,0.25058751,1e-05,3.27529144,0.00456418
1580,0.27915983,0.27915983,1e-05,3.398597,0.00460387
1585,0.24251478,0.24251475,1e-05,4.97697926,0.00464356
1590,0.1921123,0.1921123,1e-05,2.77031541,0.00468325
1595,0.24776251,0.24776251,1e-05,4.26085424,0.00472293
1600,0.27658601,0.27658601,1e-05,5.81745529,0.00476262
1605,0.24346075,0.24346075,1e-05,3.6612823,0.00480231
1610,0.24820774,0.24820776,1e-05,4.96138573,0.004842
1615,0.30121689,0.30121689,1e-05,6.33434534,0.00488169
1620,0.27370999,0.27371001,1e-05,7.52676153,0.00492138
1625,0.2445241,0.24430967,1e-05,3.79866982,0.00496107
1630,0.2952127,0.28946628,1e-05,4.67826271,0.00500075
1635,0.22793231,0.22793231,1e-05,4.91432762,0.00504044
1640,0.21945863,0.21945863,1e-05,3.97983837,0.00508013
1645,0.27511549,0.27511549,1e-05,4.86415958,0.00511982
1650,0.2373275,0.2373275,1e-05,5.26325846,0.00515951
1655,0.20029774,0.20029774,1e-05,4.70674562,0.0051992
1660,0.25433421,0.25433421,1e-05,3.39011669,0.00523889
1665,0.24639163,0.24639163,1e-05,3.3169992,0.00527857
1670,0.22493191,0.22493191,1e-05,3.9192028,0.00531826
1675,0.24535613,0.24535615,1e-05,3.4073329,0.00535795
1680,0.26340594,0.26340592,1e-05,3.23301578,0.00539764
1685,0.30273638,0.30273638,1e-05,4.8670578,0.00543733
1690,0.22430134,0.22430134,1e-05,3.34971523,0.00547702
1695,0.23250227,0.23250227,1e-05,4.93762445,0.0055167
1700,0.25099845,0.25099845,1e-05,4.53066635,0.00555639
1705,0.25169497,0.25169494,1e-05,3.61358047,0.00559608
1710,0.29234896,0.292349,1e-05,4.94003439,0.00563577
1715,0.25743899,0.25743899,1e-05,3.63599086,0.00567546
1720,0.24414735,0.24414735,1e-05,3.14707327,0.00571515
1725,0.21943793,0.21943793,1e-05,5.21730375,0.00575484
1730,0.2580092,0.2580092,1e-05,5.44159174,0.00579452
1735,0.24254427,0.24254427,1e-05,3.33471704,0.00583421
1740,0.22756763,0.22756763,1e-05,5.60821247,0.0058739
1745,0.22747149,0.22747149,1e-05,5.06597662,0.00591359
1750,0.19939392,0.1993939,1e-05,6.42983913,0.00595328
1755,0.23375335,0.23375335,1e-05,6.20048952,0.00599297
1760,0.28109879,0.28109879,1e-05,4.7195859,0.00603266
1765,0.24825051,0.24825048,1e-05,6.34947824,0.00607234
1770,0.22121844,0.22121844,1e-05,5.57693768,0.00611203
1775,0.18127248,0.18127248,1e-05,3.11802411,0.00615172
1780,0.29799061,0.29799061,1e-05,5.34452772,0.00619141
1785,0.24922462,0.24922462,1e-05,5.14903784,0.0062311
1790,0.24919391,0.24919391,1e-05,3.2788949,0.00627079
1795,0.22066529,0.22066526,1e-05,3.95344329,0.00631048
1800,0.25191424,0.25191422,1e-05,3.66947389,0.00635016
1805,0.25674994,0.25674996,1e-05,5.13037777,0.00638985
1810,0.30486474,0.30486474,1e-05,4.18386269,0.00642954
1815,0.26929107,0.26929107,1e-05,4.49679565,0.00646923
1820,0.23526263,0.23526263,1e-05,4.43580723,0.00650892
1825,0.25691261,0.25691261,1e-05,4.74694729,0.00654861
1830,0.28655055,0.28655052,1e-05,6.35521078,0.0065883
1835,0.21731915,0.21731915,1e-05,3.96237087,0.00662798
1840,0.24057713,0.24057713,1e-05,4.38646936,0.00666767
1845,0.29631681,0.29631681,1e-05,4.34265089,0.00670736
1850,0.24181256,0.24181256,1e-05,5.02380133,0.00674705
1855,0.27174516,0.27174516,1e-05,5.69105291,0.00678674
1860,0.25395699,0.25395699,1e-05,4.24281693,0.00682643
1865,0.23227079,0.23227081,1e-05,5.35569811,0.00686611
1870,0.29703069,0.29703069,1e-05,4.90710545,0.0069058
1875,0.21958046,0.21958046,1e-05,3.54147744,0.00694549
1880,0.27558839,0.27558842,1e-05,15.34803772,0.00698518
1885,0.24759631,0.24759631,1e-05,4.78373241,0.00702487
1890,0.25657926,0.25657926,1e-05,3.64263129,0.00706456
1895,0.24854746,0.24854746,1e-05,4.60687113,0.00710425
1900,0.22535834,0.22535834,1e-05,4.30755377,0.00714393
1905,0.26007323,0.26007323,1e-05,3.69601011,0.00718362
1910,0.25418487,0.25418487,1e-05,5.37093496,0.00722331
1915,0.30192456,0.30192454,1e-05,13.86674595,0.007263
1920,0.21423221,0.21423218,1e-05,3.39623785,0.00730269
1925,0.22087607,0.22087607,1e-05,5.77414608,0.00734238
1930,0.23588734,0.23588734,1e-05,5.43806934,0.00738207
1935,0.24491885,0.24491882,1e-05,5.67173719,0.00742175
1940,0.31868143,0.30882754,1e-05,5.50786304,0.00746144
1945,0.25471191,0.25471191,1e-05,3.5170505,0.00750113
1950,0.24676893,0.2467689,1e-05,4.26052523,0.00754082
1955,0.20834043,0.20834041,1e-05,5.36046124,0.00758051
1960,0.28612978,0.28612978,1e-05,4.65912819,0.0076202
1965,0.21353254,0.21353254,1e-05,3.3431282,0.00765989
1970,0.29707007,0.29707007,1e-05,5.47629023,0.00769957
1975,0.22419071,0.22419071,1e-05,4.37606096,0.00773926
1980,0.19306633,0.19306633,1e-05,2.97878194,0.00777895
1985,0.25568392,0.25568395,1e-05,3.17618561,0.00781864
1990,0.24944673,0.24944673,1e-05,3.65505934,0.00785833
1995,0.23636656,0.23636656,1e-05,3.80863094,0.00789802
2000,0.28888826,0.28888826,1e-05,6.1844945,0.0079377
2005,0.24568295,0.24568298,1e-05,4.08717442,0.00797739
2010,0.25199738,0.25199738,1e-05,4.46474457,0.00801708
2015,0.28084712,0.28084714,1e-05,4.90115452,0.00805677
2020,0.26192744,0.26192746,1e-05,4.59574747,0.00809646
2025,0.25930519,0.25930524,1e-05,3.6352303,0.00813615
2030,0.2070231,0.2070231,1e-05,3.44163537,0.00817584
2035,0.26799037,0.2679904,1e-05,4.28269529,0.00821552
2040,0.24815249,0.24815249,1e-05,3.38541675,0.00825521
2045,0.20581579,0.20581582,1e-05,4.32341051,0.0082949
2050,0.24191701,0.24191704,1e-05,3.95630503,0.00833459
2055,0.22658849,0.22658849,1e-05,2.67890525,0.00837428
2060,0.23267641,0.23267641,1e-05,4.43195295,0.00841397
2065,0.22919412,0.22919412,1e-05,6.84671354,0.00845366
2070,0.24324362,0.24324362,1e-05,4.53812122,0.00849334
2075,0.22671666,0.22671664,1e-05,4.24657965,0.00853303
2080,0.27563338,0.27563338,1e-05,5.98444176,0.00857272
2085,0.25896072,0.25896072,1e-05,6.51263571,0.00861241
2090,0.23001871,0.23001871,1e-05,4.99009705,0.0086521
2095,0.29000938,0.2900094,1e-05,6.24749851,0.00869179
2100,0.22736673,0.22736673,1e-05,3.04753923,0.00873148
2105,0.27366083,0.2736608,1e-05,4.3626194,0.00877116
2110,0.31008277,0.31008277,1e-05,4.28247547,0.00881085
2115,0.29026513,0.29026511,1e-05,4.97751856,0.00885054
2120,0.21729503,0.21729503,1e-05,4.31057262,0.00889023
2125,0.2311069,0.23110693,1e-05,3.47018528,0.00892992
2130,0.23679457,0.23679457,1e-05,3.81995177,0.00896961
2135,0.22672031,0.22672031,1e-05,8.41566658,0.0090093
2140,0.25349402,0.25349402,1e-05,5.15316772,0.00904898
2145,0.22342224,0.22342229,1e-05,3.43385744,0.00908867
2150,0.23525805,0.23525805,1e-05,4.54311609,0.00912836
2155,0.24049459,0.24049459,1e-05,4.00571823,0.00916805
2160,0.25988231,0.25988231,1e-05,6.61752033,0.00920774
2165,0.24334884,0.24334886,1e-05,5.77483797,0.00924743
2170,0.22328634,0.22328634,1e-05,4.57434464,0.00928711
2175,0.23890934,0.23890934,1e-05,3.74903059,0.0093268
2180,0.24922647,0.24922647,1e-05,5.64282799,0.00936649
2185,0.28267877,0.28267877,1e-05,4.46228647,0.00940618
2190,0.19501435,0.19501435,1e-05,4.41250324,0.00944587
2195,0.29090657,0.29090657,1e-05,5.39084196,0.00948556
2200,0.27131248,0.27131248,1e-05,4.03431368,0.00952525
2205,0.23361571,0.23361573,1e-05,4.36955976,0.00956493
2210,0.24200532,0.2420053,1e-05,4.24995518,0.00960462
2215,0.23476734,0.23476734,1e-05,5.60978317,0.00964431
2220,0.2647738,0.26477385,1e-05,6.75144386,0.009684
2225,0.2563287,0.2563287,1e-05,5.20060396,0.00972369
2230,0.27691145,0.27691143,1e-05,4.23426485,0.00976338
2235,0.22622123,0.22622123,1e-05,3.36693978,0.00980307
2240,0.24091682,0.24091682,1e-05,3.9098928,0.00984275
2245,0.18483438,0.18483438,1e-05,6.59177113,0.00988244
2250,0.17437234,0.17437235,1e-05,4.22744036,0.00992213
2255,0.27576818,0.26718619,1e-05,3.68348479,0.00996182
2260,0.27100894,0.27100894,1e-05,4.80177212,0.01000151
2265,0.23760719,0.23760719,1e-05,6.43789959,0.0100412
2270,0.25794473,0.2579447,1e-05,3.5549016,0.01008089
2275,0.28753047,0.28753047,1e-05,4.06350136,0.01012057
2280,0.23910618,0.23910618,1e-05,7.27771854,0.01016026
2285,0.2508832,0.2508832,1e-05,4.39282465,0.01019995
2290,0.20150449,0.20150449,1e-05,4.48012543,0.01023964
2295,0.21784873,0.21784873,1e-05,5.05032349,0.01027933
2300,0.24961581,0.24961581,1e-05,5.74986696,0.01031902
2305,0.22225022,0.22225027,1e-05,2.79379439,0.0103587
2310,0.27471991,0.27471991,1e-05,3.12821102,0.01039839
2315,0.24569058,0.24569056,1e-05,5.18514585,0.01043808
2320,0.25359735,0.25359738,1e-05,4.29034328,0.01047777
2325,0.26658735,0.26658735,1e-05,4.711339,0.01051746
2330,0.23261895,0.23261898,1e-05,3.45083165,0.01055715
2335,0.29982677,0.29982677,1e-05,5.1544795,0.01059684
2340,0.21421232,0.21421232,1e-05,3.87774348,0.01063652
2345,0.29706557,0.29706557,1e-05,4.75861216,0.01067621
2350,0.21565807,0.21565804,1e-05,4.06838465,0.0107159
2355,0.24434223,0.24434223,1e-05,4.58618689,0.01075559
2360,0.26704721,0.26704721,1e-05,5.64297915,0.01079528
2365,0.27086911,0.27086911,1e-05,5.14393854,0.01083497
2370,0.22155833,0.22155833,1e-05,3.92253661,0.01087466
2375,0.29703255,0.29703255,1e-05,5.24873304,0.01091434
2380,0.24096735,0.24096737,1e-05,4.82453108,0.01095403
2385,0.22736058,0.22736058,1e-05,4.59191704,0.01099372
2390,0.28231244,0.28231244,1e-05,3.46998382,0.01103341
2395,0.23007765,0.2300777,1e-05,6.5287714,0.0110731
2400,0.29498506,0.29498506,1e-05,4.16363192,0.01111279
2405,0.24094703,0.24094703,1e-05,4.61397791,0.01115248
2410,0.24166253,0.24166255,1e-05,4.31096268,0.01119216
2415,0.27395248,0.27395248,1e-05,5.60790539,0.01123185
2420,0.24787955,0.24787955,1e-05,4.56894255,0.01127154
2425,0.27582541,0.27582541,1e-05,5.73399973,0.01131123
2430,0.24729137,0.24729137,1e-05,3.82456136,0.01135092
2435,0.23886702,0.23886702,1e-05,3.67101455,0.01139061
2440,0.28262401,0.28262401,1e-05,4.96983433,0.0114303
2445,0.23842835,0.23842835,1e-05,3.22652173,0.01146998
2450,0.20414295,0.20414298,1e-05,2.80663252,0.01150967
2455,0.1680186,0.1680186,1e-05,4.00403309,0.01154936
2460,0.21961732,0.21961732,1e-05,3.46858883,0.01158905
2465,0.25476198,0.25476198,1e-05,9.9295311,0.01162874
2470,0.20887022,0.2088702,1e-05,3.91900444,0.01166843
2475,0.28356318,0.28356321,1e-05,5.50023985,0.01170811
2480,0.21999106,0.21999106,1e-05,3.77939343,0.0117478
2485,0.23864021,0.23864021,1e-05,4.34465837,0.01178749
2490,0.22825978,0.22825978,1e-05,6.63963032,0.01182718
2495,0.24120131,0.24120131,1e-05,3.93729281,0.01186687
2500,0.22655439,0.22655439,1e-05,4.47822571,0.01190656
2505,0.24122448,0.24122448,1e-05,4.49012041,0.01194625
2510,0.25113864,0.25113859,1e-05,4.7810998,0.01198593
2515,0.23347659,0.23347657,1e-05,5.25844145,0.01202562
2520,0.25020862,0.25020862,1e-05,7.91472054,0.01206531
2525,0.21240025,0.21240025,1e-05,4.08237505,0.012105
2530,0.26836421,0.26836419,1e-05,5.34444809,0.01214469
2535,0.2431437,0.2431437,1e-05,6.03888988,0.01218438
2540,0.23756306,0.23756304,1e-05,3.79493165,0.01222407
2545,0.21380908,0.21380911,1e-05,3.66715407,0.01226375
2550,0.25867577,0.25867577,1e-05,5.83833647,0.01230344
2555,0.22146282,0.22146282,1e-05,3.98888969,0.01234313
2560,0.24727151,0.24727149,1e-05,6.080616,0.01238282
2565,0.26651883,0.26051313,1e-05,5.07675791,0.01242251
2570,0.21808147,0.21808147,1e-05,3.20034695,0.0124622
2575,0.25732059,0.25732062,1e-05,5.3802228,0.01250189
2580,0.29154115,0.29154119,1e-05,5.08174467,0.01254157
2585,0.26240346,0.26240346,1e-05,5.48734093,0.01258126
2590,0.24621997,0.24621997,1e-05,3.92992616,0.01262095
2595,0.23189673,0.23189669,1e-05,4.84753942,0.01266064
2600,0.21940258,0.21940258,1e-05,6.1578455,0.01270033
2605,0.26623642,0.26623642,1e-05,6.38409185,0.01274002
2610,0.272879,0.27287898,1e-05,5.65914392,0.0127797
2615,0.2427352,0.2427352,1e-05,6.20002365,0.01281939
2620,0.25641799,0.25641799,1e-05,4.31470203,0.01285908
2625,0.28411627,0.28411629,1e-05,5.27996063,0.01289877
2630,0.21607995,0.2160799,1e-05,4.02773571,0.01293846
2635,0.28069463,0.2806946,1e-05,5.83153391,0.01297815
2640,0.25103459,0.25103459,1e-05,4.25586653,0.01301784
2645,0.26581719,0.26581717,1e-05,5.29725313,0.01305752
2650,0.28272061,0.28272061,1e-05,4.04442883,0.01309721
2655,0.24961228,0.24961228,1e-05,13.60458469,0.0131369
2660,0.24122341,0.24122338,1e-05,4.76000261,0.01317659
2665,0.302601,0.302601,1e-05,5.24611521,0.01321628
2670,0.22706456,0.22706456,1e-05,6.1033988,0.01325597
2675,0.27223139,0.27223136,1e-05,7.20541143,0.01329566
2680,0.24080234,0.24080236,1e-05,4.51124477,0.01333534
2685,0.24703069,0.24703069,1e-05,3.75950718,0.01337503
2690,0.29085369,0.29085369,1e-05,3.12848473,0.01341472
2695,0.29375329,0.29375329,1e-05,5.72552776,0.01345441
2700,0.29300218,0.29300213,1e-05,5.26958227,0.0134941
2705,0.21141934,0.21141934,1e-05,4.36542368,0.01353379
2710,0.24894426,0.24894423,1e-05,3.66675997,0.01357348
2715,0.28837953,0.28837955,1e-05,3.08473134,0.01361316
2720,0.22756288,0.22756286,1e-05,4.03334236,0.01365285
2725,0.25178871,0.25178871,1e-05,3.86739397,0.01369254
2730,0.20627785,0.20627785,1e-05,4.80083179,0.01373223
2735,0.27767107,0.27767107,1e-05,4.29867315,0.01377192
2740,0.25222991,0.25222988,1e-05,4.0404377,0.01381161
2745,0.23886421,0.23886421,1e-05,4.65903854,0.0138513
2750,0.26040063,0.26040061,1e-05,3.62927485,0.01389098
2755,0.23840072,0.23840072,1e-05,5.45298862,0.01393067
2760,0.24307261,0.24307261,1e-05,2.97397399,0.01397036
2765,0.25289669,0.25289669,1e-05,5.07729578,0.01401005
2770,0.25940509,0.25940511,1e-05,4.3204937,0.01404974
2775,0.22755115,0.22755115,1e-05,5.03642607,0.01408943
2780,0.24584293,0.24584293,1e-05,4.47203302,0.01412911
2785,0.23254049,0.23254049,1e-05,5.40647316,0.0141688
2790,0.21167746,0.2116775,1e-05,3.38297105,0.01420849
2795,0.21858888,0.21858888,1e-05,4.45658064,0.01424818
2800,0.28290033,0.28290033,1e-05,5.09096479,0.01428787
2805,0.24439421,0.24439421,1e-05,3.66192627,0.01432756
2810,0.31549509,0.31549506,1e-05,5.37698412,0.01436725
2815,0.23731668,0.23731666,1e-05,5.37757826,0.01440693
2820,0.25618303,0.25618303,1e-05,5.44926929,0.01444662
2825,0.20001976,0.20001976,1e-05,3.56210518,0.01448631
2830,0.26817493,0.26817496,1e-05,3.43535542,0.014526
2835,0.20904458,0.20904458,1e-05,3.62085032,0.01456569
2840,0.28033085,0.28033085,1e-05,4.34551907,0.01460538
2845,0.22269216,0.22269216,1e-05,4.84610844,0.01464507
2850,0.22860489,0.22860489,1e-05,5.0676136,0.01468475
2855,0.2583585,0.25835848,1e-05,3.92485404,0.01472444
2860,0.23946285,0.23946285,1e-05,4.25708294,0.01476413
2865,0.20178545,0.20178545,1e-05,3.76551604,0.01480382
2870,0.2360673,0.2360673,1e-05,4.05581474,0.01484351
2875,0.28115454,0.28115454,1e-05,5.22224665,0.0148832
2880,0.28181872,0.26692322,1e-05,5.28318644,0.01492289
2885,0.2255352,0.22553518,1e-05,5.62207079,0.01496257
2890,0.23286057,0.23286057,1e-05,5.22891569,0.01500226
2895,0.23675807,0.23675807,1e-05,4.62772465,0.01504195
2900,0.24889412,0.24889412,1e-05,3.99273825,0.01508164
2905,0.25154939,0.25154941,1e-05,4.65538359,0.01512133
2910,0.26743698,0.26743698,1e-05,6.55118895,0.01516102
2915,0.23151298,0.23151298,1e-05,5.57562399,0.0152007
2920,0.25043364,0.25043364,1e-05,5.73657131,0.01524039
2925,0.22958927,0.22958927,1e-05,4.54562521,0.01528008
2930,0.25104411,0.25104411,1e-05,5.81060123,0.01531977
2935,0.24239707,0.24239707,1e-05,4.89429951,0.01535946
2940,0.23872855,0.23872857,1e-05,3.4962852,0.01539915
2945,0.24542341,0.24542341,1e-05,3.39220357,0.01543884
2950,0.27876661,0.27876663,1e-05,4.53594065,0.01547852
2955,0.26024718,0.26024718,1e-05,4.08795547,0.01551821
2960,0.22668471,0.22668471,1e-05,6.04560852,0.0155579
2965,0.23495994,0.23495991,1e-05,4.14765167,0.01559759
2970,0.28953023,0.28953028,1e-05,5.86211967,0.01563728
2975,0.22171669,0.22171669,1e-05,7.9529171,0.01567697
2980,0.2424834,0.24248338,1e-05,3.78998303,0.01571666
2985,0.238201,0.238201,1e-05,4.54801321,0.01575634
2990,0.21520314,0.21520312,1e-05,4.41254377,0.01579603
2995,0.23444619,0.23444619,1e-05,4.07166576,0.01583572
3000,0.20955267,0.20955267,1e-05,5.08335781,0.01587541
3005,0.26047673,0.26047671,1e-05,4.50034046,0.0159151
3010,0.26580248,0.26580245,1e-05,6.15891695,0.01595479
3015,0.19549961,0.19549961,1e-05,4.78497219,0.01599448
3020,0.21271877,0.21271875,1e-05,4.46433115,0.01603416
3025,0.2478786,0.2478786,1e-05,7.11275673,0.01607385
3030,0.29116893,0.2911689,1e-05,5.48347855,0.01611354
3035,0.25750985,0.25750985,1e-05,6.1251874,0.01615323
3040,0.31069503,0.310695,1e-05,7.46478701,0.01619292
3045,0.29231491,0.29231493,1e-05,4.42424107,0.01623261
3050,0.26028872,0.26028874,1e-05,5.0488205,0.0162723
3055,0.24483714,0.24483714,1e-05,4.26533365,0.01631198
3060,0.25575562,0.25575562,1e-05,4.67237711,0.01635167
3065,0.27828403,0.278284,1e-05,5.55728722,0.01639136
3070,0.23431938,0.2343194,1e-05,4.25659657,0.01643105
3075,0.2164495,0.2164495,1e-05,5.18782234,0.01647074
3080,0.25982633,0.25982633,1e-05,3.6748879,0.01651043
3085,0.26594799,0.26594796,1e-05,6.13831902,0.01655011
3090,0.23115263,0.23115263,1e-05,4.07073355,0.0165898
3095,0.22702413,0.2270241,1e-05,5.17260885,0.01662949
3100,0.19629631,0.1962963,1e-05,4.77216196,0.01666918
3105,0.22878535,0.22878532,1e-05,3.57505488,0.01670887
3110,0.25417576,0.25417576,1e-05,4.18979549,0.01674856
3115,0.27022882,0.27022882,1e-05,3.71256161,0.01678825
3120,0.22536957,0.2253696,1e-05,5.77081823,0.01682793
3125,0.24994659,0.24994659,1e-05,3.10681748,0.01686762
3130,0.24557889,0.24557886,1e-05,3.59322786,0.01690731
3135,0.2318265,0.2318265,1e-05,4.31697798,0.016947
3140,0.28454261,0.28454261,1e-05,5.62026262,0.01698669
3145,0.24810205,0.24810205,1e-05,4.52690744,0.01702638
3150,0.22777979,0.22777979,1e-05,4.41153288,0.01706607
3155,0.23623161,0.23623161,1e-05,3.51673126,0.01710575
3160,0.25109756,0.25109758,1e-05,3.93207693,0.01714544
3165,0.25291758,0.25291755,1e-05,6.20634985,0.01718513
3170,0.25327096,0.25327096,1e-05,3.59042001,0.01722482
3175,0.24602578,0.2460258,1e-05,4.68589401,0.01726451
3180,0.21934531,0.21934531,1e-05,3.25956392,0.0173042
3185,0.20329986,0.20329988,1e-05,4.48348093,0.01734389
3190,0.28710482,0.28719371,1e-05,4.61614084,0.01738357
3195,0.27992697,0.27245455,1e-05,4.75689411,0.01742326
3200,0.21347766,0.21347764,1e-05,5.46826124,0.01746295
3205,0.27672524,0.27672524,1e-05,4.49885702,0.01750264
3210,0.2204603,0.22046032,1e-05,4.28077841,0.01754233
3215,0.26825304,0.26825304,1e-05,7.44214153,0.01758202
3220,0.2453701,0.2453701,1e-05,7.46490145,0.0176217
3225,0.32039325,0.32039323,1e-05,5.0730114,0.01766139
3230,0.21689789,0.21689792,1e-05,2.73677588,0.01770108
3235,0.2373342,0.23733423,1e-05,4.10659885,0.01774077
3240,0.22226884,0.22226884,1e-05,5.00218964,0.01778046
3245,0.22762427,0.22762427,1e-05,4.68781424,0.01782015
3250,0.19529679,0.19529679,1e-05,4.26751947,0.01785984
3255,0.27816498,0.27816498,1e-05,7.1620717,0.01789952
3260,0.22309527,0.22309525,1e-05,4.13150644,0.01793921
3265,0.24426646,0.24426646,1e-05,5.40582228,0.0179789
3270,0.20153742,0.20153742,1e-05,3.47780895,0.01801859
3275,0.22552025,0.22552025,1e-05,5.30487394,0.01805828
3280,0.28412564,0.28412566,1e-05,6.69591999,0.01809797
3285,0.25852406,0.25852404,1e-05,5.04028893,0.01813766
3290,0.24398656,0.24398656,1e-05,3.54772878,0.01817734
3295,0.22639318,0.22639318,1e-05,4.2542305,0.01821703
3300,0.26556196,0.26556196,1e-05,6.83725309,0.01825672
3305,0.27481794,0.27481794,1e-05,5.81145382,0.01829641
3310,0.25732961,0.25732958,1e-05,6.11166525,0.0183361
3315,0.26349578,0.26349578,1e-05,7.02283764,0.01837579
3320,0.22395358,0.2239536,1e-05,3.49444485,0.01841548
3325,0.23668842,0.23668842,1e-05,7.18879414,0.01845516
3330,0.22157907,0.22157907,1e-05,7.82993889,0.01849485
3335,0.26090641,0.26090643,1e-05,6.07434225,0.01853454
3340,0.27905321,0.27905321,1e-05,3.66678476,0.01857423
3345,0.24379158,0.24379158,1e-05,5.88134289,0.01861392
3350,0.27652774,0.27652774,1e-05,4.36105537,0.01865361
3355,0.26671474,0.26671474,1e-05,4.24911165,0.0186933
3360,0.20827649,0.20827649,1e-05,3.60588455,0.01873298
3365,0.25223484,0.25223484,1e-05,3.8576808,0.01877267
3370,0.25296512,0.25296512,1e-05,3.85069847,0.01881236
3375,0.25956838,0.25956836,1e-05,6.05237818,0.01885205
3380,0.21490746,0.21490746,1e-05,4.17701101,0.01889174
3385,0.22711816,0.22711816,1e-05,3.96829581,0.01893143
3390,0.3449451,0.3449451,1e-05,6.50188208,0.01897111
3395,0.26774573,0.26774573,1e-05,4.7691679,0.0190108
3400,0.26528692,0.26528692,1e-05,4.08341026,0.01905049
3405,0.24733675,0.24733675,1e-05,6.34806252,0.01909018
3410,0.23193283,0.23193283,1e-05,4.31944561,0.01912987
3415,0.26814301,0.26814303,1e-05,7.31334066,0.01916956
3420,0.27418537,0.27418537,1e-05,5.15938425,0.01920925
3425,0.23883705,0.23883705,1e-05,6.49973392,0.01924893
3430,0.26713009,0.26713009,1e-05,6.4626627,0.01928862
3435,0.25935273,0.25935271,1e-05,5.80758905,0.01932831
3440,0.25479894,0.25479894,1e-05,4.72702694,0.019368
3445,0.22561231,0.22561231,1e-05,5.26957464,0.01940769
3450,0.28795838,0.28795834,1e-05,5.68024969,0.01944738
3455,0.28656201,0.28656201,1e-05,2.95766783,0.01948707
3460,0.21346195,0.21346195,1e-05,3.13472605,0.01952675
3465,0.27975569,0.27975569,1e-05,3.73370552,0.01956644
3470,0.23048005,0.23048005,1e-05,4.34280062,0.01960613
3475,0.26049857,0.26049857,1e-05,3.76706004,0.01964582
3480,0.27326741,0.27326744,1e-05,4.00153112,0.01968551
3485,0.27416964,0.27416964,1e-05,5.22306156,0.0197252
3490,0.26372716,0.26372716,1e-05,5.60385227,0.01976489
3495,0.24578545,0.24578543,1e-05,3.73248386,0.01980457
3500,0.27005577,0.27005572,1e-05,3.94139385,0.01984426
3505,0.28550439,0.28466995,1e-05,6.06167221,0.01988395
3510,0.27269404,0.27269402,1e-05,4.70360851,0.01992364
3515,0.27059336,0.27059336,1e-05,5.51703358,0.01996333
3520,0.23574817,0.23574817,1e-05,5.65683508,0.02000302
3525,0.23487134,0.23487129,1e-05,3.83665562,0.0200427
3530,0.20617321,0.20617318,1e-05,4.87259865,0.02008239
3535,0.25962758,0.25962758,1e-05,6.13054657,0.02012208
3540,0.28369405,0.28369405,1e-05,5.22757578,0.02016177
3545,0.23673954,0.23673954,1e-05,4.48783588,0.02020146
3550,0.25484593,0.25484593,1e-05,4.10005236,0.02024115
3555,0.2307251,0.2307251,1e-05,4.01365566,0.02028084
3560,0.2265394,0.22653942,1e-05,4.6374588,0.02032052
3565,0.25161772,0.25161772,1e-05,3.91340947,0.02036021
3570,0.27325954,0.27325954,1e-05,12.11448765,0.0203999
3575,0.27223504,0.27223506,1e-05,5.1285038,0.02043959
3580,0.24557793,0.24557791,1e-05,4.73535252,0.02047928
3585,0.25347395,0.25347397,1e-05,3.1336112,0.02051897
3590,0.26209683,0.26209679,1e-05,4.63893604,0.02055866
3595,0.23598034,0.23598034,1e-05,4.2411046,0.02059834
3600,0.21157331,0.21157331,1e-05,3.94221091,0.02063803
3605,0.25296671,0.25296669,1e-05,16.29051399,0.02067772
3610,0.25088315,0.25088315,1e-05,12.62512493,0.02071741
3615,0.24879913,0.24879913,1e-05,3.82506824,0.0207571
3620,0.26691234,0.26691232,1e-05,5.450634,0.02079679
3625,0.27980165,0.27980165,1e-05,4.20380831,0.02083648
3630,0.30103931,0.30103931,1e-05,5.50785065,0.02087616
3635,0.24443841,0.24443841,1e-05,4.31198025,0.02091585
3640,0.27555799,0.27555797,1e-05,3.91987705,0.02095554
3645,0.24809401,0.24809401,1e-05,3.82185864,0.02099523
3650,0.2572845,0.2572845,1e-05,4.04973125,0.02103492
3655,0.28366532,0.28366532,1e-05,4.0077796,0.02107461
3660,0.2983634,0.29836335,1e-05,4.41422129,0.0211143
3665,0.25478969,0.25478966,1e-05,5.49197721,0.02115398
3670,0.22058241,0.22058244,1e-05,3.94234109,0.02119367
3675,0.28772511,0.28772514,1e-05,5.23213243,0.02123336
3680,0.28683343,0.28683341,1e-05,5.80248404,0.02127305
3685,0.20308075,0.20308075,1e-05,4.44708538,0.02131274
3690,0.23441839,0.23441839,1e-05,4.38966751,0.02135243
3695,0.21513066,0.21513066,1e-05,3.31951165,0.02139211
3700,0.2140708,0.2140708,1e-05,3.45947313,0.0214318
3705,0.2393775,0.23937745,1e-05,3.95473552,0.02147149
3710,0.20960226,0.20960226,1e-05,4.01645041,0.02151118
3715,0.26763721,0.26763723,1e-05,4.45382404,0.02155087
3720,0.23250198,0.23250198,1e-05,5.97357464,0.02159056
3725,0.27597222,0.27597222,1e-05,4.19739151,0.02163025
3730,0.23484669,0.23484669,1e-05,3.85925674,0.02166993
3735,0.24817605,0.24817605,1e-05,3.83279133,0.02170962
3740,0.24458551,0.24458551,1e-05,4.73143625,0.02174931
3745,0.2928719,0.2928719,1e-05,4.15328026,0.021789
3750,0.23352065,0.23352065,1e-05,13.82567978,0.02182869
3755,0.24759724,0.24759727,1e-05,5.65763092,0.02186838
3760,0.22880106,0.22880106,1e-05,5.04348516,0.02190807
3765,0.21839483,0.2183948,1e-05,3.73218703,0.02194775
3770,0.26213508,0.26213508,1e-05,3.98409343,0.02198744
3775,0.26307974,0.26307974,1e-05,4.56585503,0.02202713
3780,0.27103286,0.27103286,1e-05,5.19989347,0.02206682
3785,0.22977624,0.22977622,1e-05,6.01298904,0.02210651
3790,0.29279952,0.29279952,1e-05,4.36381245,0.0221462
3795,0.26060848,0.26060848,1e-05,3.76718879,0.02218589
3800,0.21661377,0.21661377,1e-05,5.57976198,0.02222557
3805,0.27014732,0.27014732,1e-05,5.35376692,0.02226526
3810,0.25346522,0.25346522,1e-05,10.24748325,0.02230495
3815,0.24363537,0.24363534,1e-05,5.72481441,0.02234464
3820,0.29193008,0.29149266,1e-05,3.56349206,0.02238433
3825,0.30134196,0.30134196,1e-05,4.31137323,0.02242402
3830,0.2332284,0.2332284,1e-05,4.66640663,0.0224637
3835,0.28958254,0.28958254,1e-05,4.81807804,0.02250339
3840,0.24115868,0.24115865,1e-05,3.39635825,0.02254308
3845,0.24731288,0.24731288,1e-05,3.01083016,0.02258277
3850,0.25059729,0.25059729,1e-05,5.37331724,0.02262246
3855,0.22048013,0.22048013,1e-05,3.61915565,0.02266215
3860,0.274685,0.274685,1e-05,4.77221823,0.02270184
3865,0.22531862,0.22531862,1e-05,3.64176583,0.02274152
3870,0.23212609,0.23212609,1e-05,4.98997164,0.02278121
3875,0.26282492,0.26282492,1e-05,4.39757299,0.0228209
3880,0.28044724,0.28044724,1e-05,4.00440836,0.02286059
3885,0.21977315,0.21977315,1e-05,3.17190313,0.02290028
3890,0.24890246,0.24890246,1e-05,4.54235888,0.02293997
3895,0.25441828,0.25441828,1e-05,9.22486019,0.02297966
3900,0.22727897,0.22727897,1e-05,4.27217436,0.02301934
3905,0.28555846,0.28555846,1e-05,5.89958,0.02305903
3910,0.21756823,0.21756823,1e-05,4.46494961,0.02309872
3915,0.24705975,0.24705975,1e-05,4.50656462,0.02313841
3920,0.29874644,0.29874642,1e-05,4.85600615,0.0231781
3925,0.21420197,0.21420197,1e-05,3.57908416,0.02321779
3930,0.26308453,0.26308453,1e-05,6.84893847,0.02325748
3935,0.23369718,0.23369718,1e-05,6.82615328,0.02329716
3940,0.24389157,0.24389157,1e-05,3.70617414,0.02333685
3945,0.28114746,0.28114748,1e-05,5.35792494,0.02337654
3950,0.26593585,0.26593585,1e-05,4.30581522,0.02341623
3955,0.25806284,0.25806284,1e-05,4.0679965,0.02345592
3960,0.22596588,0.22596588,1e-05,3.94803333,0.02349561
3965,0.20953541,0.20953541,1e-05,3.93740368,0.0235353
3970,0.25939045,0.25939045,1e-05,5.86430025,0.02357498
3975,0.25290983,0.25290985,1e-05,4.1571207,0.02361467
3980,0.24816689,0.24816692,1e-05,6.72569323,0.02365436
3985,0.24142852,0.24142854,1e-05,4.61769629,0.02369405
3990,0.23512959,0.23512955,1e-05,3.53960896,0.02373374
3995,0.2571578,0.2571578,1e-05,4.38738918,0.02377343
4000,0.26906111,0.26906114,1e-05,4.38005877,0.02381311
4005,0.23927999,0.23927996,1e-05,4.86282825,0.0238528
4010,0.2621069,0.2621069,1e-05,3.26845241,0.02389249
4015,0.25331402,0.25331402,1e-05,8.35943413,0.02393218
4020,0.22110543,0.22110546,1e-05,4.55183744,0.02397187
4025,0.26704991,0.26704991,1e-05,4.68200064,0.02401156
4030,0.26600473,0.26600475,1e-05,3.96457124,0.02405125
4035,0.2416573,0.2416573,1e-05,3.43381834,0.02409093
4040,0.22562101,0.22562099,1e-05,5.05103397,0.02413062
4045,0.28496618,0.28496618,1e-05,5.65077209,0.02417031
4050,0.21365023,0.21365025,1e-05,4.39481306,0.02421
4055,0.24714403,0.24714406,1e-05,4.6762991,0.02424969
4060,0.25946512,0.25946512,1e-05,3.81814814,0.02428938
4065,0.25416293,0.25416293,1e-05,3.97237539,0.02432907
4070,0.2457705,0.2457705,1e-05,4.83401871,0.02436875
4075,0.24439108,0.24439108,1e-05,4.85162163,0.02440844
4080,0.2156286,0.2156286,1e-05,3.29713416,0.02444813
4085,0.2449676,0.2449676,1e-05,4.57266712,0.02448782
4090,0.24047112,0.24047108,1e-05,3.03270698,0.02452751
4095,0.19691384,0.19691384,1e-05,3.18133545,0.0245672
4100,0.24854794,0.24854796,1e-05,4.7210021,0.02460689
4105,0.23310237,0.23310239,1e-05,2.73025274,0.02464657
4110,0.22872877,0.22872877,1e-05,2.63635778,0.02468626
4115,0.29015698,0.29015698,1e-05,6.86437225,0.02472595
4120,0.25351524,0.25351522,1e-05,3.06484509,0.02476564
4125,0.23235664,0.23235667,1e-05,4.34236765,0.02480533
4130,0.32789671,0.31821705,1e-05,5.10323763,0.02484502
4135,0.25158429,0.25158429,1e-05,5.21121454,0.0248847
4140,0.29251456,0.29251456,1e-05,3.94696093,0.02492439
4145,0.2845108,0.2845108,1e-05,5.04810476,0.02496408
4150,0.22583513,0.22583513,1e-05,4.37147045,0.02500377
4155,0.25787501,0.25787501,1e-05,4.80251694,0.02504346
4160,0.25949204,0.25949206,1e-05,4.82735538,0.02508315
4165,0.23189397,0.23189397,1e-05,4.28539562,0.02512284
4170,0.23820462,0.23820462,1e-05,4.96417522,0.02516252
4175,0.18957541,0.18957541,1e-05,5.11388016,0.02520221
4180,0.23408513,0.23408511,1e-05,5.06043243,0.0252419
4185,0.23444929,0.23444924,1e-05,3.36503577,0.02528159
4190,0.21314516,0.21314518,1e-05,4.08915091,0.02532128
4195,0.24738517,0.24738517,1e-05,3.84994483,0.02536097
4200,0.28814669,0.28814669,1e-05,7.90209436,0.02540066
4205,0.29850802,0.29850802,1e-05,5.28758335,0.02544034
4210,0.25784817,0.25784817,1e-05,3.48674107,0.02548003
4215,0.25779214,0.25779214,1e-05,3.83738422,0.02551972
4220,0.23259387,0.23259387,1e-05,4.81343651,0.02555941
4225,0.23667095,0.23667095,1e-05,8.74518681,0.0255991
4230,0.24532084,0.24532084,1e-05,4.45953083,0.02563879
4235,0.24665384,0.24665384,1e-05,5.97819853,0.02567848
4240,0.280546,0.280546,1e-05,4.83104753,0.02571816
4245,0.24746368,0.24746368,1e-05,4.77197552,0.02575785
4250,0.24533515,0.24533515,1e-05,4.98101664,0.02579754
4255,0.26169033,0.26169028,1e-05,4.22538042,0.02583723
4260,0.23712895,0.23712893,1e-05,4.49763107,0.02587692
4265,0.23691807,0.23691807,1e-05,5.64861345,0.02591661
4270,0.24159212,0.24159212,1e-05,4.82653284,0.02595629
4275,0.30063336,0.30063338,1e-05,6.61804914,0.02599598
4280,0.20910895,0.20910895,1e-05,2.49965334,0.02603567
4285,0.27041483,0.27041483,1e-05,3.53519869,0.02607536
4290,0.23220844,0.23220844,1e-05,3.13155293,0.02611505
4295,0.21480727,0.21480727,1e-05,6.18594885,0.02615474
4300,0.22514005,0.22514005,1e-05,5.35659122,0.02619443
4305,0.2786267,0.27862673,1e-05,3.89278483,0.02623411
4310,0.26287723,0.26287723,1e-05,4.28069353,0.0262738
4315,0.27160451,0.27160454,1e-05,4.01921988,0.02631349
4320,0.24008689,0.24008691,1e-05,4.3053112,0.02635318
4325,0.20916331,0.20916331,1e-05,4.76779032,0.02639287
4330,0.23326328,0.23326328,1e-05,5.505054,0.02643256
4335,0.25084178,0.25084178,1e-05,4.16641855,0.02647225
4340,0.22387998,0.22387998,1e-05,3.70627642,0.02651193
4345,0.22815704,0.22815704,1e-05,4.39612246,0.02655162
4350,0.20984011,0.20984011,1e-05,3.42829609,0.02659131
4355,0.25980752,0.25980754,1e-05,5.23144722,0.026631
4360,0.24469137,0.24469137,1e-05,4.84680557,0.02667069
4365,0.23725924,0.23725922,1e-05,5.912848,0.02671038
4370,0.19412012,0.19412013,1e-05,4.32348394,0.02675007
4375,0.26642489,0.26642492,1e-05,4.81264114,0.02678975
4380,0.29261799,0.29261799,1e-05,5.20755434,0.02682944
4385,0.28359208,0.28359206,1e-05,45.5255127,0.02686913
4390,0.2578146,0.2578146,1e-05,3.18242741,0.02690882
4395,0.22037039,0.22037036,1e-05,5.05260944,0.02694851
4400,0.25682809,0.25682807,1e-05,4.62616777,0.0269882
4405,0.23664451,0.23664451,1e-05,4.35403013,0.02702789
4410,0.24074745,0.24074745,1e-05,4.512537,0.02706757
4415,0.23072951,0.23072953,1e-05,4.21255827,0.02710726
4420,0.23036051,0.23036051,1e-05,6.51318264,0.02714695
4425,0.29712553,0.29712553,1e-05,5.23340511,0.02718664
4430,0.2471983,0.2471983,1e-05,4.94079447,0.02722633
4435,0.30636342,0.30636342,1e-05,5.60502291,0.02726602
4440,0.26448321,0.26448319,1e-05,5.66744375,0.0273057
4445,0.28507197,0.27589663,1e-05,4.2892046,0.02734539
4450,0.23751826,0.23751826,1e-05,3.52192712,0.02738508
4455,0.25507998,0.25507998,1e-05,4.22707987,0.02742477
4460,0.24327559,0.24327564,1e-05,5.22082376,0.02746446
4465,0.21185086,0.21185088,1e-05,4.08407497,0.02750415
4470,0.22803483,0.22803483,1e-05,4.32050753,0.02754384
4475,0.26294188,0.26294188,1e-05,5.99944878,0.02758352
4480,0.19867907,0.19867909,1e-05,5.01319408,0.02762321
4485,0.27622712,0.27622712,1e-05,5.22611523,0.0276629
4490,0.21567464,0.21567464,1e-05,5.00969124,0.02770259
4495,0.21307776,0.21307774,1e-05,4.05840969,0.02774228
4500,0.25984557,0.25984559,1e-05,5.69340992,0.02778197
4505,0.24302821,0.24302819,1e-05,4.89504719,0.02782166
4510,0.23853288,0.23853283,1e-05,4.15044308,0.02786134
4515,0.26402087,0.26402087,1e-05,5.07961369,0.02790103
4520,0.26655276,0.26655273,1e-05,4.66278744,0.02794072
4525,0.27128801,0.27128799,1e-05,3.63338971,0.02798041
4530,0.24795489,0.24795489,1e-05,2.52364945,0.0280201
4535,0.2977962,0.29779615,1e-05,4.45512295,0.02805979
4540,0.24931149,0.24931149,1e-05,3.70489645,0.02809948
4545,0.29696431,0.29696431,1e-05,6.81780529,0.02813916
4550,0.21697497,0.216975,1e-05,3.28268528,0.02817885
4555,0.25625753,0.25625756,1e-05,3.37100935,0.02821854
4560,0.24807975,0.24807973,1e-05,3.52779675,0.02825823
4565,0.22659626,0.22659624,1e-05,7.49849272,0.02829792
4570,0.25064201,0.25064201,1e-05,5.09472799,0.02833761
4575,0.21706667,0.21706667,1e-05,4.54185343,0.02837729
4580,0.25961204,0.25961204,1e-05,3.82024288,0.02841698
4585,0.23896785,0.23896785,1e-05,4.13483763,0.02845667
4590,0.24787307,0.24787307,1e-05,3.85031557,0.02849636
4595,0.26794965,0.26794963,1e-05,4.35664988,0.02853605
4600,0.20982754,0.20982757,1e-05,3.45463967,0.02857574
4605,0.23960583,0.23960586,1e-05,3.83606815,0.02861543
4610,0.28940558,0.28940556,1e-05,5.08175659,0.02865511
4615,0.24671648,0.24671648,1e-05,4.25244617,0.0286948
4620,0.25310116,0.25310118,1e-05,7.13663626,0.02873449
4625,0.2675137,0.2675137,1e-05,5.18771744,0.02877418
4630,0.20394492,0.20394495,1e-05,4.90325069,0.02881387
4635,0.26361713,0.26361713,1e-05,4.37225723,0.02885356
4640,0.217805,0.217805,1e-05,3.78958464,0.02889325
4645,0.23026013,0.23026013,1e-05,4.27637863,0.02893293
4650,0.27413702,0.27413702,1e-05,4.73644972,0.02897262
4655,0.25565398,0.255654,1e-05,4.2156024,0.02901231
4660,0.23944154,0.23944154,1e-05,10.74996471,0.029052
4665,0.25258117,0.25258119,1e-05,4.22353697,0.02909169
4670,0.23643043,0.23643043,1e-05,6.57787752,0.02913138
4675,0.25492582,0.2549258,1e-05,5.36734724,0.02917107
4680,0.24156299,0.24156299,1e-05,3.704319,0.02921075
4685,0.26103821,0.26103821,1e-05,4.71260929,0.02925044
4690,0.28451328,0.28451328,1e-05,5.55198765,0.02929013
4695,0.26150284,0.26150284,1e-05,5.13505316,0.02932982
4700,0.30263019,0.30263019,1e-05,4.11610746,0.02936951
4705,0.29002059,0.29002056,1e-05,5.29215479,0.0294092
4710,0.28058577,0.28058577,1e-05,4.25775433,0.02944889
4715,0.20498676,0.20498676,1e-05,4.02070379,0.02948857
4720,0.29916124,0.2991612,1e-05,6.43871546,0.02952826
4725,0.25990193,0.25990193,1e-05,4.94253588,0.02956795
4730,0.28749943,0.28749943,1e-05,3.74374652,0.02960764
4735,0.25544109,0.25544105,1e-05,6.09347439,0.02964733
4740,0.23507118,0.23507118,1e-05,3.30862093,0.02968702
4745,0.25840197,0.25840197,1e-05,4.46971273,0.0297267
4750,0.25391195,0.25391197,1e-05,3.84985924,0.02976639
4755,0.26154952,0.25454241,1e-05,3.22610068,0.02980608
4760,0.25721986,0.26013524,1e-05,7.97281694,0.02984577
4765,0.21900117,0.21900115,1e-05,5.48294163,0.02988546
4770,0.26068926,0.26068926,1e-05,2.54724455,0.02992515
4775,0.31469827,0.31469827,1e-05,4.19398069,0.02996484
4780,0.22820745,0.22820745,1e-05,5.5591588,0.03000452
4785,0.20901291,0.20901291,1e-05,3.77615047,0.03004421
4790,0.25827112,0.25827112,1e-05,4.98441076,0.0300839
4795,0.23915172,0.23915174,1e-05,3.51672125,0.03012359
4800,0.24071088,0.24071088,1e-05,7.6881938,0.03016328
4805,0.31247873,0.31247873,1e-05,5.30224562,0.03020297
4810,0.21238735,0.21238735,1e-05,5.00882626,0.03024266
4815,0.23933392,0.23933389,1e-05,4.83166361,0.03028234
4820,0.25302069,0.25302067,1e-05,6.60524607,0.03032203
4825,0.24785304,0.24785304,1e-05,4.83339405,0.03036172
4830,0.26111999,0.26111999,1e-05,3.76553917,0.03040141
4835,0.21001391,0.21001391,1e-05,3.32872891,0.0304411
4840,0.24964757,0.24964757,1e-05,5.34861898,0.03048079
4845,0.26568046,0.2656805,1e-05,4.43052387,0.03052048
4850,0.28138475,0.28138475,1e-05,4.49415922,0.03056016
4855,0.26872783,0.26872783,1e-05,4.49751711,0.03059985
4860,0.30538628,0.3053863,1e-05,5.41613436,0.03063954
4865,0.23470485,0.23470488,1e-05,5.11389351,0.03067923
4870,0.25972915,0.25972917,1e-05,4.04574013,0.03071892
4875,0.24754779,0.24754782,1e-05,4.50811529,0.03075861
4880,0.2935813,0.2935813,1e-05,9.29905987,0.03079829
4885,0.28894901,0.28894901,1e-05,4.75200653,0.03083798
4890,0.24577291,0.24577289,1e-05,5.18989754,0.03087767
4895,0.28338346,0.28338346,1e-05,4.74121857,0.03091736
4900,0.2915801,0.29158013,1e-05,5.07427454,0.03095705
4905,0.26013832,0.26013832,1e-05,3.86513925,0.03099674
4910,0.26437531,0.26437533,1e-05,4.54537535,0.03103643
4915,0.23737149,0.23737149,1e-05,3.26892209,0.03107611
4920,0.25880489,0.25880485,1e-05,4.73469162,0.0311158
4925,0.29284596,0.29284596,1e-05,5.66258717,0.03115549
4930,0.28354554,0.28354554,1e-05,5.64457989,0.03119518
4935,0.28799222,0.28799224,1e-05,5.11931229,0.03123487
4940,0.26766038,0.26766038,1e-05,6.94340324,0.03127456
4945,0.23451743,0.23451743,1e-05,4.49324465,0.03131425
4950,0.2822376,0.28223758,1e-05,4.02090597,0.03135393
4955,0.27621489,0.27621489,1e-05,3.3544457,0.03139362
4960,0.21221018,0.21221015,1e-05,8.18274403,0.03143331
4965,0.22311208,0.22311206,1e-05,4.21563625,0.031473
4970,0.27281218,0.2728122,1e-05,3.48324132,0.03151269
4975,0.26552467,0.26552467,1e-05,4.75996304,0.03155238
4980,0.23055005,0.23055005,1e-05,4.94073343,0.03159207
4985,0.24806013,0.24806013,1e-05,4.35987282,0.03163175
4990,0.23257949,0.23257949,1e-05,5.96010685,0.03167144
4995,0.31095183,0.31095185,1e-05,4.38842487,0.03171113
5000,0.26948352,0.26948352,1e-05,5.20797253,0.03175082
5005,0.27180581,0.27180583,1e-05,4.69023132,0.03179051
5010,0.24549813,0.24549813,1e-05,3.97525978,0.0318302
5015,0.25801218,0.25801218,1e-05,4.1782937,0.03186989
5020,0.25940857,0.25940857,1e-05,5.37904978,0.03190957
5025,0.23285065,0.23285065,1e-05,3.60556197,0.03194926
5030,0.24751964,0.24751964,1e-05,4.44077826,0.03198895
5035,0.28515713,0.28515711,1e-05,5.70093632,0.03202864
5040,0.20786006,0.20786006,1e-05,3.37223029,0.03206833
5045,0.24730158,0.24730158,1e-05,3.67398715,0.03210802
5050,0.26327162,0.26327162,1e-05,4.88881636,0.0321477
5055,0.21846647,0.2184665,1e-05,7.05276823,0.03218739
5060,0.20347466,0.20347466,1e-05,4.46918583,0.03222708
5065,0.25810797,0.25810795,1e-05,4.35415363,0.03226677
5070,0.325982,0.31710815,1e-05,5.07602835,0.03230646
5075,0.28121188,0.2812119,1e-05,3.37512183,0.03234615
5080,0.28932941,0.28932941,1e-05,5.40943241,0.03238584
5085,0.24850109,0.24850109,1e-05,2.90304399,0.03242552
5090,0.24569926,0.24569926,1e-05,2.97512197,0.03246521
5095,0.27913985,0.27913985,1e-05,4.05639267,0.0325049
5100,0.29214935,0.29214935,1e-05,5.65694666,0.03254459
5105,0.22141328,0.2214133,1e-05,4.01395798,0.03258428
5110,0.24647901,0.24647903,1e-05,5.54849243,0.03262397
5115,0.24141412,0.24141414,1e-05,4.96175051,0.03266366
5120,0.24493928,0.24493928,1e-05,3.29387617,0.03270334
5125,0.22878308,0.22878308,1e-05,4.49011993,0.03274303
5130,0.26067805,0.26067803,1e-05,8.1627655,0.03278272
5135,0.20134437,0.20134439,1e-05,4.30944204,0.03282241
5140,0.24939075,0.24939075,1e-05,4.13469791,0.0328621
5145,0.25172305,0.25172305,1e-05,5.28941965,0.03290179
5150,0.27034695,0.27034695,1e-05,4.96470118,0.03294148
5155,0.24436855,0.24436855,1e-05,4.3594389,0.03298116
5160,0.23092294,0.23092294,1e-05,4.2071352,0.03302085
5165,0.21131284,0.21131287,1e-05,3.91531444,0.03306054
5170,0.23194735,0.23194733,1e-05,3.47473645,0.03310023
5175,0.21610212,0.2161021,1e-05,4.55356693,0.03313992
5180,0.21183727,0.21183727,1e-05,3.54685783,0.03317961
5185,0.32150645,0.32150645,1e-05,4.81831646,0.03321929
5190,0.20745769,0.20745771,1e-05,4.53152847,0.03325898
5195,0.24318681,0.24318678,1e-05,3.70331001,0.03329867
5200,0.27914982,0.27914982,1e-05,4.58175516,0.03333836
5205,0.26166725,0.26166725,1e-05,4.08109617,0.03337805
5210,0.20812876,0.20812876,1e-05,5.7068367,0.03341774
5215,0.25124602,0.25124605,1e-05,4.0010891,0.03345743
5220,0.2287204,0.22872043,1e-05,3.12067842,0.03349711
5225,0.22082613,0.2208261,1e-05,4.2503891,0.0335368
5230,0.25657125,0.25657125,1e-05,3.17233896,0.03357649
5235,0.24820981,0.24820979,1e-05,3.2246666,0.03361618
5240,0.24663477,0.24663475,1e-05,8.23846817,0.03365587
5245,0.23782039,0.23782039,1e-05,6.14719439,0.03369556
5250,0.23616877,0.23616877,1e-05,4.04125547,0.03373525
5255,0.21673574,0.21673574,1e-05,3.99952435,0.03377493
5260,0.24601994,0.24601994,1e-05,4.36694002,0.03381462
5265,0.24697528,0.24697526,1e-05,3.1722064,0.03385431
5270,0.25619674,0.25619674,1e-05,3.74362087,0.033894
5275,0.2515039,0.2515039,1e-05,3.92696786,0.03393369
5280,0.27232909,0.27232909,1e-05,3.82384133,0.03397338
5285,0.25547864,0.25547864,1e-05,4.66554976,0.03401307
5290,0.2467792,0.2467792,1e-05,4.02612352,0.03405275
5295,0.23594532,0.23594532,1e-05,3.55156088,0.03409244
5300,0.2108259,0.21082587,1e-05,4.60640335,0.03413213
5305,0.25481646,0.25481646,1e-05,5.73058939,0.03417182
5310,0.2123632,0.2123632,1e-05,4.54684448,0.03421151
5315,0.20968847,0.20968847,1e-05,3.6254251,0.0342512
5320,0.25633616,0.25633616,1e-05,5.50050402,0.03429089
5325,0.28327007,0.28327007,1e-05,4.64402199,0.03433057
5330,0.24858379,0.24858379,1e-05,7.2401824,0.03437026
5335,0.23136511,0.23136511,1e-05,4.40158224,0.03440995
5340,0.22897,0.22897,1e-05,4.1652503,0.03444964
5345,0.22350454,0.22350452,1e-05,4.06337357,0.03448933
5350,0.26402011,0.26402011,1e-05,4.55567312,0.03452902
5355,0.26366515,0.26366518,1e-05,3.27871847,0.0345687
5360,0.2469192,0.2469192,1e-05,8.74756622,0.03460839
5365,0.26521344,0.26521349,1e-05,4.5612545,0.03464808
5370,0.25259156,0.25259154,1e-05,4.60752726,0.03468777
5375,0.23568313,0.23568316,1e-05,3.98569036,0.03472746
5380,0.24087439,0.24087439,1e-05,9.24668312,0.03476715
5385,0.26983848,0.26998645,1e-05,5.14986992,0.03480684
5390,0.24059176,0.24059176,1e-05,4.4676671,0.03484652
5395,0.22046223,0.2204622,1e-05,3.60772252,0.03488621
5400,0.21219912,0.21219912,1e-05,2.87429428,0.0349259
5405,0.27079563,0.27079563,1e-05,6.38308334,0.03496559
5410,0.22276764,0.22276764,1e-05,12.46198273,0.03500528
5415,0.23918188,0.23918185,1e-05,6.08066559,0.03504497
5420,0.23510468,0.23510468,1e-05,15.11052036,0.03508466
5425,0.25296233,0.25296235,1e-05,3.79150605,0.03512434
5430,0.26858387,0.26858387,1e-05,4.00071812,0.03516403
5435,0.23267822,0.23267822,1e-05,5.28564739,0.03520372
5440,0.2932472,0.2932472,1e-05,8.94251728,0.03524341
5445,0.28191533,0.28191533,1e-05,3.60140419,0.0352831
5450,0.28061976,0.28061974,1e-05,6.1511445,0.03532279
5455,0.24608741,0.24608741,1e-05,5.539186,0.03536248
5460,0.23285446,0.23285446,1e-05,3.86462188,0.03540216
5465,0.25299604,0.25299604,1e-05,7.12379074,0.03544185
5470,0.28484042,0.28484044,1e-05,10.14453697,0.03548154
5475,0.23480172,0.23480172,1e-05,5.45296574,0.03552123
5480,0.24779997,0.24779999,1e-05,5.45042515,0.03556092
5485,0.26854467,0.2685447,1e-05,4.22519541,0.03560061
5490,0.26877527,0.26877527,1e-05,6.06792355,0.03564029
5495,0.24094622,0.24094625,1e-05,5.83863926,0.03567998
5500,0.29077854,0.29077854,1e-05,3.85921884,0.03571967
5505,0.244594,0.24459395,1e-05,4.29813099,0.03575936
5510,0.24053254,0.24053254,1e-05,4.13756037,0.03579905
5515,0.25728507,0.25728507,1e-05,4.23584318,0.03583874
5520,0.25815921,0.25815921,1e-05,4.4615078,0.03587843
5525,0.29753828,0.29753826,1e-05,5.36871099,0.03591811
5530,0.21707792,0.21707792,1e-05,4.10726881,0.0359578
5535,0.22144752,0.22144752,1e-05,4.64277029,0.03599749
5540,0.21721869,0.21721866,1e-05,3.98122215,0.03603718
5545,0.2599824,0.25998242,1e-05,4.13911676,0.03607687
5550,0.23547597,0.23547599,1e-05,3.05481911,0.03611656
5555,0.23869309,0.23869309,1e-05,3.20906115,0.03615625
5560,0.28990898,0.28990898,1e-05,4.77931213,0.03619593
5565,0.25558977,0.25558972,1e-05,4.3809557,0.03623562
5570,0.23589714,0.23589714,1e-05,5.06645775,0.03627531
5575,0.20809312,0.20809312,1e-05,5.70239401,0.036315
5580,0.24739451,0.24739451,1e-05,4.5567193,0.03635469
5585,0.22538118,0.22538123,1e-05,3.9123795,0.03639438
5590,0.24840541,0.24840541,1e-05,5.17871284,0.03643407
5595,0.2421308,0.2421308,1e-05,3.43839312,0.03647375
5600,0.24992614,0.24992614,1e-05,3.76148701,0.03651344
5605,0.25941277,0.25941277,1e-05,5.00297117,0.03655313
5610,0.23468287,0.23468289,1e-05,4.70333815,0.03659282
5615,0.2354404,0.2354404,1e-05,5.04108477,0.03663251
5620,0.24406796,0.24406796,1e-05,5.63168955,0.0366722
5625,0.23994026,0.23994026,1e-05,3.5711484,0.03671189
5630,0.26509004,0.26509006,1e-05,4.12070751,0.03675157
5635,0.23870032,0.23870032,1e-05,4.8985796,0.03679126
5640,0.23509386,0.23509388,1e-05,5.52207708,0.03683095
5645,0.27409496,0.27409496,1e-05,4.94083357,0.03687064
5650,0.2557662,0.2557662,1e-05,4.56894588,0.03691033
5655,0.26833401,0.26833405,1e-05,5.92292213,0.03695002
5660,0.23062105,0.23062105,1e-05,5.00832367,0.0369897
5665,0.22682433,0.22682433,1e-05,3.47861791,0.03702939
5670,0.23961732,0.23961732,1e-05,4.89291716,0.03706908
5675,0.24193778,0.2419378,1e-05,3.99509382,0.03710877
5680,0.23560603,0.235606,1e-05,4.62291241,0.03714846
5685,0.25281379,0.25281382,1e-05,4.28596163,0.03718815
5690,0.24364266,0.24364266,1e-05,3.8819325,0.03722784
5695,0.28224959,0.26970341,1e-05,5.35517597,0.03726752
5700,0.21387177,0.21387177,1e-05,4.44844818,0.03730721
5705,0.21203785,0.21203785,1e-05,4.90511894,0.0373469
5710,0.24152253,0.2415225,1e-05,4.61681509,0.03738659
5715,0.30152698,0.30152702,1e-05,5.03737688,0.03742628
5720,0.24868863,0.24868865,1e-05,4.6991539,0.03746597
5725,0.25526309,0.25526309,1e-05,4.2816925,0.03750566
5730,0.27396049,0.27396049,1e-05,4.9884057,0.03754534
5735,0.25116119,0.25116124,1e-05,8.59542942,0.03758503
5740,0.24253149,0.24253147,1e-05,3.71298361,0.03762472
5745,0.32070014,0.32070017,1e-05,6.07035446,0.03766441
5750,0.27057114,0.27057114,1e-05,5.72956228,0.0377041
5755,0.2683814,0.2683814,1e-05,3.40628338,0.03774379
5760,0.20004458,0.20004454,1e-05,3.67334151,0.03778348
5765,0.27718625,0.27718623,1e-05,4.3561554,0.03782316
5770,0.26162131,0.26162131,1e-05,5.92539835,0.03786285
5775,0.20225191,0.20225189,1e-05,2.51301789,0.03790254
5780,0.25136247,0.25136247,1e-05,6.48457384,0.03794223
5785,0.23988135,0.23988137,1e-05,4.66560268,0.03798192
5790,0.29464922,0.29464922,1e-05,3.49070859,0.03802161
5795,0.22099271,0.22099271,1e-05,5.02133131,0.03806129
5800,0.25298181,0.25298181,1e-05,4.05084705,0.03810098
5805,0.2886349,0.28863487,1e-05,4.08928156,0.03814067
5810,0.25477102,0.25477104,1e-05,4.49858761,0.03818036
5815,0.22938814,0.22938814,1e-05,3.84643388,0.03822005
5820,0.25465682,0.25465679,1e-05,6.11127281,0.03825974
5825,0.21254573,0.21254573,1e-05,4.01708603,0.03829943
5830,0.23053546,0.23053546,1e-05,4.03977633,0.03833911
5835,0.2307092,0.23070922,1e-05,6.76194954,0.0383788
5840,0.26608908,0.26608908,1e-05,4.87061882,0.03841849
5845,0.25989623,0.25989623,1e-05,3.83751965,0.03845818
5850,0.25046806,0.25046809,1e-05,4.52353668,0.03849787
5855,0.20170214,0.20170214,1e-05,3.49433494,0.03853756
5860,0.25079064,0.25079064,1e-05,4.17985344,0.03857725
5865,0.25181513,0.25181513,1e-05,3.923985,0.03861693
5870,0.23746862,0.23746865,1e-05,4.70968723,0.03865662
5875,0.23612306,0.23612309,1e-05,4.18824768,0.03869631
5880,0.25894132,0.25894132,1e-05,4.25093555,0.038736
5885,0.24668639,0.24668641,1e-05,6.54598045,0.03877569
5890,0.27221351,0.27221351,1e-05,3.54396653,0.03881538
5895,0.30064964,0.30064964,1e-05,4.07839394,0.03885507
5900,0.23317735,0.23317738,1e-05,5.11419296,0.03889475
5905,0.24291954,0.24291956,1e-05,4.42506218,0.03893444
5910,0.3018019,0.3018019,1e-05,6.44676065,0.03897413
5915,0.20282259,0.20282259,1e-05,3.16647863,0.03901382
5920,0.25224204,0.25224204,1e-05,3.4449811,0.03905351
5925,0.22570932,0.22570934,1e-05,4.44381618,0.0390932
5930,0.31699638,0.31699638,1e-05,6.83490133,0.03913289
5935,0.2855494,0.28554943,1e-05,4.07908487,0.03917257
5940,0.24811821,0.24811821,1e-05,4.74580336,0.03921226
5945,0.26048634,0.26048636,1e-05,3.98891234,0.03925195
5950,0.33108037,0.33108034,1e-05,3.41205573,0.03929164
5955,0.26849575,0.26849575,1e-05,6.39997244,0.03933133
5960,0.26930509,0.26930509,1e-05,4.91572571,0.03937102
5965,0.22117584,0.22117581,1e-05,3.61876869,0.0394107
5970,0.23577332,0.23577332,1e-05,3.72426224,0.03945039
5975,0.26588039,0.26588039,1e-05,5.55621147,0.03949008
5980,0.22759066,0.22759066,1e-05,5.29125643,0.03952977
5985,0.2578372,0.2578372,1e-05,3.95930958,0.03956946
5990,0.26433053,0.26433053,1e-05,4.99754906,0.03960915
5995,0.2376677,0.23766775,1e-05,4.20340157,0.03964884
6000,0.21876044,0.21876042,1e-05,3.8405683,0.03968852
6005,0.27233515,0.2723351,1e-05,4.97191143,0.03972821
6010,0.32202301,0.31109903,1e-05,4.61606693,0.0397679
6015,0.27943814,0.27943811,1e-05,4.78250694,0.03980759
6020,0.21781464,0.21781464,1e-05,5.53136539,0.03984728
6025,0.22687602,0.22687602,1e-05,4.37616348,0.03988697
6030,0.29448447,0.29448447,1e-05,4.14212704,0.03992666
6035,0.29546814,0.29546814,1e-05,3.12817335,0.03996634
6040,0.2853929,0.2853929,1e-05,5.38706875,0.04000603
6045,0.30249999,0.30250001,1e-05,4.19960117,0.04004572
6050,0.21457057,0.21457057,1e-05,3.13457918,0.04008541
6055,0.24307885,0.24307885,1e-05,3.42723846,0.0401251
6060,0.22889988,0.22889991,1e-05,3.85011244,0.04016479
6065,0.24824162,0.24824162,1e-05,4.56829786,0.04020448
6070,0.22610183,0.22610183,1e-05,5.37013865,0.04024416
6075,0.24494131,0.24494131,1e-05,4.69732046,0.04028385
6080,0.1916007,0.1916007,1e-05,4.28625059,0.04032354
6085,0.28098366,0.28098369,1e-05,4.74155092,0.04036323
6090,0.26816833,0.26816833,1e-05,4.59976244,0.04040292
6095,0.21385605,0.21385605,1e-05,3.46585798,0.04044261
6100,0.23812785,0.23812785,1e-05,3.47796655,0.04048229
6105,0.21923165,0.21923165,1e-05,4.10169077,0.04052198
6110,0.2829349,0.2829349,1e-05,2.42296576,0.04056167
6115,0.20958524,0.20958524,1e-05,4.02235699,0.04060136
6120,0.26107712,0.26107712,1e-05,3.28852773,0.04064105
6125,0.22774599,0.22774599,1e-05,4.7846036,0.04068074
6130,0.30949423,0.30949423,1e-05,4.35986233,0.04072043
6135,0.25322657,0.25322659,1e-05,5.30340815,0.04076011
6140,0.25105901,0.25105901,1e-05,5.49066401,0.0407998
6145,0.26984172,0.26984172,1e-05,5.37132502,0.04083949
6150,0.23942852,0.23942852,1e-05,3.96949005,0.04087918
6155,0.25610538,0.2561054,1e-05,3.87407231,0.04091887
6160,0.28737531,0.28737528,1e-05,7.38328266,0.04095856
6165,0.22498341,0.22498341,1e-05,4.95895338,0.04099825
6170,0.23136659,0.23136659,1e-05,3.59642768,0.04103793
6175,0.25494094,0.25494092,1e-05,3.51721263,0.04107762
6180,0.23956823,0.23956823,1e-05,8.26233101,0.04111731
6185,0.23637774,0.23637774,1e-05,3.13633537,0.041157
6190,0.24053125,0.24053125,1e-05,4.45549679,0.04119669
6195,0.24558439,0.24558439,1e-05,3.856498,0.04123638
6200,0.27694194,0.27694197,1e-05,3.51082087,0.04127607
6205,0.28453517,0.28453517,1e-05,5.40534449,0.04131575
6210,0.23606415,0.23606415,1e-05,4.18540955,0.04135544
6215,0.30221763,0.30221763,1e-05,5.78660011,0.04139513
6220,0.22244031,0.22244031,1e-05,3.4995935,0.04143482
6225,0.22736411,0.22736411,1e-05,5.06178665,0.04147451
6230,0.27717104,0.27717104,1e-05,8.05682755,0.0415142
6235,0.2260505,0.2260505,1e-05,4.29284763,0.04155389
6240,0.2532382,0.2532382,1e-05,3.80737543,0.04159357
6245,0.22045703,0.22045703,1e-05,4.95650291,0.04163326
6250,0.23532012,0.23532009,1e-05,3.29363775,0.04167295
6255,0.25494151,0.25494149,1e-05,3.28070736,0.04171264
6260,0.23210559,0.23210561,1e-05,5.49013567,0.04175233
6265,0.20526133,0.20526133,1e-05,3.18286252,0.04179202
6270,0.29556599,0.29556596,1e-05,3.99696183,0.0418317
6275,0.23060083,0.23060083,1e-05,7.52601957,0.04187139
6280,0.22811947,0.22811947,1e-05,4.76912117,0.04191108
6285,0.22614684,0.22614686,1e-05,3.25402141,0.04195077
6290,0.21481385,0.21481385,1e-05,4.48267555,0.04199046
6295,0.24582629,0.24582629,1e-05,3.93413544,0.04203015
6300,0.28347321,0.28347321,1e-05,7.75660038,0.04206984
6305,0.28502805,0.28502808,1e-05,4.73412037,0.04210952
6310,0.21426592,0.21426592,1e-05,3.61032677,0.04214921
6315,0.26228271,0.26228268,1e-05,4.95194578,0.0421889
6320,0.27487559,0.26661207,1e-05,1.93105853,0.04222859
6325,0.27359502,0.2737124,1e-05,5.25811338,0.04226828
6330,0.21042848,0.21042848,1e-05,3.57419467,0.04230797
6335,0.21793888,0.21793888,1e-05,3.49897456,0.04234766
6340,0.24990931,0.24990931,1e-05,5.12864685,0.04238734
6345,0.25890989,0.25890985,1e-05,3.74809074,0.04242703
6350,0.24096029,0.24096026,1e-05,3.82857943,0.04246672
6355,0.25716434,0.25716431,1e-05,4.09983492,0.04250641
6360,0.24997201,0.24997201,1e-05,5.26385307,0.0425461
6365,0.22209158,0.22209153,1e-05,3.24494886,0.04258579
6370,0.2737628,0.2737628,1e-05,5.38495064,0.04262548
6375,0.24298944,0.24298944,1e-05,5.14919281,0.04266516
6380,0.30439897,0.30439892,1e-05,6.37584448,0.04270485
6385,0.26043875,0.26043873,1e-05,4.19485617,0.04274454
6390,0.26224661,0.26224661,1e-05,3.90503812,0.04278423
6395,0.25214438,0.25214438,1e-05,4.39309549,0.04282392
6400,0.23904684,0.23904684,1e-05,3.69752049,0.04286361
6405,0.26916561,0.26916561,1e-05,5.57447243,0.04290329
6410,0.23469105,0.23469105,1e-05,5.42313385,0.04294298
6415,0.22997942,0.2299794,1e-05,4.40887976,0.04298267
6420,0.26594586,0.26594586,1e-05,5.70105028,0.04302236
6425,0.26518826,0.26518826,1e-05,4.83118153,0.04306205
6430,0.24009161,0.24009161,1e-05,4.40064764,0.04310174
6435,0.2795877,0.2795877,1e-05,4.88073063,0.04314143
6440,0.26340361,0.26340363,1e-05,5.0490942,0.04318111
6445,0.24199135,0.24199135,1e-05,4.88306522,0.0432208
6450,0.20156689,0.20156693,1e-05,3.21480942,0.04326049
6455,0.28815143,0.28815141,1e-05,8.87876701,0.04330018
6460,0.23884597,0.23884592,1e-05,3.58134604,0.04333987
6465,0.26379471,0.26379471,1e-05,4.73040628,0.04337956
6470,0.23728302,0.23728302,1e-05,3.67724109,0.04341925
6475,0.25281022,0.25281022,1e-05,6.05558348,0.04345893
6480,0.24653785,0.24653788,1e-05,5.85474825,0.04349862
6485,0.23690901,0.23690903,1e-05,4.47184086,0.04353831
6490,0.22974298,0.229743,1e-05,4.14039278,0.043578
6495,0.23595276,0.23595276,1e-05,3.64431214,0.04361769
6500,0.27525125,0.27525127,1e-05,4.67151928,0.04365738
6505,0.27838416,0.27838416,1e-05,4.31505919,0.04369707
6510,0.25969362,0.25969362,1e-05,5.16029119,0.04373675
6515,0.22649527,0.22649527,1e-05,3.29681945,0.04377644
6520,0.29400897,0.29400897,1e-05,5.31720734,0.04381613
6525,0.2524065,0.2524065,1e-05,4.96940041,0.04385582
6530,0.28282223,0.28282225,1e-05,7.6812253,0.04389551
6535,0.25411634,0.25411634,1e-05,4.24225378,0.0439352
6540,0.24885726,0.24885726,1e-05,6.11353302,0.04397489
6545,0.27504978,0.27504978,1e-05,6.2112112,0.04401457
6550,0.28010907,0.28010907,1e-05,6.15610933,0.04405426
6555,0.26583889,0.26583886,1e-05,5.52103281,0.04409395
6560,0.25411553,0.25411553,1e-05,5.26524591,0.04413364
6565,0.28112347,0.28112345,1e-05,5.55811405,0.04417333
6570,0.27077799,0.27077799,1e-05,4.56932449,0.04421302
6575,0.255913,0.255913,1e-05,3.90599084,0.0442527
6580,0.27941103,0.27941108,1e-05,4.77411222,0.04429239
6585,0.27191768,0.27191765,1e-05,3.98045588,0.04433208
6590,0.25081544,0.25081544,1e-05,3.64089394,0.04437177
6595,0.28502178,0.28502178,1e-05,7.80644178,0.04441146
6600,0.23128605,0.2312861,1e-05,3.09464955,0.04445115
6605,0.26144576,0.26144574,1e-05,4.42005873,0.04449084
6610,0.2698957,0.2698957,1e-05,5.26970148,0.04453052
6615,0.24047842,0.24047842,1e-05,5.52255869,0.04457021
6620,0.25085874,0.25085874,1e-05,5.42021513,0.0446099
6625,0.26249504,0.26249504,1e-05,3.66451335,0.04464959
6630,0.28353834,0.28353834,1e-05,4.44547653,0.04468928
6635,0.28740687,0.28371115,1e-05,5.19135189,0.04472897
6640,0.25326252,0.25326252,1e-05,4.85809517,0.04476866
6645,0.20907125,0.20907125,1e-05,4.94562912,0.04480834
6650,0.244909,0.244909,1e-05,4.40948009,0.04484803
6655,0.26903253,0.2690325,1e-05,6.28848648,0.04488772
6660,0.28833134,0.28833132,1e-05,6.13503933,0.04492741
6665,0.24055185,0.24055188,1e-05,3.67599201,0.0449671
6670,0.23995414,0.23995414,1e-05,3.6767509,0.04500679
6675,0.24322834,0.24322834,1e-05,4.90979481,0.04504648
6680,0.24902017,0.24902015,1e-05,6.4170723,0.04508616
6685,0.26152608,0.26152608,1e-05,5.05386496,0.04512585
6690,0.2493418,0.24934177,1e-05,3.1603992,0.04516554
6695,0.26833444,0.26833444,1e-05,5.79572439,0.04520523
6700,0.26875892,0.26875892,1e-05,4.20837307,0.04524492
6705,0.30002074,0.30002069,1e-05,4.81660509,0.04528461
6710,0.18544334,0.18544335,1e-05,3.35676146,0.04532429
6715,0.24619837,0.24619837,1e-05,7.25917435,0.04536398
6720,0.23623815,0.23623815,1e-05,4.2038722,0.04540367
6725,0.23698668,0.23698668,1e-05,3.58164263,0.04544336
6730,0.26550148,0.26550145,1e-05,8.38452625,0.04548305
6735,0.2239212,0.2239212,1e-05,3.82334304,0.04552274
6740,0.25865116,0.25865116,1e-05,5.08771229,0.04556243
6745,0.26702919,0.26702919,1e-05,6.96845913,0.04560211
6750,0.28574495,0.28574495,1e-05,4.58738518,0.0456418
6755,0.22868502,0.22868505,1e-05,4.04330015,0.04568149
6760,0.25743089,0.25743089,1e-05,4.49632072,0.04572118
6765,0.21520882,0.21520882,1e-05,3.34278631,0.04576087
6770,0.24314232,0.24314232,1e-05,4.80866098,0.04580056
6775,0.24652388,0.24652388,1e-05,4.23123693,0.04584025
6780,0.25612402,0.25612402,1e-05,5.52281952,0.04587993
6785,0.28893938,0.28893936,1e-05,6.27787447,0.04591962
6790,0.2850008,0.28500078,1e-05,5.19661903,0.04595931
6795,0.28687289,0.28687291,1e-05,6.48894453,0.045999
6800,0.27169242,0.2716924,1e-05,4.32505703,0.04603869
6805,0.22369199,0.22369199,1e-05,5.10152817,0.04607838
6810,0.22409816,0.22409816,1e-05,4.96436691,0.04611807
6815,0.25416193,0.25416193,1e-05,4.47282887,0.04615775
6820,0.25459194,0.25459199,1e-05,4.06212854,0.04619744
6825,0.29151657,0.29151654,1e-05,4.09573507,0.04623713
6830,0.24298894,0.24298897,1e-05,5.4102025,0.04627682
6835,0.30204501,0.30204499,1e-05,4.69528532,0.04631651
6840,0.24746089,0.24746091,1e-05,3.87322307,0.0463562
6845,0.31858869,0.31858869,1e-05,5.81671429,0.04639589
6850,0.22847347,0.22847347,1e-05,4.29678392,0.04643557
6855,0.22830257,0.22830253,1e-05,4.35877562,0.04647526
6860,0.2483489,0.2483489,1e-05,4.44614029,0.04651495
6865,0.26537294,0.26537294,1e-05,6.12243891,0.04655464
6870,0.27160811,0.27160809,1e-05,4.22038698,0.04659433
6875,0.23860672,0.23860674,1e-05,4.13851357,0.04663402
6880,0.24827867,0.24827864,1e-05,3.56734467,0.0466737
6885,0.26825981,0.26825976,1e-05,3.79362416,0.04671339
6890,0.21409643,0.2140964,1e-05,4.52466393,0.04675308
6895,0.23963666,0.23963666,1e-05,4.10689306,0.04679277
6900,0.24098604,0.24098604,1e-05,5.02973509,0.04683246
6905,0.2954911,0.29549112,1e-05,5.67424583,0.04687215
6910,0.23659945,0.23659945,1e-05,4.75127029,0.04691184
6915,0.27801924,0.27801924,1e-05,5.27243042,0.04695152
6920,0.26138072,0.26138074,1e-05,5.20807791,0.04699121
6925,0.29016628,0.29016628,1e-05,4.14985418,0.0470309
6930,0.29159698,0.29159698,1e-05,5.01021338,0.04707059
6935,0.24845471,0.24845471,1e-05,5.01422501,0.04711028
6940,0.1916868,0.19168682,1e-05,3.01182818,0.04714997
6945,0.23030987,0.23030987,1e-05,6.64972973,0.04718966
6950,0.29496722,0.29253573,1e-05,4.57753611,0.04722934
6955,0.27030735,0.27030735,1e-05,4.39825821,0.04726903
6960,0.26914911,0.26914911,1e-05,4.21758604,0.04730872
6965,0.24663007,0.24663007,1e-05,5.21862459,0.04734841
6970,0.24600105,0.24600103,1e-05,4.2950902,0.0473881
6975,0.25731988,0.25731988,1e-05,4.44947386,0.04742779
6980,0.23788123,0.23788123,1e-05,4.22136641,0.04746748
6985,0.23039577,0.23039577,1e-05,3.32461548,0.04750716
6990,0.24644129,0.24644129,1e-05,5.79454708,0.04754685
6995,0.21906605,0.21906605,1e-05,3.71754122,0.04758654
7000,0.20004745,0.20004745,1e-05,4.20984173,0.04762623
7005,0.26262102,0.26262102,1e-05,4.14765215,0.04766592
7010,0.227353,0.22735302,1e-05,5.17982483,0.04770561
7015,0.23244443,0.23244443,1e-05,3.14587307,0.04774529
7020,0.23148236,0.23148236,1e-05,5.51273012,0.04778498
7025,0.28314242,0.28314242,1e-05,3.74865222,0.04782467
7030,0.24668522,0.24668522,1e-05,5.82831335,0.04786436
7035,0.26171575,0.26171572,1e-05,3.21165681,0.04790405
7040,0.25413716,0.25413718,1e-05,4.98600054,0.04794374
7045,0.23653808,0.23653805,1e-05,5.65268183,0.04798343
7050,0.271698,0.271698,1e-05,5.37861586,0.04802311
7055,0.27362843,0.27362843,1e-05,4.03204155,0.0480628
7060,0.21980979,0.21980979,1e-05,4.41350937,0.04810249
7065,0.25675769,0.25675769,1e-05,8.83061504,0.04814218
7070,0.21825142,0.21825142,1e-05,4.32846212,0.04818187
7075,0.21812,0.21812,1e-05,4.98258686,0.04822156
7080,0.24086366,0.24086366,1e-05,4.88236523,0.04826125
7085,0.23807666,0.23807666,1e-05,2.66763639,0.04830093
7090,0.2962255,0.2962255,1e-05,4.83552837,0.04834062
7095,0.27745519,0.27745519,1e-05,4.76928711,0.04838031
7100,0.23512383,0.23512383,1e-05,3.36486292,0.04842
7105,0.23570795,0.23570795,1e-05,3.53086734,0.04845969
7110,0.25864186,0.25864186,1e-05,3.91672635,0.04849938
7115,0.2423075,0.2423075,1e-05,4.35114765,0.04853907
7120,0.25509572,0.25509572,1e-05,3.42831564,0.04857875
7125,0.2379848,0.2379848,1e-05,3.93217969,0.04861844
7130,0.25792174,0.25792174,1e-05,3.70763302,0.04865813
7135,0.22761614,0.22761617,1e-05,3.07493734,0.04869782
7140,0.26670494,0.26670496,1e-05,8.11593151,0.04873751
7145,0.23993063,0.23993063,1e-05,3.40316343,0.0487772
7150,0.22442513,0.22442513,1e-05,3.83586311,0.04881689
7155,0.25199804,0.25199804,1e-05,3.86329055,0.04885657
7160,0.23775706,0.23775704,1e-05,6.05282354,0.04889626
7165,0.22955344,0.22955346,1e-05,4.83186674,0.04893595
7170,0.22322781,0.22322783,1e-05,3.76563144,0.04897564
7175,0.25854657,0.25854659,1e-05,3.63944244,0.04901533
7180,0.24284165,0.24284167,1e-05,4.24564075,0.04905502
7185,0.25045981,0.25045986,1e-05,2.93421221,0.0490947
7190,0.2548286,0.2548286,1e-05,4.15605736,0.04913439
7195,0.25999188,0.25999188,1e-05,7.35011196,0.04917408
7200,0.25673583,0.25673583,1e-05,5.55690002,0.04921377
7205,0.23253446,0.23253446,1e-05,3.86203003,0.04925346
7210,0.28626299,0.28626299,1e-05,6.80844355,0.04929315
7215,0.28550925,0.2855092,1e-05,4.71519327,0.04933284
7220,0.22710292,0.22710295,1e-05,4.48265553,0.04937252
7225,0.25201139,0.25201139,1e-05,6.03648663,0.04941221
7230,0.25263391,0.25263391,1e-05,3.22186899,0.0494519
7235,0.25487828,0.25487828,1e-05,4.12925625,0.04949159
7240,0.24863515,0.2486352,1e-05,4.78719282,0.04953128
7245,0.27197762,0.27197762,1e-05,3.64128065,0.04957097
7250,0.26348724,0.26348724,1e-05,3.94908333,0.04961066
7255,0.24908061,0.24908061,1e-05,3.77708888,0.04965034
7260,0.31614003,0.31054575,1e-05,2.55562115,0.04969003
7265,0.26569848,0.26569848,1e-05,5.26452541,0.04972972
7270,0.26735363,0.26735358,1e-05,5.46212292,0.04976941
7275,0.24538314,0.24538312,1e-05,3.38669991,0.0498091
7280,0.30522032,0.30522027,1e-05,5.31378984,0.04984879
7285,0.21244688,0.21244688,1e-05,5.03800726,0.04988848
7290,0.2323245,0.2323245,1e-05,3.59352303,0.04992816
7295,0.19187856,0.19187858,1e-05,3.38513517,0.04996785
7300,0.25638092,0.25638092,1e-05,3.94520307,0.05000754
7305,0.25995865,0.25995867,1e-05,5.59357452,0.05004723
7310,0.20258529,0.20258532,1e-05,4.25338936,0.05008692
7315,0.23119397,0.23119395,1e-05,4.68298149,0.05012661
7320,0.27254174,0.27254174,1e-05,4.67485905,0.05016629
7325,0.19978011,0.19978011,1e-05,3.24699664,0.05020598
7330,0.26425724,0.26425724,1e-05,3.44802594,0.05024567
7335,0.25650067,0.25650067,1e-05,5.29337406,0.05028536
7340,0.27137294,0.27137294,1e-05,4.08705521,0.05032505
7345,0.26756411,0.26756408,1e-05,4.66154337,0.05036474
7350,0.24352269,0.24352269,1e-05,3.97044182,0.05040443
7355,0.21895511,0.21895509,1e-05,4.84526873,0.05044411
7360,0.18279704,0.18279704,1e-05,4.49259043,0.0504838
7365,0.21892664,0.21892664,1e-05,5.978158,0.05052349
7370,0.24275692,0.24275689,1e-05,4.69805717,0.05056318
7375,0.26004462,0.26004462,1e-05,7.93192816,0.05060287
7380,0.33674455,0.33674452,1e-05,9.56464481,0.05064256
7385,0.2875695,0.28756952,1e-05,6.12726641,0.05068225
7390,0.24694877,0.24694877,1e-05,4.4368639,0.05072193
7395,0.25478041,0.25478041,1e-05,5.7028656,0.05076162
7400,0.29887054,0.29887052,1e-05,5.58395386,0.05080131
7405,0.24810266,0.24810266,1e-05,5.24734831,0.050841
7410,0.25202234,0.25202231,1e-05,3.69789982,0.05088069
7415,0.28416264,0.28416262,1e-05,5.82983875,0.05092038
7420,0.28901846,0.28901849,1e-05,10.43672943,0.05096007
7425,0.25237904,0.25237899,1e-05,4.11871672,0.05099975
7430,0.24130425,0.24130425,1e-05,4.16698313,0.05103944
7435,0.21841028,0.21841025,1e-05,3.60709071,0.05107913
7440,0.24077291,0.24077291,1e-05,5.29519796,0.05111882
7445,0.29341583,0.29341581,1e-05,5.29427481,0.05115851
7450,0.29151874,0.29151874,1e-05,4.76494169,0.0511982
7455,0.24588847,0.24588845,1e-05,4.72683954,0.05123789
7460,0.254562,0.25456195,1e-05,2.73546338,0.05127757
7465,0.2394438,0.2394438,1e-05,3.61929727,0.05131726
7470,0.2648344,0.2648344,1e-05,3.18292093,0.05135695
7475,0.24541326,0.24541326,1e-05,3.93535852,0.05139664
7480,0.26688051,0.26688049,1e-05,5.70825338,0.05143633
7485,0.2993638,0.2993638,1e-05,5.73486948,0.05147602
7490,0.25271881,0.25271881,1e-05,3.97009873,0.0515157
7495,0.30288341,0.30288339,1e-05,3.45901251,0.05155539
7500,0.25234632,0.25234632,1e-05,4.65205336,0.05159508
7505,0.2663651,0.2663651,1e-05,3.80858421,0.05163477
7510,0.23112288,0.23112288,1e-05,4.1433835,0.05167446
7515,0.25717645,0.25717642,1e-05,3.56904769,0.05171415
7520,0.23447843,0.23447843,1e-05,4.22723675,0.05175384
7525,0.23697324,0.23697324,1e-05,5.47477579,0.05179352
7530,0.24626715,0.24626715,1e-05,4.8816638,0.05183321
7535,0.2531075,0.2531075,1e-05,4.88343906,0.0518729
7540,0.21285505,0.21285505,1e-05,4.51362371,0.05191259
7545,0.23405824,0.23405824,1e-05,4.17949963,0.05195228
7550,0.24648366,0.24648364,1e-05,4.52549505,0.05199197
7555,0.24783993,0.24783993,1e-05,3.45149994,0.05203166
7560,0.23048334,0.23048334,1e-05,3.96958494,0.05207134
7565,0.2915349,0.2915349,1e-05,3.32390046,0.05211103
7570,0.25477943,0.25477943,1e-05,5.95501757,0.05215072
7575,0.3230041,0.30708487,1e-05,4.04738092,0.05219041
7580,0.25818939,0.25818939,1e-05,15.64112091,0.0522301
7585,0.26401374,0.26401374,1e-05,4.43022633,0.05226979
7590,0.24727373,0.24727371,1e-05,3.60806179,0.05230948
7595,0.24914136,0.24914134,1e-05,4.30342865,0.05234916
7600,0.25806243,0.25806243,1e-05,3.99602056,0.05238885
7605,0.26203842,0.26203842,1e-05,5.49318218,0.05242854
7610,0.26110919,0.26110916,1e-05,4.47862005,0.05246823
7615,0.27292068,0.2729207,1e-05,4.05472612,0.05250792
7620,0.2843401,0.2843401,1e-05,4.07436371,0.05254761
7625,0.25475767,0.25475767,1e-05,7.50057745,0.05258729
7630,0.30957994,0.30957994,1e-05,3.86031199,0.05262698
7635,0.27864981,0.27864976,1e-05,3.34424734,0.05266667
7640,0.28561203,0.28561203,1e-05,10.76042938,0.05270636
7645,0.21053061,0.21053061,1e-05,3.29043961,0.05274605
7650,0.26496286,0.26496286,1e-05,6.12529421,0.05278574
7655,0.26679316,0.26679316,1e-05,3.07468343,0.05282543
7660,0.22628984,0.22628984,1e-05,4.65486956,0.05286511
7665,0.22361493,0.22361491,1e-05,4.52116108,0.0529048
7670,0.22290792,0.22290792,1e-05,4.24279308,0.05294449
7675,0.20908012,0.20908012,1e-05,3.19740367,0.05298418
7680,0.27738252,0.27738252,1e-05,3.78600287,0.05302387
7685,0.22678821,0.22678821,1e-05,4.78512859,0.05306356
7690,0.24766269,0.24766269,1e-05,4.24794245,0.05310325
7695,0.23603585,0.23603585,1e-05,4.55413389,0.05314293
7700,0.28227372,0.28227372,1e-05,3.73429942,0.05318262
7705,0.23896532,0.23896532,1e-05,4.76537371,0.05322231
7710,0.23276258,0.23276258,1e-05,3.87096548,0.053262
7715,0.28400416,0.28400419,1e-05,4.98038769,0.05330169
7720,0.21846433,0.21846433,1e-05,4.48581886,0.05334138
7725,0.26223228,0.26223226,1e-05,6.23676872,0.05338107
7730,0.23338408,0.23338408,1e-05,4.53798723,0.05342075
7735,0.27580829,0.27580829,1e-05,4.49907446,0.05346044
7740,0.24365284,0.24365284,1e-05,5.07390785,0.05350013
7745,0.22255278,0.22255275,1e-05,4.71859741,0.05353982
7750,0.28563075,0.28563075,1e-05,6.80605268,0.05357951
7755,0.24439943,0.2443994,1e-05,5.32126522,0.0536192
7760,0.27894809,0.27894812,1e-05,4.72436953,0.05365889
7765,0.23987117,0.23987119,1e-05,3.31668997,0.05369857
7770,0.26923599,0.26923599,1e-05,4.44995356,0.05373826
7775,0.29127481,0.29127479,1e-05,4.43877602,0.05377795
7780,0.24472299,0.24472299,1e-05,3.11174369,0.05381764
7785,0.23412194,0.23412194,1e-05,5.02557755,0.05385733
7790,0.25523696,0.25523696,1e-05,4.82171679,0.05389702
7795,0.2458988,0.24589882,1e-05,3.4730649,0.0539367
7800,0.22906818,0.22906818,1e-05,5.49028826,0.05397639
7805,0.2554996,0.2554996,1e-05,3.85240149,0.05401608
7810,0.29827905,0.29827905,1e-05,6.85469484,0.05405577
7815,0.22563229,0.22563229,1e-05,4.55683184,0.05409546
7820,0.22235098,0.22235098,1e-05,4.64022732,0.05413515
7825,0.24531484,0.24531484,1e-05,4.39787054,0.05417484
7830,0.2545526,0.2545526,1e-05,4.51108503,0.05421452
7835,0.31756821,0.31756821,1e-05,5.28114557,0.05425421
7840,0.22420232,0.22420232,1e-05,5.88175297,0.0542939
7845,0.26744876,0.26744876,1e-05,6.67799664,0.05433359
7850,0.2661613,0.2661613,1e-05,4.95706558,0.05437328
7855,0.29015894,0.29015894,1e-05,4.93617821,0.05441297
7860,0.2479768,0.24797678,1e-05,2.58426666,0.05445266
7865,0.23315878,0.23315878,1e-05,3.62539554,0.05449234
7870,0.24027228,0.24027228,1e-05,5.42533398,0.05453203
7875,0.26390126,0.26390126,1e-05,5.37624979,0.05457172
7880,0.21084762,0.21084762,1e-05,3.04129481,0.05461141
7885,0.25202992,0.24985418,1e-05,5.6304121,0.0546511
7890,0.30214074,0.29495404,1e-05,6.61087799,0.05469079
7895,0.27313738,0.27313738,1e-05,3.43488908,0.05473048
7900,0.24885626,0.24885623,1e-05,4.46433926,0.05477016
7905,0.18736322,0.18736323,1e-05,2.9285996,0.05480985
7910,0.23557529,0.23557529,1e-05,4.6199069,0.05484954
7915,0.23228602,0.23228602,1e-05,5.85475779,0.05488923
7920,0.23904285,0.23904285,1e-05,6.67413187,0.05492892
7925,0.3104408,0.31044083,1e-05,6.26665068,0.05496861
7930,0.29166994,0.29166999,1e-05,3.76859164,0.05500829
7935,0.24224334,0.24224334,1e-05,5.61894035,0.05504798
7940,0.21407881,0.21407881,1e-05,6.13519764,0.05508767
7945,0.24636905,0.24636903,1e-05,5.34581232,0.05512736
7950,0.20717511,0.20717514,1e-05,2.93095946,0.05516705
7955,0.21356478,0.21356478,1e-05,3.43001986,0.05520674
7960,0.21289554,0.21289551,1e-05,3.35272074,0.05524643
7965,0.25365372,0.25365372,1e-05,5.85913229,0.05528611
7970,0.30066276,0.30066276,1e-05,4.77471733,0.0553258
7975,0.23902578,0.23902578,1e-05,4.7087369,0.05536549
7980,0.2288507,0.2288507,1e-05,5.70490932,0.05540518
7985,0.2408931,0.2408931,1e-05,3.43259096,0.05544487
7990,0.25071752,0.25071752,1e-05,3.84447742,0.05548456
7995,0.22076204,0.22076201,1e-05,4.07873249,0.05552425
8000,0.2305027,0.2305027,1e-05,4.35259485,0.05556393
8005,0.25871243,0.25871243,1e-05,5.5558219,0.05560362
8010,0.21964829,0.21964827,1e-05,3.18709874,0.05564331
8015,0.22498686,0.22498689,1e-05,2.95433807,0.055683
8020,0.26498647,0.26498647,1e-05,4.42410183,0.05572269
8025,0.23576427,0.23576427,1e-05,4.61987019,0.05576238
8030,0.27365475,0.27365475,1e-05,3.34556985,0.05580207
8035,0.27106655,0.27106655,1e-05,4.67982769,0.05584175
8040,0.21913755,0.21913757,1e-05,5.19750547,0.05588144
8045,0.27189457,0.27189455,1e-05,4.63719463,0.05592113
8050,0.26655016,0.26655016,1e-05,6.55615711,0.05596082
8055,0.26188707,0.26188707,1e-05,5.35834455,0.05600051
8060,0.20941565,0.20941565,1e-05,2.85234189,0.0560402
8065,0.23092608,0.23092606,1e-05,5.31171083,0.05607989
8070,0.22315974,0.22315974,1e-05,4.13670778,0.05611957
8075,0.24871035,0.24871035,1e-05,4.31806993,0.05615926
8080,0.25499868,0.25499868,1e-05,3.5579555,0.05619895
8085,0.26993513,0.26993513,1e-05,5.56394482,0.05623864
8090,0.22867894,0.22867894,1e-05,9.97483635,0.05627833
8095,0.26390345,0.26390343,1e-05,2.92001724,0.05631802
8100,0.28234067,0.28234062,1e-05,5.08950377,0.0563577
8105,0.27861094,0.27861092,1e-05,4.80336285,0.05639739
8110,0.21856971,0.21856968,1e-05,5.12029886,0.05643708
8115,0.23078427,0.23078427,1e-05,4.37374306,0.05647677
8120,0.25637054,0.25637057,1e-05,3.84814382,0.05651646
8125,0.27654588,0.27654588,1e-05,7.25888348,0.05655615
8130,0.24521613,0.24521613,1e-05,3.12888312,0.05659584
8135,0.28658562,0.28658562,1e-05,4.31827164,0.05663552
8140,0.25135732,0.25135732,1e-05,6.14810944,0.05667521
8145,0.24718361,0.24718359,1e-05,3.90338635,0.0567149
8150,0.26052811,0.26052811,1e-05,4.1405077,0.05675459
8155,0.30875366,0.30875366,1e-05,4.66376448,0.05679428
8160,0.21977942,0.21977942,1e-05,5.55317974,0.05683397
8165,0.18034546,0.18034546,1e-05,2.96731901,0.05687366
8170,0.25879598,0.25879598,1e-05,3.88832426,0.05691334
8175,0.23869519,0.23869519,1e-05,4.3518877,0.05695303
8180,0.27978859,0.27978861,1e-05,3.56042171,0.05699272
8185,0.25333166,0.25333166,1e-05,5.85194159,0.05703241
8190,0.2478765,0.2478765,1e-05,5.19463634,0.0570721
8195,0.23779655,0.23779655,1e-05,3.984231,0.05711179
8200,0.37865644,0.35367113,1e-05,5.21665478,0.05715148
8205,0.2402298,0.2402298,1e-05,4.7382741,0.05719116
8210,0.26184127,0.26184127,1e-05,4.97452307,0.05723085
8215,0.22659836,0.22659836,1e-05,4.26523876,0.05727054
8220,0.25992732,0.25992732,1e-05,7.66656208,0.05731023
8225,0.283515,0.283515,1e-05,3.99980855,0.05734992
8230,0.23852818,0.2385282,1e-05,4.3325963,0.05738961
8235,0.23842249,0.23842249,1e-05,3.81475306,0.05742929
8240,0.23467464,0.23467464,1e-05,3.64397597,0.05746898
8245,0.22577946,0.22577946,1e-05,4.02704477,0.05750867
8250,0.21348681,0.21348681,1e-05,4.3103385,0.05754836
8255,0.25721512,0.25721512,1e-05,6.77371597,0.05758805
8260,0.24380143,0.2438014,1e-05,3.80074191,0.05762774
8265,0.25504308,0.25504305,1e-05,3.75164819,0.05766743
8270,0.25660076,0.25660076,1e-05,4.75190115,0.05770711
8275,0.19748579,0.19748579,1e-05,3.93863153,0.0577468
8280,0.25703058,0.25703058,1e-05,4.66792154,0.05778649
8285,0.270258,0.270258,1e-05,4.45410109,0.05782618
8290,0.24787803,0.24787803,1e-05,3.85943532,0.05786587
8295,0.26855168,0.26855168,1e-05,14.47872829,0.05790556
8300,0.2523488,0.25234883,1e-05,3.9794035,0.05794525
8305,0.21557438,0.21557441,1e-05,4.88849831,0.05798493
8310,0.29901009,0.29901009,1e-05,3.48757768,0.05802462
8315,0.24965119,0.24965119,1e-05,6.53686333,0.05806431
8320,0.20489888,0.20489891,1e-05,4.40611076,0.058104
8325,0.2586448,0.25864482,1e-05,4.06314182,0.05814369
8330,0.26663918,0.26663916,1e-05,5.30840206,0.05818338
8335,0.26184452,0.26184449,1e-05,4.13911915,0.05822307
8340,0.22210348,0.22210345,1e-05,6.39513254,0.05826275
8345,0.2648313,0.2648313,1e-05,3.81787252,0.05830244
8350,0.28391151,0.28391151,1e-05,4.66920185,0.05834213
8355,0.2404824,0.2404824,1e-05,5.54944944,0.05838182
8360,0.25517664,0.25517664,1e-05,5.47283363,0.05842151
8365,0.3098556,0.3098556,1e-05,4.37879705,0.0584612
8370,0.2659677,0.2659677,1e-05,3.52942944,0.05850089
8375,0.22890379,0.22890379,1e-05,4.89437819,0.05854057
8380,0.26878905,0.26878905,1e-05,4.17114162,0.05858026
8385,0.22555242,0.22555242,1e-05,4.42705727,0.05861995
8390,0.26914458,0.26914458,1e-05,4.28380966,0.05865964
8395,0.20700541,0.20700541,1e-05,2.78121758,0.05869933
8400,0.28170099,0.28170102,1e-05,4.48647499,0.05873902
8405,0.27670169,0.27670169,1e-05,8.42973614,0.0587787
8410,0.23652709,0.23652706,1e-05,4.15459347,0.05881839
8415,0.25306354,0.25306354,1e-05,3.42945385,0.05885808
8420,0.19459368,0.19459367,1e-05,4.27166033,0.05889777
8425,0.23780675,0.2378068,1e-05,3.881464,0.05893746
8430,0.24986491,0.24986491,1e-05,5.2865963,0.05897715
8435,0.24800687,0.24800687,1e-05,9.92088699,0.05901684
8440,0.247123,0.247123,1e-05,5.48443317,0.05905652
8445,0.25715699,0.25715699,1e-05,3.98138189,0.05909621
8450,0.24100027,0.24100029,1e-05,4.24933147,0.0591359
8455,0.3154985,0.3154985,1e-05,5.03152657,0.05917559
8460,0.27308333,0.27308331,1e-05,5.61414051,0.05921528
8465,0.21845312,0.21845312,1e-05,5.0629487,0.05925497
8470,0.22277112,0.2227711,1e-05,5.82718611,0.05929466
8475,0.27212865,0.27212863,1e-05,6.11872244,0.05933434
8480,0.27018652,0.2701865,1e-05,4.6482439,0.05937403
8485,0.30276051,0.30276051,1e-05,6.22689438,0.05941372
8490,0.28867817,0.28867822,1e-05,4.64562559,0.05945341
8495,0.24553008,0.24553008,1e-05,4.63570642,0.0594931
8500,0.24049993,0.2404999,1e-05,5.09670067,0.05953279
8505,0.24101231,0.24101231,1e-05,6.62293959,0.05957248
8510,0.24888635,0.24888637,1e-05,5.33393955,0.05961216
8515,0.27905128,0.2633472,1e-05,3.1619525,0.05965185
8520,0.2615253,0.2615253,1e-05,4.0496707,0.05969154
8525,0.24441397,0.24441395,1e-05,6.93493032,0.05973123
8530,0.28546748,0.28546751,1e-05,4.78171968,0.05977092
8535,0.20777183,0.20777183,1e-05,4.16774797,0.05981061
8540,0.22569227,0.22569227,1e-05,3.98087502,0.05985029
8545,0.23705082,0.23705084,1e-05,4.42802858,0.05988998
8550,0.30647724,0.30647726,1e-05,4.52920961,0.05992967
8555,0.24366117,0.24366117,1e-05,3.62653971,0.05996936
8560,0.21806817,0.21806817,1e-05,5.44045925,0.06000905
8565,0.25546851,0.25546854,1e-05,4.52729416,0.06004874
8570,0.24960265,0.24960263,1e-05,6.27710724,0.06008843
8575,0.2419539,0.24195392,1e-05,3.94996858,0.06012811
8580,0.23575461,0.23575463,1e-05,3.757586,0.0601678
8585,0.23399706,0.23399706,1e-05,4.70798206,0.06020749
8590,0.24810982,0.24810982,1e-05,3.81619549,0.06024718
8595,0.22272198,0.22272198,1e-05,4.12027454,0.06028687
8600,0.27377574,0.27377577,1e-05,4.10190105,0.06032656
8605,0.25530415,0.25530415,1e-05,3.6506269,0.06036625
8610,0.20402212,0.20402212,1e-05,4.79169703,0.06040593
8615,0.27946453,0.27946458,1e-05,6.22853565,0.06044562
8620,0.21689315,0.21689315,1e-05,3.78675032,0.06048531
8625,0.24062996,0.24062996,1e-05,3.67036128,0.060525
8630,0.24872942,0.24872937,1e-05,4.62425423,0.06056469
8635,0.27304823,0.27304821,1e-05,5.75139141,0.06060438
8640,0.25782366,0.25782366,1e-05,4.79300737,0.06064407
8645,0.22398417,0.22398417,1e-05,3.39674997,0.06068375
8650,0.27572916,0.27572913,1e-05,5.45136833,0.06072344
8655,0.31182923,0.31182923,1e-05,4.22828674,0.06076313
8660,0.2642307,0.26423073,1e-05,6.47991276,0.06080282
8665,0.23025429,0.23025429,1e-05,3.31257319,0.06084251
8670,0.25100091,0.25100091,1e-05,3.75023341,0.0608822
8675,0.27444453,0.27444453,1e-05,6.02866173,0.06092189
8680,0.22620625,0.22620625,1e-05,4.16091776,0.06096157
8685,0.2783793,0.2783793,1e-05,4.73713398,0.06100126
8690,0.19732993,0.19732993,1e-05,3.45946479,0.06104095
8695,0.20934787,0.20934787,1e-05,5.74101305,0.06108064
8700,0.25613351,0.25613351,1e-05,5.0246706,0.06112033
8705,0.25075703,0.250757,1e-05,4.65771866,0.06116002
8710,0.22404153,0.22404153,1e-05,4.03459072,0.0611997
8715,0.26527324,0.26527324,1e-05,3.74883556,0.06123939
8720,0.20020993,0.20020993,1e-05,4.05205107,0.06127908
8725,0.2662581,0.26625807,1e-05,3.79137683,0.06131877
8730,0.24845877,0.24845874,1e-05,3.54180431,0.06135846
8735,0.29196248,0.29196248,1e-05,4.874125,0.06139815
8740,0.25465291,0.25465291,1e-05,4.79453611,0.06143784
8745,0.23685584,0.23685582,1e-05,4.40004778,0.06147752
8750,0.26125116,0.26125116,1e-05,5.65922546,0.06151721
8755,0.25173318,0.25173318,1e-05,3.47709608,0.0615569
8760,0.21670575,0.21670575,1e-05,5.80151558,0.06159659
8765,0.22059302,0.22059302,1e-05,7.38406801,0.06163628
8770,0.24621434,0.24621434,1e-05,2.80560732,0.06167597
8775,0.25853355,0.25853357,1e-05,5.28616428,0.06171566
8780,0.28738475,0.28738475,1e-05,4.06275606,0.06175534
8785,0.23453865,0.23453865,1e-05,4.50380468,0.06179503
8790,0.25562406,0.25562406,1e-05,6.30378866,0.06183472
8795,0.25595288,0.25595288,1e-05,4.77530956,0.06187441
8800,0.25378609,0.25378611,1e-05,3.67186379,0.0619141
8805,0.29069295,0.29069295,1e-05,4.39041615,0.06195379
8810,0.26479256,0.26479254,1e-05,3.68707132,0.06199348
8815,0.2159457,0.2159457,1e-05,3.95498753,0.06203316
8820,0.23720789,0.23720789,1e-05,4.28705502,0.06207285
8825,0.3133307,0.30398946,1e-05,1.88694727,0.06211254
8830,0.23416786,0.23285344,1e-05,4.68707275,0.06215223
8835,0.23771634,0.23771634,1e-05,4.8633008,0.06219192
8840,0.21324208,0.2132421,1e-05,4.53385067,0.06223161
8845,0.21705427,0.21705427,1e-05,3.4553566,0.06227129
8850,0.25491929,0.25491929,1e-05,3.337919,0.06231098
8855,0.3191865,0.3191865,1e-05,6.12338686,0.06235067
8860,0.24051454,0.24051456,1e-05,5.62471485,0.06239036
8865,0.28496158,0.28496158,1e-05,4.91622877,0.06243005
8870,0.27526879,0.27526879,1e-05,5.64328623,0.06246974
8875,0.24611626,0.24611628,1e-05,4.90465546,0.06250943
8880,0.23843055,0.23843057,1e-05,4.15280104,0.06254911
8885,0.24510698,0.24510698,1e-05,4.04839277,0.0625888
8890,0.24841971,0.24841974,1e-05,4.09946108,0.06262849
8895,0.25540633,0.25540633,1e-05,9.77665329,0.06266818
8900,0.2547657,0.2547657,1e-05,3.91878843,0.06270787
8905,0.23872046,0.23872051,1e-05,4.81540918,0.06274756
8910,0.23167076,0.23167076,1e-05,5.54249191,0.06278725
8915,0.27128201,0.27128198,1e-05,4.47713137,0.06282693
8920,0.30677843,0.30677843,1e-05,6.05075932,0.06286662
8925,0.29881811,0.29881811,1e-05,4.34739876,0.06290631
8930,0.28910701,0.28910704,1e-05,4.82270718,0.062946
8935,0.22423394,0.22423396,1e-05,4.45616484,0.06298569
8940,0.25020299,0.25020299,1e-05,4.04717731,0.06302538
8945,0.23441601,0.23441601,1e-05,5.93735218,0.06306507
8950,0.26320872,0.26320875,1e-05,4.80900288,0.06310475
8955,0.25524039,0.25524039,1e-05,4.77148581,0.06314444
8960,0.25752413,0.25752416,1e-05,3.95916128,0.06318413
8965,0.27988467,0.27988467,1e-05,6.31370163,0.06322382
8970,0.25505795,0.25505795,1e-05,2.38240814,0.06326351
8975,0.22272925,0.22272925,1e-05,4.42888308,0.0633032
8980,0.2392925,0.2392925,1e-05,2.74833179,0.06334289
8985,0.21032889,0.21032891,1e-05,3.36845136,0.06338257
8990,0.28395703,0.28395705,1e-05,5.1232233,0.06342226
8995,0.19261327,0.19261327,1e-05,5.07137299,0.06346195
9000,0.26471782,0.26471782,1e-05,4.21908188,0.06350164
9005,0.25953231,0.25953228,1e-05,5.8726368,0.06354133
9010,0.28910427,0.28910427,1e-05,4.33905935,0.06358102
9015,0.22807593,0.22807593,1e-05,4.9231391,0.0636207
9020,0.26680551,0.26680551,1e-05,3.85234237,0.06366039
9025,0.23350291,0.23350286,1e-05,4.68098021,0.06370008
9030,0.26897583,0.26897583,1e-05,5.25267267,0.06373977
9035,0.23344691,0.23344691,1e-05,7.53653717,0.06377946
9040,0.24563298,0.24563298,1e-05,4.07147789,0.06381915
9045,0.24308379,0.24308376,1e-05,6.10336351,0.06385884
9050,0.28239503,0.28239503,1e-05,4.2619071,0.06389852
9055,0.24358006,0.24358006,1e-05,4.89579153,0.06393821
9060,0.21675947,0.21675949,1e-05,3.31109571,0.0639779
9065,0.2458046,0.24580457,1e-05,8.3256321,0.06401759
9070,0.26706517,0.26706514,1e-05,3.82603812,0.06405728
9075,0.29503322,0.29503319,1e-05,5.25188255,0.06409697
9080,0.2537734,0.25377343,1e-05,4.34767342,0.06413666
9085,0.30556202,0.30556202,1e-05,6.89702559,0.06417634
9090,0.20884905,0.20884905,1e-05,4.74089146,0.06421603
9095,0.18557922,0.1855792,1e-05,3.74982119,0.06425572
9100,0.27057219,0.27057221,1e-05,3.87699676,0.06429541
9105,0.23667576,0.23667576,1e-05,5.48751736,0.0643351
9110,0.29318624,0.29318624,1e-05,5.33281851,0.06437479
9115,0.24527011,0.24527011,1e-05,4.71241474,0.06441448
9120,0.27254083,0.27254086,1e-05,4.75354576,0.06445416
9125,0.25004854,0.25004854,1e-05,3.90024161,0.06449385
9130,0.26675727,0.26675727,1e-05,6.87611341,0.06453354
9135,0.24818776,0.24818776,1e-05,5.90999937,0.06457323
9140,0.30342493,0.29095026,1e-05,4.51778316,0.06461292
9145,0.24261613,0.24261611,1e-05,4.53222513,0.06465261
9150,0.27437084,0.27437086,1e-05,3.88324785,0.06469229
9155,0.30687838,0.30687842,1e-05,5.78703737,0.06473198
9160,0.25272601,0.25272603,1e-05,5.82862616,0.06477167
9165,0.20594425,0.20594425,1e-05,2.54477596,0.06481136
9170,0.2853874,0.2853874,1e-05,4.5266695,0.06485105
9175,0.27647409,0.27647409,1e-05,5.61286736,0.06489074
9180,0.26162825,0.26162827,1e-05,4.38707209,0.06493043
9185,0.24191959,0.24191957,1e-05,4.71639919,0.06497011
9190,0.2828095,0.2828095,1e-05,5.26477575,0.0650098
9195,0.24780357,0.24780354,1e-05,5.29628897,0.06504949
9200,0.275053,0.27505298,1e-05,4.33354235,0.06508918
9205,0.25222406,0.25222406,1e-05,5.86187124,0.06512887
9210,0.24560349,0.24560349,1e-05,3.45256805,0.06516856
9215,0.27388024,0.27388024,1e-05,4.37412024,0.06520825
9220,0.24527876,0.24527874,1e-05,5.8725872,0.06524793
9225,0.26141763,0.26141763,1e-05,3.91761446,0.06528762
9230,0.29177437,0.29177434,1e-05,5.71014929,0.06532731
9235,0.29145186,0.29145184,1e-05,3.79458308,0.065367
9240,0.24206026,0.24206026,1e-05,3.99010229,0.06540669
9245,0.2644887,0.26448872,1e-05,4.65127754,0.06544638
9250,0.22832832,0.22832835,1e-05,4.38255835,0.06548607
9255,0.27220263,0.27220263,1e-05,4.32541037,0.06552575
9260,0.21022615,0.21022615,1e-05,3.89909816,0.06556544
9265,0.24135804,0.24135804,1e-05,5.02490425,0.06560513
9270,0.28495011,0.28495011,1e-05,3.47199678,0.06564482
9275,0.24179282,0.24179282,1e-05,4.15505075,0.06568451
9280,0.20835605,0.20835605,1e-05,4.28779411,0.0657242
9285,0.27788143,0.27788141,1e-05,3.72849226,0.06576389
9290,0.2746156,0.27461557,1e-05,5.87052727,0.06580357
9295,0.25648549,0.25648546,1e-05,4.95695448,0.06584326
9300,0.24509134,0.24509134,1e-05,4.65226269,0.06588295
9305,0.28021288,0.28021288,1e-05,5.37333393,0.06592264
9310,0.23354697,0.233547,1e-05,5.07875299,0.06596233
9315,0.30668607,0.30668607,1e-05,3.76552272,0.06600202
9320,0.21933632,0.21933634,1e-05,4.86549759,0.0660417
9325,0.20622902,0.206229,1e-05,6.23670483,0.06608139
9330,0.32016349,0.32016349,1e-05,4.96419477,0.06612108
9335,0.26139431,0.26139433,1e-05,3.62225819,0.06616077
9340,0.28056178,0.28056183,1e-05,3.62982059,0.06620046
9345,0.23075199,0.23075199,1e-05,4.81335163,0.06624015
9350,0.25107014,0.25107017,1e-05,5.41586733,0.06627984
9355,0.24366798,0.24366798,1e-05,4.35349512,0.06631952
9360,0.22587366,0.22587364,1e-05,4.76825619,0.06635921
9365,0.22628946,0.22628949,1e-05,3.93648791,0.0663989
9370,0.27325113,0.27325115,1e-05,4.11794424,0.06643859
9375,0.24228485,0.24228487,1e-05,4.05061817,0.06647828
9380,0.27697301,0.27697301,1e-05,2.77736378,0.06651797
9385,0.27275279,0.27275279,1e-05,5.21709681,0.06655766
9390,0.32066548,0.32066545,1e-05,5.78641701,0.06659734
9395,0.27311497,0.27311497,1e-05,3.566365,0.06663703
9400,0.25413465,0.25413465,1e-05,3.82347226,0.06667672
9405,0.23969097,0.23969097,1e-05,6.55735874,0.06671641
9410,0.23263569,0.23263569,1e-05,5.74760914,0.0667561
9415,0.21066759,0.21066761,1e-05,3.50492024,0.06679579
9420,0.24763603,0.24763603,1e-05,5.02242613,0.06683548
9425,0.24526639,0.24526639,1e-05,4.52752399,0.06687516
9430,0.21745932,0.21745932,1e-05,4.91459942,0.06691485
9435,0.25671983,0.25671983,1e-05,7.36610746,0.06695454
9440,0.25802021,0.25802023,1e-05,6.25549269,0.06699423
9445,0.24223588,0.24223588,1e-05,3.96114302,0.06703392
9450,0.28814068,0.28814068,1e-05,5.34311199,0.06707361
9455,0.33450232,0.32859639,1e-05,6.42714882,0.06711329
9460,0.26894634,0.26894631,1e-05,4.94820309,0.06715298
9465,0.24797547,0.24797544,1e-05,3.70955539,0.06719267
9470,0.22879577,0.22879577,1e-05,4.38100863,0.06723236
9475,0.25046,0.25046,1e-05,4.62500525,0.06727205
9480,0.18957597,0.18957597,1e-05,6.53825951,0.06731174
9485,0.24999101,0.24999099,1e-05,4.9272089,0.06735143
9490,0.25440102,0.25440099,1e-05,4.93814993,0.06739111
9495,0.22000613,0.22000613,1e-05,3.29498839,0.0674308
9500,0.21469676,0.21469676,1e-05,2.88841391,0.06747049
9505,0.28832991,0.28832991,1e-05,3.76731753,0.06751018
9510,0.24221649,0.24221649,1e-05,3.10428119,0.06754987
9515,0.30857754,0.30857756,1e-05,6.58434677,0.06758956
9520,0.25436556,0.25436559,1e-05,4.40839005,0.06762925
9525,0.22365854,0.22365856,1e-05,4.57235241,0.06766893
9530,0.19456916,0.19456915,1e-05,4.05489779,0.06770862
9535,0.22762299,0.22762299,1e-05,5.64803791,0.06774831
9540,0.25528772,0.25528769,1e-05,3.28329921,0.067788
9545,0.24614112,0.2461411,1e-05,4.67476702,0.06782769
9550,0.26299076,0.26299076,1e-05,4.21514797,0.06786738
9555,0.27051249,0.27051249,1e-05,3.3978436,0.06790707
9560,0.22573733,0.22573733,1e-05,2.45900154,0.06794675
9565,0.23746061,0.23746061,1e-05,4.61460924,0.06798644
9570,0.24863539,0.24863539,1e-05,4.83388805,0.06802613
9575,0.26979465,0.26979468,1e-05,6.18734598,0.06806582
9580,0.22375963,0.2237596,1e-05,5.1011138,0.06810551
9585,0.26606851,0.26606851,1e-05,4.7297554,0.0681452
9590,0.24726133,0.24726133,1e-05,4.52939367,0.06818489
9595,0.25703812,0.25703809,1e-05,3.85293388,0.06822457
9600,0.26455545,0.26455545,1e-05,3.63044453,0.06826426
9605,0.22594354,0.22594357,1e-05,3.42127872,0.06830395
9610,0.25294805,0.25294805,1e-05,6.55868006,0.06834364
9615,0.24504859,0.24504862,1e-05,3.7881422,0.06838333
9620,0.25780277,0.25780277,1e-05,3.99390173,0.06842302
9625,0.24735301,0.24735301,1e-05,6.73631334,0.0684627
9630,0.21662252,0.21662254,1e-05,4.0381031,0.06850239
9635,0.30537174,0.30537176,1e-05,4.13344002,0.06854208
9640,0.25242069,0.25242071,1e-05,3.87222219,0.06858177
9645,0.3011569,0.30115688,1e-05,6.53514051,0.06862146
9650,0.24693131,0.24693131,1e-05,3.79564476,0.06866115
9655,0.30333953,0.30333953,1e-05,4.20151377,0.06870084
9660,0.26428437,0.26428437,1e-05,3.82618141,0.06874052
9665,0.27586162,0.2758616,1e-05,3.02317524,0.06878021
9670,0.2858366,0.28583663,1e-05,4.66030216,0.0688199
9675,0.27587614,0.27587612,1e-05,4.22811031,0.06885959
9680,0.21618614,0.21618614,1e-05,3.01037288,0.06889928
9685,0.26056583,0.26056585,1e-05,3.79051661,0.06893897
9690,0.2928436,0.29284358,1e-05,4.6694293,0.06897866
9695,0.22054007,0.22054005,1e-05,3.26635671,0.06901834
9700,0.25708408,0.25708406,1e-05,4.69745016,0.06905803
9705,0.2720341,0.2720341,1e-05,4.71329594,0.06909772
9710,0.20675259,0.20675259,1e-05,4.4465251,0.06913741
9715,0.26963906,0.26963906,1e-05,5.16494894,0.0691771
9720,0.24882493,0.24882493,1e-05,5.41007757,0.06921679
9725,0.32097588,0.32097588,1e-05,4.940341,0.06925648
9730,0.24093013,0.2409301,1e-05,4.3332324,0.06929616
9735,0.2304683,0.2304683,1e-05,4.90057468,0.06933585
9740,0.25477629,0.25477624,1e-05,3.9111445,0.06937554
9745,0.25457702,0.25457702,1e-05,3.76885223,0.06941523
9750,0.25401404,0.25401402,1e-05,3.77459955,0.06945492
9755,0.26612225,0.26612225,1e-05,4.18692827,0.06949461
9760,0.24007742,0.24007742,1e-05,5.76983023,0.06953429
9765,0.32353706,0.32252116,1e-05,3.7349515,0.06957398
9770,0.28016186,0.28016186,1e-05,4.94132137,0.06961367
9775,0.22243524,0.22243524,1e-05,3.40177631,0.06965336
9780,0.25941012,0.25941014,1e-05,4.59933758,0.06969305
9785,0.27307403,0.27307405,1e-05,4.13426065,0.06973274
9790,0.31719251,0.31719248,1e-05,4.6167326,0.06977243
9795,0.25113208,0.25113211,1e-05,3.94091725,0.06981211
9800,0.25892656,0.25892656,1e-05,6.42529106,0.0698518
9805,0.28546495,0.285465,1e-05,4.4396925,0.06989149
9810,0.26305752,0.26305749,1e-05,4.08125305,0.06993118
9815,0.21216581,0.21216583,1e-05,4.06761456,0.06997087
9820,0.22211249,0.22211246,1e-05,3.19044781,0.07001056
9825,0.26769328,0.26769323,1e-05,4.50253916,0.07005025
9830,0.2735667,0.27356668,1e-05,3.13584661,0.07008993
9835,0.24676967,0.24676967,1e-05,5.50020552,0.07012962
9840,0.22061396,0.22061396,1e-05,6.71539497,0.07016931
9845,0.29325776,0.29325776,1e-05,7.81298828,0.070209
9850,0.26144052,0.26144049,1e-05,5.49836826,0.07024869
9855,0.21156182,0.21156182,1e-05,5.62665987,0.07028838
9860,0.24213016,0.24213016,1e-05,5.05785751,0.07032807
9865,0.27890697,0.27890697,1e-05,4.10594511,0.07036775
9870,0.23062177,0.23062177,1e-05,5.12813234,0.07040744
9875,0.23256476,0.23256476,1e-05,6.11526728,0.07044713
9880,0.21510015,0.21510015,1e-05,4.44974995,0.07048682
9885,0.22227197,0.22227194,1e-05,5.38400173,0.07052651
9890,0.23075068,0.23075066,1e-05,4.71635914,0.0705662
9895,0.24528337,0.24528337,1e-05,6.20147562,0.07060589
9900,0.20284445,0.20284448,1e-05,13.05146885,0.07064557
9905,0.25210452,0.25210452,1e-05,4.70512199,0.07068526
9910,0.26252193,0.26252193,1e-05,5.14007998,0.07072495
9915,0.25324206,0.25324204,1e-05,3.98200321,0.07076464
9920,0.23510418,0.23510416,1e-05,5.27849007,0.07080433
9925,0.24923174,0.24923174,1e-05,4.56665945,0.07084402
9930,0.22263715,0.22263718,1e-05,3.55094051,0.0708837
9935,0.21454368,0.21454368,1e-05,3.19639325,0.07092339
9940,0.27446613,0.27446616,1e-05,4.54572725,0.07096308
9945,0.23898196,0.23898194,1e-05,4.27586555,0.07100277
9950,0.22882419,0.22882419,1e-05,5.64506531,0.07104246
9955,0.26139231,0.26139233,1e-05,3.55444431,0.07108215
9960,0.21742144,0.21742144,1e-05,3.61308789,0.07112184
9965,0.26296978,0.26296978,1e-05,7.4769969,0.07116152
9970,0.28672202,0.28672204,1e-05,4.9056921,0.07120121
9975,0.2653667,0.26536672,1e-05,6.15072012,0.0712409
9980,0.29062047,0.29062049,1e-05,6.53731394,0.07128059
9985,0.26304584,0.26304584,1e-05,3.83944511,0.07132028
9990,0.2690979,0.26909788,1e-05,5.69960976,0.07135997
9995,0.23856645,0.23856645,1e-05,4.68025827,0.07139966
10000,0.26348777,0.26348777,1e-05,4.94914675,0.07143934
10005,0.25461893,0.25461893,1e-05,4.09180927,0.07147903
10010,0.21479568,0.21479568,1e-05,5.87166643,0.07151872
10015,0.25881855,0.25881858,1e-05,3.64282632,0.07155841
10020,0.24094267,0.24094267,1e-05,3.9095614,0.0715981
10025,0.25925102,0.259251,1e-05,4.17245436,0.07163779
10030,0.29513555,0.29513552,1e-05,4.15091801,0.07167748
10035,0.28765967,0.28765967,1e-05,4.52078056,0.07171716
10040,0.22772346,0.22772346,1e-05,2.73137259,0.07175685
10045,0.30269253,0.30269256,1e-05,4.38974142,0.07179654
10050,0.27041595,0.27041595,1e-05,3.49063063,0.07183623
10055,0.25811067,0.25811067,1e-05,3.89491415,0.07187592
10060,0.28458099,0.28458099,1e-05,4.82341051,0.07191561
10065,0.24859433,0.24859433,1e-05,5.17218876,0.07195529
10070,0.25639391,0.25639391,1e-05,3.93677235,0.07199498
10075,0.25610263,0.25610263,1e-05,4.27203369,0.07203467
10080,0.31466789,0.30431339,1e-05,4.23414087,0.07207436
10085,0.29685981,0.29685979,1e-05,5.39052534,0.07211405
10090,0.24569108,0.24569108,1e-05,5.12110329,0.07215374
10095,0.25509658,0.25509655,1e-05,3.73567772,0.07219343
10100,0.23462224,0.23462222,1e-05,4.28986597,0.07223311
10105,0.29170117,0.2917012,1e-05,6.14138412,0.0722728
10110,0.21218042,0.2121804,1e-05,5.17621088,0.07231249
10115,0.22531245,0.22531245,1e-05,5.73209,0.07235218
10120,0.24193599,0.24193599,1e-05,4.24131632,0.07239187
10125,0.25724988,0.25724988,1e-05,4.43915367,0.07243156
10130,0.29715734,0.29715734,1e-05,7.45951509,0.07247125
10135,0.2356566,0.2356566,1e-05,3.24618196,0.07251093
10140,0.27112112,0.27112112,1e-05,4.54022026,0.07255062
10145,0.22474365,0.22474365,1e-05,3.883039,0.07259031
10150,0.22518759,0.22518759,1e-05,4.87241411,0.07263
10155,0.26859231,0.26859233,1e-05,4.94385147,0.07266969
10160,0.25126514,0.25126517,1e-05,6.0650239,0.07270938
10165,0.24559498,0.24559498,1e-05,4.50064945,0.07274907
10170,0.27183094,0.27183094,1e-05,4.85001659,0.07278875
10175,0.25643802,0.25643799,1e-05,5.16158724,0.07282844
10180,0.25958807,0.2595881,1e-05,5.50108433,0.07286813
10185,0.25498123,0.25498121,1e-05,2.96134615,0.07290782
10190,0.25095639,0.25095639,1e-05,5.03677988,0.07294751
10195,0.26511085,0.26511083,1e-05,6.15474606,0.0729872
10200,0.29993181,0.29993176,1e-05,4.92132235,0.07302689
10205,0.20505438,0.20505435,1e-05,5.84371185,0.07306657
10210,0.29358509,0.29358506,1e-05,5.89122152,0.07310626
10215,0.28892164,0.28892164,1e-05,6.73267174,0.07314595
10220,0.26203341,0.26203344,1e-05,3.39026785,0.07318564
10225,0.23215213,0.2321521,1e-05,5.21496916,0.07322533
10230,0.28415823,0.28415823,1e-05,4.08225679,0.07326502
10235,0.2350045,0.23500452,1e-05,5.11811209,0.0733047
10240,0.31585736,0.31585736,1e-05,6.9563117,0.07334439
10245,0.29191322,0.29191322,1e-05,4.28691626,0.07338408
10250,0.23606589,0.23606589,1e-05,6.03733873,0.07342377
10255,0.24330463,0.24330463,1e-05,6.6076746,0.07346346
10260,0.29998057,0.29998055,1e-05,5.45792437,0.07350315
10265,0.26905365,0.26905365,1e-05,6.48383522,0.07354284
10270,0.29498343,0.29498343,1e-05,5.25743246,0.07358252
10275,0.27253728,0.27253728,1e-05,3.76912999,0.07362221
10280,0.23402753,0.2340275,1e-05,4.46439123,0.0736619
10285,0.19894733,0.19894732,1e-05,3.77963638,0.07370159
10290,0.22065678,0.22065678,1e-05,4.48983765,0.07374128
10295,0.23139393,0.23139396,1e-05,4.43275881,0.07378097
10300,0.25643864,0.25643864,1e-05,4.31496572,0.07382066
10305,0.2313334,0.2313334,1e-05,5.80785179,0.07386034
10310,0.26671476,0.26671476,1e-05,4.05471277,0.07390003
10315,0.29590473,0.29590473,1e-05,7.55512142,0.07393972
10320,0.26707613,0.26707616,1e-05,5.40948009,0.07397941
10325,0.22689028,0.2268903,1e-05,4.63385344,0.0740191
10330,0.25800371,0.25800371,1e-05,5.75806904,0.07405879
10335,0.23769536,0.23769536,1e-05,5.49567223,0.07409848
10340,0.27095006,0.27095008,1e-05,4.03912354,0.07413816
10345,0.2858891,0.2858891,1e-05,4.07494259,0.07417785
10350,0.25752962,0.25752959,1e-05,3.73845911,0.07421754
10355,0.27311239,0.27311239,1e-05,6.23150921,0.07425723
10360,0.29277532,0.2927753,1e-05,5.78904915,0.07429692
10365,0.22368319,0.22368319,1e-05,3.90045142,0.07433661
10370,0.27169762,0.27169762,1e-05,5.00519657,0.07437629
10375,0.2447515,0.2447515,1e-05,2.71130633,0.07441598
10380,0.24506993,0.24506993,1e-05,4.41758919,0.07445567
10385,0.26585302,0.265853,1e-05,5.72824383,0.07449536
10390,0.28738382,0.28362504,1e-05,2.73085904,0.07453505
10395,0.28365026,0.27679152,1e-05,4.05516577,0.07457474
10400,0.21758628,0.21758628,1e-05,3.05103636,0.07461443
10405,0.22653661,0.22653661,1e-05,3.85043907,0.07465411
10410,0.22196779,0.22196779,1e-05,4.55281067,0.0746938
10415,0.23665228,0.23665228,1e-05,7.93007135,0.07473349
10420,0.23693261,0.23693261,1e-05,5.10495901,0.07477318
10425,0.29258022,0.29258022,1e-05,6.05157471,0.07481287
10430,0.24953012,0.24953012,1e-05,2.95194721,0.07485256
10435,0.25336089,0.25336089,1e-05,3.6280179,0.07489225
10440,0.25040269,0.25040269,1e-05,5.35750151,0.07493193
10445,0.24754767,0.24754767,1e-05,3.95169806,0.07497162
10450,0.27976341,0.27976341,1e-05,6.473104,0.07501131
10455,0.25745568,0.25745568,1e-05,3.89255595,0.075051
10460,0.27736003,0.27736006,1e-05,6.77886057,0.07509069
10465,0.233917,0.23391697,1e-05,7.02220249,0.07513038
10470,0.2366205,0.23662047,1e-05,3.92753077,0.07517007
10475,0.26094568,0.2609457,1e-05,5.18971443,0.07520975
10480,0.24220982,0.24220982,1e-05,4.22901917,0.07524944
10485,0.28277111,0.28277116,1e-05,4.67054892,0.07528913
10490,0.26024032,0.26024029,1e-05,4.16269302,0.07532882
10495,0.28610325,0.28610325,1e-05,4.61444998,0.07536851
10500,0.23188906,0.23188908,1e-05,4.2581234,0.0754082
10505,0.29878366,0.29878366,1e-05,3.85910153,0.07544788
10510,0.25818408,0.25818408,1e-05,6.24633217,0.07548757
10515,0.23760984,0.23760982,1e-05,3.87109566,0.07552726
10520,0.24035134,0.24035137,1e-05,4.70042706,0.07556695
10525,0.24553905,0.24553905,1e-05,5.12221861,0.07560664
10530,0.27657809,0.27657812,1e-05,4.47026014,0.07564633
10535,0.28400927,0.28400927,1e-05,3.68347716,0.07568602
10540,0.21304975,0.21304977,1e-05,5.47071886,0.0757257
10545,0.27420754,0.27420754,1e-05,3.29289436,0.07576539
10550,0.2501112,0.2501112,1e-05,3.59698176,0.07580508
10555,0.27504048,0.27504046,1e-05,4.78615761,0.07584477
10560,0.28948002,0.28948002,1e-05,5.23193884,0.07588446
10565,0.26097913,0.26097913,1e-05,5.36835814,0.07592415
10570,0.24029164,0.24029164,1e-05,9.68766975,0.07596384
10575,0.22753408,0.22753406,1e-05,4.65309477,0.07600352
10580,0.23578906,0.23578906,1e-05,4.36883974,0.07604321
10585,0.22255006,0.22255003,1e-05,4.65468264,0.0760829
10590,0.33751879,0.33751874,1e-05,5.29124165,0.07612259
10595,0.19742736,0.19742737,1e-05,3.99294662,0.07616228
10600,0.26415243,0.26415243,1e-05,5.16791964,0.07620197
10605,0.24054761,0.24054761,1e-05,4.3086791,0.07624166
10610,0.23034844,0.23034844,1e-05,3.9201169,0.07628134
10615,0.28528225,0.28528223,1e-05,5.44817924,0.07632103
10620,0.28036027,0.28036027,1e-05,3.58146977,0.07636072
10625,0.21027827,0.21027827,1e-05,4.08988667,0.07640041
10630,0.29836738,0.29836738,1e-05,4.99568415,0.0764401
10635,0.22967491,0.22967491,1e-05,7.4879818,0.07647979
10640,0.2820529,0.28205287,1e-05,3.53288579,0.07651948
10645,0.26375172,0.2637517,1e-05,7.12264729,0.07655916
10650,0.2457191,0.2457191,1e-05,3.18548584,0.07659885
10655,0.26725144,0.26725144,1e-05,3.70156932,0.07663854
10660,0.24946611,0.24946609,1e-05,3.86034107,0.07667823
10665,0.26911116,0.26911116,1e-05,4.45547009,0.07671792
10670,0.23226957,0.23226957,1e-05,3.37201524,0.07675761
10675,0.26779947,0.26779947,1e-05,4.27697706,0.07679729
10680,0.23850179,0.23850179,1e-05,4.05740976,0.07683698
10685,0.25667667,0.25667667,1e-05,4.89450741,0.07687667
10690,0.29678905,0.29678903,1e-05,4.40550947,0.07691636
10695,0.2730768,0.2730768,1e-05,6.54845381,0.07695605
10700,0.30723014,0.30723014,1e-05,5.25451374,0.07699574
10705,0.27620993,0.27169408,1e-05,3.56443429,0.07703543
10710,0.23211823,0.23211823,1e-05,5.23960447,0.07707511
10715,0.26134067,0.26134067,1e-05,3.06875896,0.0771148
10720,0.23292274,0.23292274,1e-05,4.32669926,0.07715449
10725,0.2388308,0.2388308,1e-05,3.95462632,0.07719418
10730,0.26319122,0.26319122,1e-05,4.75727749,0.07723387
10735,0.21967745,0.21967745,1e-05,3.16906047,0.07727356
10740,0.23293338,0.23293343,1e-05,6.06615257,0.07731325
10745,0.24127798,0.24127798,1e-05,3.75550723,0.07735293
10750,0.27738726,0.27738729,1e-05,3.41013002,0.07739262
10755,0.31172395,0.31172395,1e-05,6.02404881,0.07743231
10760,0.23894815,0.23894818,1e-05,4.27001715,0.077472
10765,0.28637922,0.28637919,1e-05,4.66554308,0.07751169
10770,0.24923065,0.24923065,1e-05,4.37001562,0.07755138
10775,0.25203528,0.25203528,1e-05,4.56906176,0.07759107
10780,0.25167665,0.25167665,1e-05,3.93114901,0.07763075
10785,0.24504476,0.24504476,1e-05,5.08058691,0.07767044
10790,0.24314456,0.24314461,1e-05,3.9587965,0.07771013
10795,0.27106967,0.27106967,1e-05,3.66835761,0.07774982
10800,0.2666487,0.26664867,1e-05,4.48482227,0.07778951
10805,0.22946303,0.22946303,1e-05,3.75185394,0.0778292
10810,0.29078794,0.29078796,1e-05,8.45813942,0.07786888
10815,0.25858643,0.25858645,1e-05,5.31982231,0.07790857
10820,0.27194371,0.27194366,1e-05,4.44973993,0.07794826
10825,0.22459402,0.224594,1e-05,5.76776218,0.07798795
10830,0.25410981,0.25410981,1e-05,4.43593931,0.07802764
10835,0.21903419,0.21903419,1e-05,4.64705801,0.07806733
10840,0.23746982,0.23746979,1e-05,6.00354195,0.07810702
10845,0.22519312,0.22519312,1e-05,4.32774448,0.0781467
10850,0.22573442,0.22573442,1e-05,4.59361267,0.07818639
10855,0.22963471,0.22963471,1e-05,4.85614538,0.07822608
10860,0.23811679,0.23811679,1e-05,4.86021185,0.07826577
10865,0.26778121,0.26778121,1e-05,9.61706161,0.07830546
10870,0.27439692,0.27439694,1e-05,3.35049653,0.07834515
10875,0.27861323,0.27861323,1e-05,3.45732784,0.07838484
10880,0.231533,0.231533,1e-05,4.50185299,0.07842452
10885,0.22548037,0.22548037,1e-05,5.36141586,0.07846421
10890,0.25985103,0.25985098,1e-05,4.90296555,0.0785039
10895,0.26637435,0.2663744,1e-05,4.91802073,0.07854359
10900,0.28676562,0.2867656,1e-05,4.7403245,0.07858328
10905,0.19542406,0.19542406,1e-05,3.90392184,0.07862297
10910,0.22332926,0.22332926,1e-05,5.16184187,0.07866266
10915,0.20406337,0.20406337,1e-05,4.10652542,0.07870234
10920,0.222314,0.22231402,1e-05,4.20952272,0.07874203
10925,0.26374578,0.26374581,1e-05,3.61139369,0.07878172
10930,0.21559243,0.21559243,1e-05,4.4234705,0.07882141
10935,0.22508326,0.22508326,1e-05,5.21285534,0.0788611
10940,0.3222827,0.3222827,1e-05,8.3699522,0.07890079
10945,0.19975731,0.19975731,1e-05,3.96664071,0.07894048
10950,0.25008266,0.25008266,1e-05,5.21987438,0.07898016
10955,0.20743294,0.20743294,1e-05,3.14053416,0.07901985
10960,0.22643528,0.22643528,1e-05,5.05907393,0.07905954
10965,0.23695421,0.23695421,1e-05,6.41231775,0.07909923
10970,0.24434357,0.24434357,1e-05,4.6217761,0.07913892
10975,0.31269526,0.31269526,1e-05,6.95376253,0.07917861
10980,0.2601181,0.26011815,1e-05,3.87224817,0.07921829
10985,0.27400436,0.27400436,1e-05,5.22112226,0.07925798
10990,0.26112831,0.26112831,1e-05,2.98183608,0.07929767
10995,0.26553841,0.26553841,1e-05,3.32287145,0.07933736
11000,0.24897842,0.24897842,1e-05,4.83901691,0.07937705
11005,0.24752312,0.24752312,1e-05,5.92605591,0.07941674
11010,0.23695459,0.23695457,1e-05,5.14080286,0.07945643
11015,0.29970231,0.29970231,1e-05,6.39178181,0.07949611
11020,0.30854998,0.27933115,1e-05,6.09190369,0.0795358
11025,0.26269124,0.26269124,1e-05,3.83034396,0.07957549
11030,0.30947666,0.30947666,1e-05,5.98382473,0.07961518
11035,0.25111694,0.25111694,1e-05,5.55034304,0.07965487
11040,0.26088395,0.26088395,1e-05,4.81539249,0.07969456
11045,0.24285457,0.2428546,1e-05,3.78847885,0.07973425
11050,0.24762154,0.24762154,1e-05,6.39147806,0.07977393
11055,0.27716403,0.27716405,1e-05,5.12154531,0.07981362
11060,0.2527482,0.2527482,1e-05,4.75726557,0.07985331
11065,0.26752415,0.26752415,1e-05,5.33676624,0.079893
11070,0.28672674,0.28672674,1e-05,6.92650175,0.07993269
11075,0.2286478,0.2286478,1e-05,4.83236361,0.07997238
11080,0.24628255,0.24628255,1e-05,4.21619272,0.08001207
11085,0.28908634,0.28908634,1e-05,7.99481344,0.08005175
11090,0.23685231,0.23685231,1e-05,3.55993271,0.08009144
11095,0.26300325,0.26300323,1e-05,4.09336233,0.08013113
11100,0.25025678,0.25025678,1e-05,3.7661736,0.08017082
11105,0.2359782,0.23597822,1e-05,3.42399597,0.08021051
11110,0.25222383,0.25222383,1e-05,6.9471817,0.0802502
11115,0.22593467,0.22593467,1e-05,3.9706676,0.08028988
11120,0.25718746,0.25718746,1e-05,5.23366261,0.08032957
11125,0.28483343,0.28483338,1e-05,4.95976257,0.08036926
11130,0.23369102,0.23369102,1e-05,4.50528383,0.08040895
11135,0.23502755,0.23502755,1e-05,4.56308985,0.08044864
11140,0.25601058,0.25601058,1e-05,4.10565996,0.08048833
11145,0.24327092,0.24327092,1e-05,3.3445797,0.08052802
11150,0.28079784,0.28079786,1e-05,3.80331922,0.0805677
11155,0.21984768,0.2198477,1e-05,4.42210865,0.08060739
11160,0.2651581,0.26515813,1e-05,4.93143463,0.08064708
11165,0.22496204,0.22496204,1e-05,4.16443396,0.08068677
11170,0.21879163,0.21879163,1e-05,4.18445015,0.08072646
11175,0.26534102,0.265341,1e-05,4.18083572,0.08076615
11180,0.25083981,0.25083981,1e-05,4.84365177,0.08080584
11185,0.2535064,0.2535064,1e-05,6.28299141,0.08084552
11190,0.25831575,0.25831575,1e-05,4.32173014,0.08088521
11195,0.29409609,0.29409606,1e-05,4.9426446,0.0809249
11200,0.25355752,0.25355752,1e-05,3.45428896,0.08096459
11205,0.28487806,0.28487806,1e-05,4.80407333,0.08100428
11210,0.255444,0.255444,1e-05,4.18415117,0.08104397
11215,0.24879632,0.24879632,1e-05,8.97961712,0.08108366
11220,0.27638326,0.27638328,1e-05,4.68706179,0.08112334
11225,0.21428461,0.21428461,1e-05,5.42197514,0.08116303
11230,0.23891339,0.23891339,1e-05,6.40645599,0.08120272
11235,0.27414327,0.27414327,1e-05,5.0637002,0.08124241
11240,0.25727563,0.25727563,1e-05,5.69644737,0.0812821
11245,0.22428789,0.22428789,1e-05,4.84448767,0.08132179
11250,0.25195858,0.25195856,1e-05,4.28092051,0.08136148
11255,0.23773794,0.23773797,1e-05,5.06784678,0.08140116
11260,0.28553619,0.28553622,1e-05,4.47258854,0.08144085
11265,0.25286379,0.25286379,1e-05,5.40925026,0.08148054
11270,0.24086223,0.24086225,1e-05,3.70645976,0.08152023
11275,0.23323398,0.23323398,1e-05,3.03348899,0.08155992
11280,0.2961189,0.2961189,1e-05,4.51271534,0.08159961
11285,0.30745592,0.30745592,1e-05,5.15382147,0.08163929
11290,0.26094797,0.26094799,1e-05,4.44449568,0.08167898
11295,0.22416222,0.22416224,1e-05,3.19734907,0.08171867
11300,0.25214639,0.25214639,1e-05,4.06911421,0.08175836
11305,0.2790781,0.2790781,1e-05,4.68412066,0.08179805
11310,0.23912208,0.23912206,1e-05,6.21729469,0.08183774
11315,0.25389748,0.25389745,1e-05,3.765136,0.08187743
11320,0.24593062,0.24593062,1e-05,3.53997326,0.08191711
11325,0.19348885,0.19348884,1e-05,4.08179855,0.0819568
11330,0.31459799,0.30629191,1e-05,2.37565851,0.08199649
11335,0.27825098,0.27825093,1e-05,5.28636312,0.08203618
11340,0.24628108,0.24628108,1e-05,3.51466513,0.08207587
11345,0.29112737,0.2911274,1e-05,4.86640978,0.08211556
11350,0.26353602,0.26353602,1e-05,6.01655626,0.08215525
11355,0.27770324,0.27770324,1e-05,5.41118097,0.08219493
11360,0.20409546,0.20409544,1e-05,5.16834497,0.08223462
11365,0.27373681,0.27373681,1e-05,17.99487114,0.08227431
11370,0.20082204,0.20082202,1e-05,3.24292588,0.082314
11375,0.24595742,0.24595742,1e-05,5.09437132,0.08235369
11380,0.23560612,0.23560612,1e-05,4.71629381,0.08239338
11385,0.29246464,0.29246464,1e-05,7.24851274,0.08243307
11390,0.2165915,0.2165915,1e-05,3.93680263,0.08247275
11395,0.23355842,0.23355842,1e-05,2.6616199,0.08251244
11400,0.26280565,0.26280563,1e-05,6.87179756,0.08255213
11405,0.25035901,0.25035901,1e-05,5.0729003,0.08259182
11410,0.26145062,0.26145062,1e-05,3.8119967,0.08263151
11415,0.27372503,0.27372503,1e-05,4.35702658,0.0826712
11420,0.23337464,0.23337464,1e-05,4.99495506,0.08271088
11425,0.23302734,0.23302734,1e-05,4.1260066,0.08275057
11430,0.3139838,0.3139838,1e-05,5.44118595,0.08279026
11435,0.25842905,0.25842905,1e-05,4.64273453,0.08282995
11440,0.2528043,0.25280428,1e-05,5.41023636,0.08286964
11445,0.32518094,0.32518098,1e-05,3.76517558,0.08290933
11450,0.27685204,0.27685204,1e-05,4.08840418,0.08294902
11455,0.24161401,0.24161401,1e-05,5.00734997,0.0829887
11460,0.25711782,0.25711784,1e-05,4.46016598,0.08302839
11465,0.21743836,0.21743836,1e-05,3.60558105,0.08306808
11470,0.24010355,0.24010358,1e-05,4.72273016,0.08310777
11475,0.24522364,0.24522364,1e-05,3.25759673,0.08314746
11480,0.19156015,0.19156015,1e-05,3.23256969,0.08318715
11485,0.24004087,0.24004085,1e-05,6.60447359,0.08322684
11490,0.2713052,0.27130518,1e-05,4.44388294,0.08326652
11495,0.28768091,0.28768091,1e-05,4.80384016,0.08330621
11500,0.22179205,0.22179208,1e-05,4.30969667,0.0833459
11505,0.25325747,0.25325747,1e-05,6.65916681,0.08338559
11510,0.27630215,0.27630219,1e-05,15.0968771,0.08342528
11515,0.23854032,0.23854032,1e-05,3.97036076,0.08346497
11520,0.27229233,0.27229233,1e-05,4.73713779,0.08350466
11525,0.26236014,0.26236014,1e-05,4.91415071,0.08354434
11530,0.23141387,0.23141389,1e-05,3.97426891,0.08358403
11535,0.23097744,0.23097746,1e-05,3.44353962,0.08362372
11540,0.24721448,0.24721451,1e-05,5.55624294,0.08366341
11545,0.27663426,0.27663426,1e-05,5.83816719,0.0837031
11550,0.19979095,0.19979098,1e-05,4.00731802,0.08374279
11555,0.24412718,0.2441272,1e-05,4.22303724,0.08378248
11560,0.27223637,0.27223639,1e-05,4.73959112,0.08382216
11565,0.23110461,0.23110461,1e-05,4.2185297,0.08386185
11570,0.25901818,0.25901821,1e-05,5.58702564,0.08390154
11575,0.2442749,0.2442749,1e-05,3.87172699,0.08394123
11580,0.22929859,0.22929859,1e-05,2.98949695,0.08398092
11585,0.27281194,0.27281194,1e-05,6.24139929,0.08402061
11590,0.25605209,0.25605211,1e-05,5.79107523,0.08406029
11595,0.24756854,0.24756854,1e-05,2.58025694,0.08409998
11600,0.22304192,0.22304192,1e-05,4.19947243,0.08413967
11605,0.25983839,0.25983839,1e-05,3.81116819,0.08417936
11610,0.24239879,0.24239879,1e-05,3.99856138,0.08421905
11615,0.23896675,0.23896675,1e-05,4.56689453,0.08425874
11620,0.28734975,0.28734975,1e-05,5.91485643,0.08429843
11625,0.2601347,0.2601347,1e-05,3.97542906,0.08433811
11630,0.21197171,0.21197174,1e-05,4.14437246,0.0843778
11635,0.20070469,0.20070469,1e-05,4.6660471,0.08441749
11640,0.27994058,0.27994056,1e-05,4.63898802,0.08445718
11645,0.32358217,0.30715261,1e-05,4.87122297,0.08449687
11650,0.23956113,0.23956113,1e-05,4.6438098,0.08453656
11655,0.22440815,0.22440815,1e-05,4.67795658,0.08457625
11660,0.24112821,0.24112821,1e-05,4.67156792,0.08461593
11665,0.26334071,0.26334074,1e-05,3.4569335,0.08465562
11670,0.19988252,0.19988251,1e-05,4.18977022,0.08469531
11675,0.24788098,0.24788094,1e-05,4.00561905,0.084735
11680,0.24425559,0.24425559,1e-05,5.80296326,0.08477469
11685,0.21701889,0.21701891,1e-05,4.46573877,0.08481438
11690,0.23677025,0.23677027,1e-05,4.73829222,0.08485407
11695,0.20759027,0.20759027,1e-05,4.08047628,0.08489375
11700,0.26967425,0.26967425,1e-05,5.7170496,0.08493344
11705,0.2585912,0.25859122,1e-05,4.42607164,0.08497313
11710,0.29888926,0.29888926,1e-05,4.81186104,0.08501282
11715,0.26229801,0.26229806,1e-05,6.1810956,0.08505251
11720,0.22918591,0.22918591,1e-05,4.65452766,0.0850922
11725,0.22576699,0.22576699,1e-05,4.18177652,0.08513188
11730,0.25770864,0.25770862,1e-05,3.23218465,0.08517157
11735,0.25120697,0.25120699,1e-05,3.8472929,0.08521126
11740,0.23073165,0.23073163,1e-05,3.9434998,0.08525095
11745,0.26364877,0.26364875,1e-05,5.12247467,0.08529064
11750,0.29511876,0.29511878,1e-05,4.95641184,0.08533033
11755,0.24147391,0.24147391,1e-05,3.9292984,0.08537002
11760,0.23367491,0.23367491,1e-05,3.92274189,0.0854097
11765,0.2644053,0.2644053,1e-05,3.74744058,0.08544939
11770,0.22691908,0.22691913,1e-05,3.11804342,0.08548908
11775,0.2704098,0.27040977,1e-05,5.29383659,0.08552877
11780,0.2780345,0.2780345,1e-05,5.61961222,0.08556846
11785,0.2792706,0.2792706,1e-05,4.71399784,0.08560815
11790,0.25694742,0.25694745,1e-05,4.3865447,0.08564784
11795,0.27934322,0.27934318,1e-05,3.69586229,0.08568752
11800,0.25270627,0.25270624,1e-05,7.9607625,0.08572721
11805,0.33162956,0.33162956,1e-05,5.88633204,0.0857669
11810,0.22890019,0.22890019,1e-05,4.87713242,0.08580659
11815,0.28198018,0.2819802,1e-05,4.25397158,0.08584628
11820,0.20018606,0.20018606,1e-05,4.84978628,0.08588597
11825,0.30243165,0.30243163,1e-05,4.58720589,0.08592566
11830,0.25766642,0.2576664,1e-05,4.17681646,0.08596534
11835,0.24464459,0.24464459,1e-05,3.01170993,0.08600503
11840,0.23125572,0.23125572,1e-05,4.34482908,0.08604472
11845,0.26684113,0.26684113,1e-05,5.98948717,0.08608441
11850,0.19779742,0.19779742,1e-05,3.79974437,0.0861241
11855,0.26457379,0.26457379,1e-05,4.26521778,0.08616379
11860,0.2439414,0.2439414,1e-05,3.10036635,0.08620348
11865,0.26706271,0.26706269,1e-05,4.62861395,0.08624316
11870,0.28903499,0.28903499,1e-05,4.64616823,0.08628285
11875,0.21526518,0.21526518,1e-05,2.56242847,0.08632254
11880,0.228967,0.22896702,1e-05,13.43457699,0.08636223
11885,0.27701776,0.27701778,1e-05,4.66030073,0.08640192
11890,0.22375245,0.22375245,1e-05,3.9026463,0.08644161
11895,0.25158601,0.25158601,1e-05,4.30844831,0.08648129
11900,0.25969372,0.25969372,1e-05,4.30086899,0.08652098
11905,0.25015993,0.25015993,1e-05,7.14305115,0.08656067
11910,0.20061822,0.20061822,1e-05,3.22730255,0.08660036
11915,0.26529522,0.26529522,1e-05,4.89816332,0.08664005
11920,0.24785309,0.24785309,1e-05,6.22561216,0.08667974
11925,0.28737221,0.28737218,1e-05,3.64068747,0.08671943
11930,0.26014776,0.26014771,1e-05,3.35969472,0.08675911
11935,0.22995729,0.22995732,1e-05,4.79184532,0.0867988
11940,0.27279162,0.27279165,1e-05,5.18950748,0.08683849
11945,0.25847921,0.25847921,1e-05,4.56555176,0.08687818
11950,0.24977593,0.24977593,1e-05,4.16567469,0.08691787
11955,0.26424193,0.26389557,1e-05,3.63811255,0.08695756
11960,0.2842732,0.27153804,1e-05,3.88369155,0.08699725
11965,0.19475937,0.19475937,1e-05,3.37724376,0.08703693
11970,0.22955465,0.22955463,1e-05,3.90790725,0.08707662
11975,0.22601402,0.22601399,1e-05,3.21222687,0.08711631
11980,0.22402577,0.22402577,1e-05,3.08878112,0.087156
11985,0.25137737,0.25137737,1e-05,5.1408062,0.08719569
11990,0.2579721,0.2579721,1e-05,4.44764471,0.08723538
11995,0.22432461,0.22432458,1e-05,5.61023951,0.08727507
12000,0.23061519,0.23061519,1e-05,7.44809628,0.08731475
12005,0.26425321,0.26425323,1e-05,3.86405206,0.08735444
12010,0.29609656,0.29609656,1e-05,5.52595854,0.08739413
12015,0.25311446,0.25311446,1e-05,6.79037762,0.08743382
12020,0.30844686,0.30844684,1e-05,3.69077659,0.08747351
12025,0.25063591,0.25063589,1e-05,4.72782612,0.0875132
12030,0.25534997,0.25534995,1e-05,4.42071867,0.08755288
12035,0.25568657,0.25568657,1e-05,4.47385693,0.08759257
12040,0.21363575,0.21363578,1e-05,4.33565807,0.08763226
12045,0.2473352,0.2473352,1e-05,7.93032265,0.08767195
12050,0.27845051,0.27845051,1e-05,4.15790415,0.08771164
12055,0.26269436,0.26269436,1e-05,4.89051008,0.08775133
12060,0.25866542,0.25866542,1e-05,5.05176115,0.08779102
12065,0.25614285,0.25614285,1e-05,4.09900475,0.0878307
12070,0.26009438,0.26009436,1e-05,5.23588037,0.08787039
12075,0.20977025,0.20977025,1e-05,4.76427889,0.08791008
12080,0.24535882,0.2453588,1e-05,4.72845316,0.08794977
12085,0.2463223,0.2463223,1e-05,4.42080021,0.08798946
12090,0.27392521,0.27392521,1e-05,2.63107514,0.08802915
12095,0.27625852,0.27625852,1e-05,3.71288991,0.08806884
12100,0.26275823,0.26275826,1e-05,5.41610718,0.08810852
12105,0.2671737,0.26717372,1e-05,4.04247904,0.08814821
12110,0.25435059,0.25435057,1e-05,4.05635786,0.0881879
12115,0.25210264,0.25210261,1e-05,4.0631876,0.08822759
12120,0.24242535,0.24242537,1e-05,3.5696044,0.08826728
12125,0.24339964,0.24339967,1e-05,4.45620203,0.08830697
12130,0.29084504,0.29084501,1e-05,5.58046007,0.08834666
12135,0.25377059,0.25377057,1e-05,5.12115479,0.08838634
12140,0.27132053,0.27132053,1e-05,4.66467142,0.08842603
12145,0.27727952,0.27727952,1e-05,4.4013648,0.08846572
12150,0.32307291,0.32307291,1e-05,4.82981634,0.08850541
12155,0.19244454,0.19244454,1e-05,3.19612598,0.0885451
12160,0.27851677,0.27851677,1e-05,4.86292982,0.08858479
12165,0.27730634,0.27730634,1e-05,4.6285553,0.08862448
12170,0.26112356,0.26112356,1e-05,4.7867322,0.08866416
12175,0.29491158,0.29491158,1e-05,4.88687372,0.08870385
12180,0.24308064,0.24308064,1e-05,4.86995554,0.08874354
12185,0.29420655,0.29420652,1e-05,5.78506899,0.08878323
12190,0.29281304,0.29281304,1e-05,4.15077114,0.08882292
12195,0.27102952,0.2710295,1e-05,3.8349123,0.08886261
12200,0.23283391,0.23283391,1e-05,3.93063021,0.08890229
12205,0.25771329,0.25771327,1e-05,7.13006687,0.08894198
12210,0.23728967,0.23728967,1e-05,4.83876657,0.08898167
12215,0.19590161,0.19590161,1e-05,3.87854791,0.08902136
12220,0.24415751,0.24415751,1e-05,3.95555902,0.08906105
12225,0.30159109,0.30159106,1e-05,2.97765851,0.08910074
12230,0.22533422,0.22533419,1e-05,3.43372917,0.08914043
12235,0.25616665,0.25616665,1e-05,3.50276375,0.08918011
12240,0.21811869,0.21811869,1e-05,3.50192881,0.0892198
12245,0.20601599,0.20601599,1e-05,5.95898771,0.08925949
12250,0.27323899,0.27323899,1e-05,4.43110657,0.08929918
12255,0.27473733,0.27473736,1e-05,6.42263126,0.08933887
12260,0.21375086,0.21375086,1e-05,3.63140965,0.08937856
12265,0.25733328,0.25733328,1e-05,4.40722561,0.08941825
12270,0.3083724,0.29554441,1e-05,9.30990219,0.08945793
12275,0.25126536,0.25126534,1e-05,3.77977943,0.08949762
12280,0.24228427,0.24228425,1e-05,4.08677387,0.08953731
12285,0.28491855,0.2849185,1e-05,5.03857803,0.089577
12290,0.2773499,0.2773499,1e-05,6.02093697,0.08961669
12295,0.27335553,0.27335553,1e-05,6.28977346,0.08965638
12300,0.26318779,0.26318781,1e-05,5.42987204,0.08969607
12305,0.25697842,0.25697842,1e-05,3.06369114,0.08973575
12310,0.24336667,0.24336667,1e-05,4.15108442,0.08977544
12315,0.23853629,0.23853626,1e-05,3.27193594,0.08981513
12320,0.24124599,0.24124599,1e-05,3.96293306,0.08985482
12325,0.25693188,0.25693188,1e-05,3.94734836,0.08989451
12330,0.2763535,0.2763535,1e-05,8.01541138,0.0899342
12335,0.23750348,0.23750348,1e-05,5.02680683,0.08997388
12340,0.28496399,0.28496399,1e-05,4.01230049,0.09001357
12345,0.25973496,0.25973496,1e-05,5.01321077,0.09005326
12350,0.28841362,0.28841362,1e-05,4.75633907,0.09009295
12355,0.2923023,0.29230227,1e-05,4.98049164,0.09013264
12360,0.217384,0.217384,1e-05,4.9010148,0.09017233
12365,0.25255804,0.25255804,1e-05,5.08108282,0.09021202
12370,0.24393518,0.24393518,1e-05,5.72429132,0.0902517
12375,0.24637551,0.24637551,1e-05,7.07841349,0.09029139
12380,0.28649116,0.28649116,1e-05,4.68393946,0.09033108
12385,0.28991728,0.2899173,1e-05,6.41098166,0.09037077
12390,0.2547075,0.25470748,1e-05,4.46713924,0.09041046
12395,0.29100258,0.29100261,1e-05,3.29458213,0.09045015
12400,0.25267127,0.25267124,1e-05,4.29224586,0.09048984
12405,0.26324949,0.26324949,1e-05,4.72495317,0.09052952
12410,0.2995101,0.2995101,1e-05,6.58449841,0.09056921
12415,0.24809639,0.24809639,1e-05,4.59664202,0.0906089
12420,0.30286384,0.30286384,1e-05,6.35796022,0.09064859
12425,0.22184567,0.2218457,1e-05,4.66591978,0.09068828
12430,0.24020581,0.24020584,1e-05,3.86219168,0.09072797
12435,0.27337651,0.27337651,1e-05,3.90973687,0.09076766
12440,0.26677229,0.26677232,1e-05,8.891119,0.09080734
12445,0.26636786,0.26636786,1e-05,4.22658157,0.09084703
12450,0.27074642,0.27074642,1e-05,4.15988684,0.09088672
12455,0.2350924,0.2350924,1e-05,4.46024895,0.09092641
12460,0.2510864,0.25108643,1e-05,4.80234814,0.0909661
12465,0.23627956,0.23627956,1e-05,4.18278885,0.09100579
12470,0.24807868,0.2480787,1e-05,4.44101,0.09104548
12475,0.23709915,0.23709915,1e-05,6.34424829,0.09108516
12480,0.26474502,0.26474504,1e-05,3.31190896,0.09112485
12485,0.25162201,0.25162203,1e-05,6.30857086,0.09116454
12490,0.21837418,0.21837416,1e-05,3.67373967,0.09120423
12495,0.25758948,0.25758948,1e-05,3.74969602,0.09124392
12500,0.25079908,0.25079908,1e-05,4.38863802,0.09128361
12505,0.27885685,0.27885685,1e-05,4.64373636,0.09132329
12510,0.21967394,0.21967397,1e-05,4.23568964,0.09136298
12515,0.27005229,0.27005229,1e-05,4.59618616,0.09140267
12520,0.26379952,0.26379952,1e-05,5.12325287,0.09144236
12525,0.26313827,0.26313829,1e-05,4.28515959,0.09148205
12530,0.24738619,0.24738622,1e-05,3.01704121,0.09152174
12535,0.23983939,0.23983939,1e-05,4.77069139,0.09156143
12540,0.23927884,0.23927882,1e-05,5.50621939,0.09160111
12545,0.28249474,0.28249474,1e-05,3.93751955,0.0916408
12550,0.2595469,0.25954692,1e-05,4.00321388,0.09168049
12555,0.25594287,0.25594287,1e-05,4.50630617,0.09172018
12560,0.2684082,0.2684082,1e-05,4.04743814,0.09175987
12565,0.27283268,0.27283268,1e-05,4.67149019,0.09179956
12570,0.22557406,0.22557406,1e-05,6.26616907,0.09183925
12575,0.23286738,0.23286736,1e-05,3.59018159,0.09187893
12580,0.25709138,0.25709138,1e-05,4.85167122,0.09191862
12585,0.2941879,0.28054253,1e-05,38.22802734,0.09195831
12590,0.2555609,0.25556092,1e-05,4.73182917,0.091998
12595,0.22427278,0.22427278,1e-05,3.68417549,0.09203769
12600,0.18899894,0.18899894,1e-05,3.26577783,0.09207738
12605,0.28845296,0.28845296,1e-05,4.88421297,0.09211707
12610,0.22082093,0.2208209,1e-05,5.15723467,0.09215675
12615,0.28961306,0.28961306,1e-05,3.40191674,0.09219644
12620,0.26247909,0.26247909,1e-05,5.25671721,0.09223613
12625,0.27989755,0.27989755,1e-05,3.86915302,0.09227582
12630,0.26419544,0.26419544,1e-05,4.9371233,0.09231551
12635,0.24583445,0.24583447,1e-05,5.58295488,0.0923552
12640,0.26436357,0.26436357,1e-05,4.55324841,0.09239488
12645,0.2520287,0.2520287,1e-05,4.25990295,0.09243457
12650,0.2395715,0.23957148,1e-05,4.17580605,0.09247426
12655,0.29370184,0.29370179,1e-05,2.8505609,0.09251395
12660,0.23195419,0.23195419,1e-05,3.20091438,0.09255364
12665,0.26499083,0.26499083,1e-05,5.46829891,0.09259333
12670,0.2220645,0.2220645,1e-05,5.66865873,0.09263302
12675,0.26073294,0.26073294,1e-05,5.41781807,0.0926727
12680,0.26670871,0.26670868,1e-05,3.79555511,0.09271239
12685,0.22160404,0.22160404,1e-05,4.4261384,0.09275208
12690,0.249542,0.249542,1e-05,3.29457974,0.09279177
12695,0.19901972,0.19901971,1e-05,3.25425744,0.09283146
12700,0.26081381,0.26081381,1e-05,4.05848408,0.09287115
12705,0.25640957,0.25640955,1e-05,3.86451387,0.09291084
12710,0.21980853,0.21980853,1e-05,4.96611404,0.09295052
12715,0.26170061,0.26170063,1e-05,4.558321,0.09299021
12720,0.28377509,0.28377509,1e-05,5.8261652,0.0930299
12725,0.22117248,0.22117248,1e-05,4.03821135,0.09306959
12730,0.26798577,0.26798582,1e-05,3.99490881,0.09310928
12735,0.24301686,0.24301686,1e-05,5.51167393,0.09314897
12740,0.22644756,0.22644758,1e-05,5.6701746,0.09318866
12745,0.26268473,0.26268473,1e-05,3.47324133,0.09322834
12750,0.29863744,0.29863744,1e-05,3.48102951,0.09326803
12755,0.24595118,0.24595118,1e-05,3.3753283,0.09330772
12760,0.2534389,0.2534389,1e-05,4.07806444,0.09334741
12765,0.27464652,0.27464652,1e-05,5.5672493,0.0933871
12770,0.24851851,0.24851854,1e-05,4.6076355,0.09342679
12775,0.23301599,0.23301599,1e-05,10.38295841,0.09346648
12780,0.23610084,0.23610086,1e-05,3.76713681,0.09350616
12785,0.22184448,0.22184448,1e-05,3.70412445,0.09354585
12790,0.21181543,0.2118154,1e-05,3.30967402,0.09358554
12795,0.26354172,0.26354172,1e-05,5.22484159,0.09362523
12800,0.25318787,0.25318787,1e-05,3.45035911,0.09366492
12805,0.22897716,0.22897716,1e-05,3.33482313,0.09370461
12810,0.33876691,0.33876691,1e-05,12.69175339,0.09374429
12815,0.24645348,0.2464535,1e-05,5.20741224,0.09378398
12820,0.31515548,0.31515551,1e-05,4.49274969,0.09382367
12825,0.21913817,0.21913817,1e-05,4.47873926,0.09386336
12830,0.27392485,0.27392483,1e-05,4.36548853,0.09390305
12835,0.27154119,0.27154117,1e-05,3.30957007,0.09394274
12840,0.22152891,0.22152891,1e-05,4.96462297,0.09398243
12845,0.23767302,0.23767302,1e-05,3.51119566,0.09402211
12850,0.2375741,0.2375741,1e-05,4.90647411,0.0940618
12855,0.21639161,0.21639163,1e-05,4.06385374,0.09410149
12860,0.25351377,0.25351381,1e-05,3.75492859,0.09414118
12865,0.28201623,0.28201623,1e-05,3.87766767,0.09418087
12870,0.25446124,0.25446119,1e-05,4.01059103,0.09422056
12875,0.25274005,0.25274005,1e-05,4.57098389,0.09426025
12880,0.20125537,0.20125537,1e-05,4.01853418,0.09429993
12885,0.2352602,0.23526022,1e-05,5.74529982,0.09433962
12890,0.2321594,0.23215942,1e-05,3.41237569,0.09437931
12895,0.35879736,0.32508805,1e-05,2.23891783,0.094419
12900,0.25429616,0.25294499,1e-05,3.70804024,0.09445869
12905,0.28276038,0.28276038,1e-05,5.17831898,0.09449838
12910,0.27962298,0.27962298,1e-05,4.17828512,0.09453807
12915,0.25292025,0.25292025,1e-05,3.77602005,0.09457775
12920,0.27890801,0.27890799,1e-05,3.87178707,0.09461744
12925,0.25835629,0.25835626,1e-05,4.99102688,0.09465713
12930,0.22391188,0.22391186,1e-05,3.30936217,0.09469682
12935,0.26465895,0.26465895,1e-05,3.079283,0.09473651
12940,0.22927032,0.22927027,1e-05,4.40368795,0.0947762
12945,0.24602761,0.24602761,1e-05,3.62763643,0.09481588
12950,0.24710231,0.24710231,1e-05,4.18915653,0.09485557
12955,0.2593833,0.2593833,1e-05,4.63819695,0.09489526
12960,0.26378665,0.26378665,1e-05,4.19492197,0.09493495
12965,0.25019624,0.25019627,1e-05,5.04562902,0.09497464
12970,0.27204905,0.27204905,1e-05,5.17225981,0.09501433
12975,0.27933719,0.27933717,1e-05,3.96608353,0.09505402
12980,0.24535615,0.24535615,1e-05,4.3289876,0.0950937
12985,0.26653774,0.26653776,1e-05,6.67829037,0.09513339
12990,0.24928308,0.24928308,1e-05,3.69831252,0.09517308
12995,0.26580272,0.26580267,1e-05,4.72762156,0.09521277
13000,0.2536109,0.2536109,1e-05,5.10578918,0.09525246
13005,0.29657564,0.29657564,1e-05,4.942173,0.09529215
13010,0.27754822,0.27754817,1e-05,3.09439683,0.09533184
13015,0.28386054,0.28386054,1e-05,5.14651155,0.09537152
13020,0.23790791,0.23790791,1e-05,4.02539825,0.09541121
13025,0.24937375,0.24937372,1e-05,3.46030593,0.0954509
13030,0.22307832,0.2230783,1e-05,3.69438958,0.09549059
13035,0.26239796,0.26239796,1e-05,5.4577589,0.09553028
13040,0.26260509,0.26260509,1e-05,4.95691681,0.09556997
13045,0.28080988,0.2808099,1e-05,4.30354786,0.09560966
13050,0.27130516,0.27130513,1e-05,5.9074955,0.09564934
13055,0.26941137,0.26941137,1e-05,5.8369379,0.09568903
13060,0.3061398,0.30613978,1e-05,5.06132889,0.09572872
13065,0.23651085,0.23651085,1e-05,3.28355718,0.09576841
13070,0.25238242,0.25238242,1e-05,4.03591728,0.0958081
13075,0.2588717,0.2588717,1e-05,4.32984304,0.09584779
13080,0.26064396,0.26064391,1e-05,6.67400789,0.09588748
13085,0.2435966,0.2435966,1e-05,4.5043149,0.09592716
13090,0.20839326,0.20839326,1e-05,4.53535795,0.09596685
13095,0.25083492,0.25083494,1e-05,4.36931753,0.09600654
13100,0.28850641,0.28850641,1e-05,3.5021565,0.09604623
13105,0.2787961,0.2787961,1e-05,6.20275593,0.09608592
13110,0.24096346,0.24096344,1e-05,4.93917084,0.09612561
13115,0.25112548,0.25112548,1e-05,5.34792089,0.09616529
13120,0.21562309,0.21562309,1e-05,3.45802164,0.09620498
13125,0.25097213,0.25097215,1e-05,3.61896038,0.09624467
13130,0.27290816,0.27290816,1e-05,2.78364658,0.09628436
13135,0.2218894,0.22188938,1e-05,5.45715618,0.09632405
13140,0.23584528,0.23584528,1e-05,4.4262042,0.09636374
13145,0.28234973,0.28234973,1e-05,5.11582041,0.09640343
13150,0.24708509,0.24708507,1e-05,6.56006718,0.09644311
13155,0.27516696,0.27516699,1e-05,4.03993797,0.0964828
13160,0.25918789,0.25918789,1e-05,4.85123014,0.09652249
13165,0.30335333,0.30335336,1e-05,3.88045192,0.09656218
13170,0.2447809,0.24478092,1e-05,4.50641823,0.09660187
13175,0.22339697,0.22339697,1e-05,6.86902285,0.09664156
13180,0.2595808,0.2595808,1e-05,4.92105198,0.09668125
13185,0.27124174,0.27124174,1e-05,4.32013559,0.09672093
13190,0.27612062,0.27612062,1e-05,4.25232124,0.09676062
13195,0.26883554,0.26883559,1e-05,4.82924414,0.09680031
13200,0.26633554,0.26633554,1e-05,6.01325083,0.09684
13205,0.24480047,0.24480047,1e-05,3.32240295,0.09687969
13210,0.26068182,0.24188929,1e-05,3.18443704,0.09691938
13215,0.24380004,0.24380004,1e-05,4.83063507,0.09695907
13220,0.28106775,0.28106775,1e-05,5.56743622,0.09699875
13225,0.28053288,0.28053293,1e-05,3.52307177,0.09703844
13230,0.27706132,0.27706132,1e-05,6.22843027,0.09707813
13235,0.28577099,0.28577099,1e-05,5.26397038,0.09711782
13240,0.28334317,0.28334317,1e-05,4.79452944,0.09715751
13245,0.27306809,0.27306805,1e-05,3.91724658,0.0971972
13250,0.25572777,0.25572777,1e-05,3.85012913,0.09723688
13255,0.22085009,0.22085009,1e-05,2.81449318,0.09727657
13260,0.24967976,0.24967976,1e-05,6.46139812,0.09731626
13265,0.29001081,0.29001081,1e-05,7.30034542,0.09735595
13270,0.22483082,0.22483084,1e-05,5.50610256,0.09739564
13275,0.29097853,0.29097848,1e-05,6.07444191,0.09743533
13280,0.26275735,0.26275735,1e-05,5.5625124,0.09747502
13285,0.27645206,0.27645206,1e-05,5.66890001,0.0975147
13290,0.25133891,0.25133889,1e-05,5.58034801,0.09755439
13295,0.31696162,0.31696162,1e-05,5.25049782,0.09759408
13300,0.2501749,0.2501749,1e-05,6.22100258,0.09763377
13305,0.24604383,0.24604383,1e-05,4.84104586,0.09767346
13310,0.21885257,0.21885257,1e-05,4.17733765,0.09771315
13315,0.24587822,0.24587822,1e-05,3.14636445,0.09775284
13320,0.30111985,0.30111985,1e-05,4.77411318,0.09779252
13325,0.2906692,0.2906692,1e-05,5.40010023,0.09783221
13330,0.26868851,0.26868854,1e-05,4.49119616,0.0978719
13335,0.23517225,0.23517222,1e-05,4.52984381,0.09791159
13340,0.27773223,0.27773223,1e-05,4.40051508,0.09795128
13345,0.27217941,0.27217941,1e-05,3.92399955,0.09799097
13350,0.24189665,0.24189665,1e-05,4.49225044,0.09803066
13355,0.25878224,0.25878224,1e-05,5.52491665,0.09807034
13360,0.26317923,0.26317925,1e-05,3.36520171,0.09811003
13365,0.30655565,0.30655568,1e-05,5.75959921,0.09814972
13370,0.22843056,0.22843056,1e-05,4.3558917,0.09818941
13375,0.26758122,0.26758122,1e-05,6.32503796,0.0982291
13380,0.25133085,0.25133085,1e-05,4.4219799,0.09826879
13385,0.2662787,0.2662787,1e-05,6.68728876,0.09830848
13390,0.26078978,0.26078978,1e-05,7.44472551,0.09834816
13395,0.2589612,0.25896115,1e-05,5.53855991,0.09838785
13400,0.26467438,0.26467443,1e-05,4.00000429,0.09842754
13405,0.25927882,0.2592788,1e-05,4.00365067,0.09846723
13410,0.24045897,0.24045897,1e-05,3.08227563,0.09850692
13415,0.25566506,0.25566506,1e-05,5.03019094,0.09854661
13420,0.23085976,0.23085976,1e-05,5.24733353,0.09858629
13425,0.27056208,0.27056205,1e-05,2.70518136,0.09862598
13430,0.23442142,0.23442142,1e-05,3.43159318,0.09866567
13435,0.29274678,0.29274678,1e-05,7.03685522,0.09870536
13440,0.28498025,0.28498027,1e-05,4.2365799,0.09874505
13445,0.23899519,0.23899519,1e-05,3.42001724,0.09878474
13450,0.25855651,0.25855651,1e-05,10.15652847,0.09882443
13455,0.21463699,0.21463697,1e-05,4.60833883,0.09886411
13460,0.20013933,0.20013933,1e-05,4.93047667,0.0989038
13465,0.25220809,0.25220807,1e-05,5.83114767,0.09894349
13470,0.23320818,0.23320818,1e-05,3.51020002,0.09898318
13475,0.24065166,0.24065166,1e-05,2.8911562,0.09902287
13480,0.23801744,0.23801742,1e-05,3.61497474,0.09906256
13485,0.29556084,0.29556079,1e-05,13.23683357,0.09910225
13490,0.23565357,0.23565354,1e-05,3.01238322,0.09914193
13495,0.275948,0.275948,1e-05,3.95669293,0.09918162
13500,0.23831129,0.23831129,1e-05,4.92713737,0.09922131
13505,0.27821393,0.27821393,1e-05,4.10971832,0.099261
13510,0.22726374,0.22726374,1e-05,3.77838206,0.09930069
13515,0.25879622,0.25879622,1e-05,3.73451185,0.09934038
13520,0.19731574,0.19697044,1e-05,4.14326859,0.09938007
13525,0.29042192,0.27484803,1e-05,3.98653388,0.09941975
13530,0.23646941,0.23646941,1e-05,5.17902994,0.09945944
13535,0.22713668,0.22713668,1e-05,5.01843452,0.09949913
13540,0.31253645,0.31253645,1e-05,4.46814537,0.09953882
13545,0.27131019,0.27131016,1e-05,3.24870682,0.09957851
13550,0.26093338,0.26093338,1e-05,2.59796238,0.0996182
13555,0.2886584,0.28865838,1e-05,5.34502983,0.09965788
13560,0.25990286,0.25990281,1e-05,5.21119642,0.09969757
13565,0.29172521,0.29172521,1e-05,4.00169039,0.09973726
13570,0.24753971,0.24753966,1e-05,3.90038323,0.09977695
13575,0.30900526,0.30900531,1e-05,4.83659697,0.09981664
13580,0.24941835,0.24941835,1e-05,3.69631052,0.09985633
13585,0.25487363,0.25487363,1e-05,4.26917744,0.09989602
13590,0.2542865,0.25428653,1e-05,4.83230352,0.0999357
13595,0.24598336,0.24598336,1e-05,4.69468975,0.09997539
13600,0.21007001,0.21007001,1e-05,5.14843464,0.10001508
13605,0.24793353,0.24793351,1e-05,3.44913006,0.10005477
13610,0.23623724,0.23623724,1e-05,5.7066431,0.10009446
13615,0.24287138,0.24287138,1e-05,4.1741128,0.10013415
13620,0.23065944,0.23065944,1e-05,4.37624121,0.10017384
13625,0.26096871,0.26096873,1e-05,5.31764364,0.10021352
13630,0.25032811,0.25032811,1e-05,3.61779881,0.10025321
13635,0.23190651,0.23190653,1e-05,4.38383532,0.1002929
13640,0.25134008,0.25134008,1e-05,18.9090271,0.10033259
13645,0.22828865,0.22828865,1e-05,2.78698182,0.10037228
13650,0.21461926,0.21461926,1e-05,4.89146852,0.10041197
13655,0.25162897,0.25162897,1e-05,4.26394224,0.10045166
13660,0.28928487,0.28928485,1e-05,4.66235256,0.10049134
13665,0.24282904,0.24282904,1e-05,4.43651962,0.10053103
13670,0.24558072,0.24558072,1e-05,4.01195526,0.10057072
13675,0.31624508,0.31624508,1e-05,5.41200972,0.10061041
13680,0.28121569,0.28121572,1e-05,5.9592638,0.1006501
13685,0.25514855,0.25514858,1e-05,4.63233328,0.10068979
13690,0.3105711,0.3105711,1e-05,5.41573334,0.10072948
13695,0.21731849,0.21731849,1e-05,3.70268726,0.10076916
13700,0.25195732,0.25195732,1e-05,3.25625205,0.10080885
13705,0.26047297,0.26047297,1e-05,4.57265234,0.10084854
13710,0.23259559,0.23259559,1e-05,3.69753575,0.10088823
13715,0.26287467,0.26287465,1e-05,4.39325762,0.10092792
13720,0.29511948,0.29511948,1e-05,4.7330699,0.10096761
13725,0.26887231,0.26887231,1e-05,4.65889025,0.10100729
13730,0.27596555,0.2759655,1e-05,4.43980885,0.10104698
13735,0.21801915,0.21801915,1e-05,3.94159341,0.10108667
13740,0.25479679,0.25479679,1e-05,9.35038662,0.10112636
13745,0.26483898,0.26483898,1e-05,3.13802791,0.10116605
13750,0.268154,0.26815398,1e-05,5.06158733,0.10120574
13755,0.27025456,0.27025456,1e-05,5.64174461,0.10124543
13760,0.25152249,0.25152249,1e-05,3.79633451,0.10128511
13765,0.26723261,0.26723261,1e-05,5.12869167,0.1013248
13770,0.21370106,0.21370106,1e-05,3.63672113,0.10136449
13775,0.21482215,0.21482217,1e-05,4.2945919,0.10140418
13780,0.23660455,0.23660455,1e-05,3.78623176,0.10144387
13785,0.29226701,0.29226699,1e-05,5.79432917,0.10148356
13790,0.30467534,0.30467532,1e-05,4.15557528,0.10152325
13795,0.23164549,0.23164551,1e-05,3.76245975,0.10156293
13800,0.2415864,0.2415864,1e-05,5.03694439,0.10160262
13805,0.25893917,0.25893917,1e-05,4.41345072,0.10164231
13810,0.25115609,0.25115614,1e-05,4.61087656,0.101682
13815,0.28948064,0.28948064,1e-05,3.1905756,0.10172169
13820,0.27347398,0.27347393,1e-05,4.52765608,0.10176138
13825,0.2171185,0.2171185,1e-05,4.10203791,0.10180107
13830,0.25696006,0.25696006,1e-05,4.22165823,0.10184075
13835,0.2856091,0.27528278,1e-05,2.80372429,0.10188044
13840,0.2106904,0.2106904,1e-05,5.39062262,0.10192013
13845,0.26058345,0.26058342,1e-05,3.8628521,0.10195982
13850,0.24784632,0.24784629,1e-05,5.42167521,0.10199951
13855,0.27231846,0.27231848,1e-05,5.01558161,0.1020392
13860,0.29188285,0.29188285,1e-05,4.83761406,0.10207888
13865,0.30460348,0.30460346,1e-05,7.64086962,0.10211857
13870,0.24354863,0.24354861,1e-05,3.80594516,0.10215826
13875,0.22299223,0.22299223,1e-05,3.64752793,0.10219795
13880,0.2811574,0.2811574,1e-05,6.77718687,0.10223764
13885,0.25875199,0.25875201,1e-05,3.84232903,0.10227733
13890,0.21043503,0.21043506,1e-05,3.6430006,0.10231702
13895,0.23573599,0.23573599,1e-05,4.98245192,0.1023567
13900,0.26352243,0.26352243,1e-05,4.43934679,0.10239639
13905,0.25369046,0.25369046,1e-05,5.40814161,0.10243608
13910,0.25777538,0.25777538,1e-05,3.92399621,0.10247577
13915,0.27381523,0.27381525,1e-05,3.66758609,0.10251546
13920,0.28959112,0.28959107,1e-05,4.05819893,0.10255515
13925,0.23007734,0.23007734,1e-05,6.0601449,0.10259484
13930,0.24379432,0.2437943,1e-05,3.14093041,0.10263452
13935,0.28103557,0.28103557,1e-05,3.78021312,0.10267421
13940,0.31253562,0.31253562,1e-05,8.66778088,0.1027139
13945,0.25361047,0.25361047,1e-05,4.13859129,0.10275359
13950,0.22250309,0.22250309,1e-05,5.36299324,0.10279328
13955,0.29421072,0.29421072,1e-05,5.17635441,0.10283297
13960,0.23004851,0.23004854,1e-05,4.89515495,0.10287266
13965,0.23717482,0.2371748,1e-05,5.45361328,0.10291234
13970,0.24507632,0.24507632,1e-05,3.63060093,0.10295203
13975,0.26552668,0.26552668,1e-05,4.83814669,0.10299172
13980,0.23073306,0.23073308,1e-05,4.60534716,0.10303141
13985,0.22376869,0.22376869,1e-05,4.07786036,0.1030711
13990,0.27270944,0.27270942,1e-05,4.370152,0.10311079
13995,0.26022673,0.26022673,1e-05,5.07398462,0.10315048
14000,0.22147315,0.22147315,1e-05,3.85452247,0.10319016
14005,0.23647852,0.2364785,1e-05,4.93805838,0.10322985
14010,0.27867517,0.27867515,1e-05,3.88212609,0.10326954
14015,0.25464149,0.25464149,1e-05,4.49615955,0.10330923
14020,0.26072559,0.26072559,1e-05,5.0821476,0.10334892
14025,0.2531729,0.25317292,1e-05,4.35039186,0.10338861
14030,0.24162281,0.24162283,1e-05,4.04991055,0.10342829
14035,0.27085388,0.27085388,1e-05,6.18207264,0.10346798
14040,0.27539406,0.27539406,1e-05,5.64564466,0.10350767
14045,0.23984003,0.23984003,1e-05,3.74816751,0.10354736
14050,0.2305073,0.2305073,1e-05,7.7304101,0.10358705
14055,0.26528561,0.26528563,1e-05,4.33286619,0.10362674
14060,0.2558629,0.25586293,1e-05,4.25120735,0.10366643
14065,0.23430979,0.23430979,1e-05,5.20317793,0.10370611
14070,0.23267186,0.23267186,1e-05,3.92795587,0.1037458
14075,0.27859392,0.27859395,1e-05,5.43145323,0.10378549
14080,0.30268683,0.30268683,1e-05,4.84845448,0.10382518
14085,0.25897999,0.25897999,1e-05,3.01273131,0.10386487
14090,0.26965857,0.26965852,1e-05,3.6814754,0.10390456
14095,0.25258803,0.25258803,1e-05,4.8495903,0.10394425
14100,0.24091446,0.24091446,1e-05,8.73944664,0.10398393
14105,0.28378644,0.28378639,1e-05,4.00937939,0.10402362
14110,0.24920433,0.24920433,1e-05,5.5411005,0.10406331
14115,0.26091075,0.26091077,1e-05,4.67568493,0.104103
14120,0.27553034,0.27553036,1e-05,5.09484196,0.10414269
14125,0.24542608,0.24542608,1e-05,3.76822019,0.10418238
14130,0.26800137,0.26800137,1e-05,4.81111145,0.10422207
14135,0.22686055,0.22686057,1e-05,3.53854632,0.10426175
14140,0.22229335,0.22229333,1e-05,4.16736889,0.10430144
14145,0.29907489,0.29907489,1e-05,7.28954363,0.10434113
14150,0.33015251,0.3089234,1e-05,3.57739568,0.10438082
14155,0.26804194,0.26804194,1e-05,6.51501942,0.10442051
14160,0.199954,0.19995399,1e-05,4.27832174,0.1044602
14165,0.28161218,0.28161221,1e-05,4.16122675,0.10449988
14170,0.24494684,0.24494681,1e-05,5.08007669,0.10453957
14175,0.23354208,0.23354208,1e-05,3.03424716,0.10457926
14180,0.23146124,0.23146124,1e-05,5.37380981,0.10461895
14185,0.26500039,0.26500039,1e-05,3.27166295,0.10465864
14190,0.26482997,0.26482992,1e-05,5.1634469,0.10469833
14195,0.32911344,0.32911346,1e-05,7.30245924,0.10473802
14200,0.22931852,0.22931852,1e-05,2.97533989,0.1047777
14205,0.23857689,0.23857689,1e-05,3.61560917,0.10481739
14210,0.22137704,0.22137704,1e-05,3.97675586,0.10485708
14215,0.2469872,0.24698722,1e-05,5.78426456,0.10489677
14220,0.29077911,0.29077909,1e-05,4.18848085,0.10493646
14225,0.28720407,0.28720407,1e-05,3.91094327,0.10497615
14230,0.28521686,0.28521686,1e-05,4.12108231,0.10501584
14235,0.3152132,0.3152132,1e-05,4.91449833,0.10505552
14240,0.23737109,0.23737111,1e-05,3.87305927,0.10509521
14245,0.28571067,0.28571064,1e-05,4.6490798,0.1051349
14250,0.27065954,0.27065957,1e-05,4.41310358,0.10517459
14255,0.23237243,0.23237243,1e-05,4.06680012,0.10521428
14260,0.2444205,0.24442048,1e-05,3.50339699,0.10525397
14265,0.24900866,0.24900863,1e-05,2.75680113,0.10529366
14270,0.21851258,0.21851263,1e-05,4.76355553,0.10533334
14275,0.31100709,0.31100709,1e-05,4.17606449,0.10537303
14280,0.22135966,0.22135966,1e-05,11.23581219,0.10541272
14285,0.31554012,0.31554015,1e-05,4.41395473,0.10545241
14290,0.27748299,0.27748296,1e-05,5.35029554,0.1054921
14295,0.24292998,0.24292996,1e-05,4.19386673,0.10553179
14300,0.24070673,0.24070673,1e-05,4.768013,0.10557148
14305,0.24958022,0.24958024,1e-05,3.3033483,0.10561116
14310,0.26572418,0.26572421,1e-05,5.9155426,0.10565085
14315,0.24879212,0.24879212,1e-05,9.34463787,0.10569054
14320,0.23135481,0.23135481,1e-05,3.99284148,0.10573023
14325,0.2879118,0.2879118,1e-05,6.32484102,0.10576992
14330,0.31816273,0.31816273,1e-05,4.36487961,0.10580961
14335,0.25538254,0.25538249,1e-05,3.4653585,0.10584929
14340,0.27113335,0.27113333,1e-05,3.32695937,0.10588898
14345,0.24926815,0.24926817,1e-05,3.28454971,0.10592867
14350,0.29450955,0.29450955,1e-05,6.87125969,0.10596836
14355,0.23831115,0.23831115,1e-05,4.11836863,0.10600805
14360,0.24744754,0.24744754,1e-05,4.1456008,0.10604774
14365,0.25107625,0.25107622,1e-05,4.36992121,0.10608743
14370,0.27179389,0.27179389,1e-05,4.76479006,0.10612711
14375,0.29461033,0.29461033,1e-05,4.93581247,0.1061668
14380,0.23696845,0.23696847,1e-05,3.68413329,0.10620649
14385,0.2912446,0.2912446,1e-05,4.20864153,0.10624618
14390,0.28725312,0.28725314,1e-05,5.35975599,0.10628587
14395,0.2863821,0.2863821,1e-05,5.57555771,0.10632556
14400,0.30622826,0.30622826,1e-05,5.59879303,0.10636525
14405,0.26823978,0.26823983,1e-05,4.28781748,0.10640493
14410,0.22357893,0.22357893,1e-05,3.21677232,0.10644462
14415,0.19770801,0.197708,1e-05,4.3547821,0.10648431
14420,0.25024137,0.25024135,1e-05,3.11783457,0.106524
14425,0.3270479,0.32704792,1e-05,8.50593853,0.10656369
14430,0.31120162,0.31120167,1e-05,7.71047926,0.10660338
14435,0.24380603,0.24380603,1e-05,3.03354025,0.10664307
14440,0.25543392,0.25543394,1e-05,4.46178102,0.10668275
14445,0.29336007,0.29336007,1e-05,3.7023809,0.10672244
14450,0.24627604,0.246276,1e-05,4.37996864,0.10676213
14455,0.22750111,0.22750111,1e-05,6.12314653,0.10680182
14460,0.33562975,0.32138586,1e-05,1.71081686,0.10684151
14465,0.25108433,0.24726796,1e-05,3.84717607,0.1068812
14470,0.21090682,0.21090684,1e-05,4.98174906,0.10692088
14475,0.26288948,0.26288948,1e-05,3.5942874,0.10696057
14480,0.20466211,0.20466213,1e-05,3.855582,0.10700026
14485,0.20186372,0.20186372,1e-05,3.45873785,0.10703995
14490,0.24736118,0.24736123,1e-05,5.58899546,0.10707964
14495,0.22350228,0.22350228,1e-05,2.55866265,0.10711933
14500,0.27481451,0.27481451,1e-05,4.58053589,0.10715902
14505,0.22914419,0.22914419,1e-05,5.26716518,0.1071987
14510,0.26435599,0.26435599,1e-05,4.8820138,0.10723839
14515,0.23601065,0.23601065,1e-05,4.73263645,0.10727808
14520,0.28066742,0.2806674,1e-05,3.27378297,0.10731777
14525,0.22577446,0.22577446,1e-05,5.3133111,0.10735746
14530,0.27107115,0.27107115,1e-05,4.54542494,0.10739715
14535,0.27522287,0.27522287,1e-05,3.67214108,0.10743684
14540,0.23551364,0.23551364,1e-05,5.40310669,0.10747652
14545,0.27082601,0.27082601,1e-05,5.69913101,0.10751621
14550,0.29978957,0.2997896,1e-05,8.95728207,0.1075559
14555,0.23527122,0.23527122,1e-05,4.11737347,0.10759559
14560,0.28269081,0.28269083,1e-05,5.35815144,0.10763528
14565,0.2798624,0.27986236,1e-05,3.6721735,0.10767497
14570,0.25267136,0.25267136,1e-05,3.54286695,0.10771466
14575,0.221014,0.221014,1e-05,3.07395339,0.10775434
14580,0.2617209,0.26172085,1e-05,6.05418682,0.10779403
14585,0.24930863,0.24930861,1e-05,4.62806606,0.10783372
14590,0.27030053,0.27030053,1e-05,5.67498493,0.10787341
14595,0.19430797,0.19430797,1e-05,3.77639675,0.1079131
14600,0.23284464,0.23284461,1e-05,4.59086466,0.10795279
14605,0.22207615,0.22207613,1e-05,3.7102747,0.10799248
14610,0.25345254,0.25345254,1e-05,4.28785038,0.10803216
14615,0.29404378,0.29404378,1e-05,4.7397604,0.10807185
14620,0.29013002,0.29013,1e-05,6.49040174,0.10811154
14625,0.27705436,0.27705436,1e-05,5.53537083,0.10815123
14630,0.26898842,0.26898844,1e-05,4.77641153,0.10819092
14635,0.23745339,0.23745339,1e-05,4.97189903,0.10823061
14640,0.28511059,0.28511062,1e-05,4.74225855,0.10827029
14645,0.22437749,0.22437749,1e-05,3.69045973,0.10830998
14650,0.2651197,0.2651197,1e-05,6.25700235,0.10834967
14655,0.27564428,0.27564428,1e-05,2.85163784,0.10838936
14660,0.25409069,0.25409064,1e-05,3.93853354,0.10842905
14665,0.28301654,0.28301654,1e-05,3.29810452,0.10846874
14670,0.28399441,0.28399439,1e-05,4.12795067,0.10850843
14675,0.25939581,0.25939584,1e-05,5.36558723,0.10854811
14680,0.26419237,0.26419234,1e-05,9.51716995,0.1085878
14685,0.27699723,0.27699723,1e-05,4.01353645,0.10862749
14690,0.27125611,0.27125611,1e-05,4.48428774,0.10866718
14695,0.2499001,0.2499001,1e-05,2.97093987,0.10870687
14700,0.26669204,0.26669202,1e-05,4.49657154,0.10874656
14705,0.29607327,0.29607327,1e-05,5.87568474,0.10878625
14710,0.26435981,0.26435981,1e-05,4.19484186,0.10882593
14715,0.2615221,0.26152208,1e-05,4.03599119,0.10886562
14720,0.29542038,0.29542038,1e-05,4.99484158,0.10890531
14725,0.25392613,0.25392613,1e-05,5.60063744,0.108945
14730,0.29199653,0.29199653,1e-05,3.79421544,0.10898469
14735,0.2980345,0.29803452,1e-05,2.8881619,0.10902438
14740,0.27915263,0.27915263,1e-05,5.96033382,0.10906407
14745,0.21069789,0.21069789,1e-05,4.81281614,0.10910375
14750,0.19983699,0.19983698,1e-05,3.45722675,0.10914344
14755,0.29120274,0.29120274,1e-05,4.56918526,0.10918313
14760,0.28844111,0.28844111,1e-05,5.00507498,0.10922282
14765,0.24051125,0.24051125,1e-05,3.31222987,0.10926251
14770,0.30450153,0.30450153,1e-05,4.81486082,0.1093022
14775,0.3080719,0.28395566,1e-05,4.00096178,0.10934188
14780,0.2805773,0.28057733,1e-05,6.86935616,0.10938157
14785,0.23015044,0.23015046,1e-05,4.33193636,0.10942126
14790,0.23021593,0.23021593,1e-05,5.19268513,0.10946095
14795,0.25227227,0.25227227,1e-05,4.78145123,0.10950064
14800,0.26340427,0.26340432,1e-05,3.98815274,0.10954033
14805,0.28902814,0.28902814,1e-05,6.20166016,0.10958002
14810,0.23549511,0.23549514,1e-05,4.71930742,0.1096197
14815,0.26560075,0.26560073,1e-05,3.8759799,0.10965939
14820,0.2556751,0.2556751,1e-05,4.49723101,0.10969908
14825,0.25539386,0.25539386,1e-05,5.16891193,0.10973877
14830,0.2228013,0.2228013,1e-05,5.13323641,0.10977846
14835,0.22711048,0.22711048,1e-05,3.33317852,0.10981815
14840,0.25302768,0.25302768,1e-05,2.75994396,0.10985784
14845,0.29284539,0.29284539,1e-05,5.61476707,0.10989752
14850,0.21684673,0.2168467,1e-05,4.04214621,0.10993721
14855,0.20615449,0.20615449,1e-05,5.00940943,0.1099769
14860,0.23197899,0.23197899,1e-05,3.62833476,0.11001659
14865,0.22415428,0.22415431,1e-05,5.71820116,0.11005628
14870,0.27808886,0.27808886,1e-05,3.63558078,0.11009597
14875,0.25817266,0.25817266,1e-05,5.46992874,0.11013566
14880,0.2369916,0.2369916,1e-05,4.11325312,0.11017534
14885,0.25753517,0.25753517,1e-05,4.56044626,0.11021503
14890,0.19742666,0.19742666,1e-05,2.98204446,0.11025472
14895,0.24274201,0.24274199,1e-05,4.21363783,0.11029441
14900,0.24341304,0.24341304,1e-05,4.9343586,0.1103341
14905,0.30494776,0.30494776,1e-05,5.57341671,0.11037379
14910,0.25509863,0.25509863,1e-05,3.85257506,0.11041348
14915,0.25986567,0.25986567,1e-05,6.03671503,0.11045316
14920,0.25099297,0.25099294,1e-05,3.96467948,0.11049285
14925,0.24366364,0.24366364,1e-05,3.8062048,0.11053254
14930,0.25621376,0.25621376,1e-05,6.63405275,0.11057223
14935,0.19275442,0.19275442,1e-05,5.78415203,0.11061192
14940,0.20367694,0.20367694,1e-05,4.20733547,0.11065161
14945,0.24741514,0.24741516,1e-05,4.48913908,0.11069129
14950,0.27893796,0.27893796,1e-05,5.41614628,0.11073098
14955,0.29232869,0.29232869,1e-05,4.04213905,0.11077067
14960,0.20835953,0.20835953,1e-05,3.57193136,0.11081036
14965,0.22037752,0.22037749,1e-05,4.86352873,0.11085005
14970,0.2798779,0.27987795,1e-05,3.55764794,0.11088974
14975,0.26529181,0.26529181,1e-05,4.1114068,0.11092943
14980,0.23902817,0.23902817,1e-05,3.67026901,0.11096911
14985,0.2340883,0.2340883,1e-05,3.77206826,0.1110088
14990,0.2450614,0.2450614,1e-05,7.79382086,0.11104849
14995,0.25255795,0.25255795,1e-05,3.19859385,0.11108818
15000,0.23723378,0.23723381,1e-05,5.43783617,0.11112787
15005,0.25026646,0.25026646,1e-05,3.65078998,0.11116756
15010,0.2137136,0.2137136,1e-05,3.26563072,0.11120725
15015,0.26441381,0.26441383,1e-05,8.16454411,0.11124693
15020,0.27876825,0.27876825,1e-05,5.40894699,0.11128662
15025,0.27971811,0.27971811,1e-05,4.41257715,0.11132631
15030,0.25482874,0.25482874,1e-05,4.06964302,0.111366
15035,0.23551385,0.23551383,1e-05,3.17889547,0.11140569
15040,0.29320478,0.29320474,1e-05,5.63866663,0.11144538
15045,0.27523904,0.27523901,1e-05,4.20836115,0.11148507
15050,0.27287912,0.2728791,1e-05,6.6660018,0.11152475
15055,0.27269065,0.27269063,1e-05,4.4826417,0.11156444
15060,0.24763896,0.24763894,1e-05,3.7547667,0.11160413
15065,0.26318197,0.26318197,1e-05,3.81276226,0.11164382
15070,0.23080001,0.23080001,1e-05,2.98688626,0.11168351
15075,0.24673619,0.24673619,1e-05,3.21904325,0.1117232
15080,0.26295023,0.26295023,1e-05,6.48759413,0.11176288
15085,0.24946301,0.24946299,1e-05,3.29195142,0.11180257
15090,0.37052035,0.35599229,1e-05,4.2593441,0.11184226
15095,0.2374938,0.2374938,1e-05,5.81145716,0.11188195
15100,0.24670429,0.24670427,1e-05,4.8631525,0.11192164
15105,0.24166939,0.24166942,1e-05,3.93764043,0.11196133
15110,0.23343267,0.2334327,1e-05,6.08810759,0.11200102
15115,0.22782736,0.22782736,1e-05,4.58643532,0.1120407
15120,0.21654415,0.21654415,1e-05,3.08371019,0.11208039
15125,0.30748928,0.3074893,1e-05,4.6199131,0.11212008
15130,0.22357881,0.22357881,1e-05,3.90171385,0.11215977
15135,0.26013126,0.26013126,1e-05,5.58466959,0.11219946
15140,0.21998181,0.21998181,1e-05,5.13979959,0.11223915
15145,0.21630173,0.21630175,1e-05,3.65650916,0.11227884
15150,0.26081841,0.26081839,1e-05,7.04299927,0.11231852
15155,0.23734293,0.23734288,1e-05,3.3518362,0.11235821
15160,0.25860684,0.25860684,1e-05,5.26829195,0.1123979
15165,0.2702704,0.2702704,1e-05,4.06306553,0.11243759
15170,0.23814037,0.23814034,1e-05,2.46886039,0.11247728
15175,0.25631919,0.25631919,1e-05,4.16246033,0.11251697
15180,0.25014617,0.25014617,1e-05,3.4520669,0.11255666
15185,0.28640027,0.28640027,1e-05,3.94173932,0.11259634
15190,0.25319552,0.25319552,1e-05,6.19291878,0.11263603
15195,0.20828881,0.20828881,1e-05,4.5857687,0.11267572
15200,0.28858199,0.28858199,1e-05,8.5871582,0.11271541
15205,0.23272822,0.23272824,1e-05,4.59271049,0.1127551
15210,0.26678009,0.26678009,1e-05,3.79580021,0.11279479
15215,0.25899253,0.25899253,1e-05,3.89264154,0.11283448
15220,0.23934529,0.23934529,1e-05,4.69429731,0.11287416
15225,0.24089208,0.2408921,1e-05,4.30212545,0.11291385
15230,0.25791285,0.25791283,1e-05,4.05658579,0.11295354
15235,0.27884521,0.27884521,1e-05,5.59560728,0.11299323
15240,0.25033164,0.25033162,1e-05,3.96633315,0.11303292
15245,0.27686882,0.2768688,1e-05,4.53718233,0.11307261
15250,0.24483123,0.2448312,1e-05,4.6964283,0.11311229
15255,0.27522941,0.27522941,1e-05,4.89628029,0.11315198
15260,0.21386232,0.21386232,1e-05,4.87043905,0.11319167
15265,0.24461036,0.24461036,1e-05,4.80739594,0.11323136
15270,0.22435527,0.22435527,1e-05,4.93972301,0.11327105
15275,0.2644762,0.2644762,1e-05,3.62522101,0.11331074
15280,0.30128293,0.30128293,1e-05,4.5674057,0.11335043
15285,0.25177019,0.25177019,1e-05,4.46431065,0.11339011
15290,0.24486589,0.24486589,1e-05,5.59085941,0.1134298
15295,0.28924797,0.28924797,1e-05,5.22476196,0.11346949
15300,0.26781635,0.26781638,1e-05,4.05880594,0.11350918
15305,0.26693563,0.26693561,1e-05,3.50948834,0.11354887
15310,0.24549351,0.24549353,1e-05,6.26259613,0.11358856
15315,0.2247189,0.22471893,1e-05,4.68903732,0.11362825
15320,0.28137627,0.28137627,1e-05,3.80259013,0.11366793
15325,0.22568526,0.22568526,1e-05,2.93168616,0.11370762
15330,0.24536297,0.245363,1e-05,9.69946194,0.11374731
15335,0.2788949,0.2788949,1e-05,5.01147604,0.113787
15340,0.23008204,0.23008204,1e-05,6.39082909,0.11382669
15345,0.24081445,0.24081445,1e-05,3.69405842,0.11386638
15350,0.25059047,0.25059049,1e-05,5.37268639,0.11390607
15355,0.2546422,0.2546422,1e-05,4.7075491,0.11394575
15360,0.2504724,0.2504724,1e-05,4.35540724,0.11398544
15365,0.22721214,0.22721214,1e-05,5.04448605,0.11402513
15370,0.2218323,0.2218323,1e-05,3.75169301,0.11406482
15375,0.26805601,0.26805601,1e-05,5.02239466,0.11410451
15380,0.26550264,0.26550267,1e-05,4.27719736,0.1141442
15385,0.27686965,0.27686965,1e-05,4.60903072,0.11418388
15390,0.2046771,0.20467713,1e-05,3.11610007,0.11422357
15395,0.26722541,0.26722543,1e-05,3.97609019,0.11426326
15400,0.30146701,0.28801446,1e-05,3.5036478,0.11430295
15405,0.27697535,0.27480346,1e-05,4.07419491,0.11434264
15410,0.25488377,0.25488374,1e-05,3.52032065,0.11438233
15415,0.26999347,0.2699935,1e-05,5.43409109,0.11442202
15420,0.29930398,0.29930401,1e-05,5.41673374,0.1144617
15425,0.22976899,0.22976899,1e-05,3.28927207,0.11450139
15430,0.2233108,0.2233108,1e-05,4.96511126,0.11454108
15435,0.23365581,0.23365583,1e-05,3.97364545,0.11458077
15440,0.25343132,0.25343132,1e-05,3.84144998,0.11462046
15445,0.2735816,0.2735816,1e-05,6.24739647,0.11466015
15450,0.25702291,0.25702291,1e-05,5.04995108,0.11469984
15455,0.27912395,0.27912397,1e-05,7.61492968,0.11473952
15460,0.25339913,0.25339913,1e-05,4.29985094,0.11477921
15465,0.28141136,0.28141136,1e-05,6.268682,0.1148189
15470,0.25207207,0.25207205,1e-05,4.54385376,0.11485859
15475,0.25292606,0.25292606,1e-05,2.70916128,0.11489828
15480,0.28345823,0.28345823,1e-05,5.01699591,0.11493797
15485,0.2539741,0.25397415,1e-05,4.07124329,0.11497766
15490,0.26105394,0.26105394,1e-05,4.33428764,0.11501734
15495,0.22139297,0.22139292,1e-05,3.86274767,0.11505703
15500,0.24147735,0.24147735,1e-05,5.03247547,0.11509672
15505,0.22027612,0.22027609,1e-05,3.84310532,0.11513641
15510,0.32149763,0.32149763,1e-05,4.97956085,0.1151761
15515,0.23728476,0.23728476,1e-05,4.41133165,0.11521579
15520,0.2621048,0.2621048,1e-05,4.69338989,0.11525548
15525,0.25862,0.25862002,1e-05,6.30433893,0.11529516
15530,0.20981493,0.20981491,1e-05,3.42722011,0.11533485
15535,0.22239251,0.22239254,1e-05,3.9731338,0.11537454
15540,0.29128523,0.2912852,1e-05,3.41324234,0.11541423
15545,0.21910434,0.21910434,1e-05,3.80254889,0.11545392
15550,0.24717348,0.24717348,1e-05,4.33416748,0.11549361
15555,0.26023962,0.26023962,1e-05,4.06495905,0.11553329
15560,0.30721412,0.30721412,1e-05,7.27675867,0.11557298
15565,0.28221297,0.28221297,1e-05,4.23368597,0.11561267
15570,0.24489231,0.24489231,1e-05,5.62457848,0.11565236
15575,0.233922,0.23392198,1e-05,4.10646629,0.11569205
15580,0.2078285,0.20782847,1e-05,2.86679506,0.11573174
15585,0.33526332,0.3352633,1e-05,5.45854712,0.11577143
15590,0.30617852,0.30617852,1e-05,3.51855493,0.11581111
15595,0.20057831,0.20057833,1e-05,3.62282896,0.1158508
15600,0.28765185,0.28765182,1e-05,4.55709696,0.11589049
15605,0.25337672,0.25337672,1e-05,10.39835358,0.11593018
15610,0.27159188,0.27159185,1e-05,5.42800999,0.11596987
15615,0.29193711,0.29193711,1e-05,5.73586178,0.11600956
15620,0.27581711,0.27581711,1e-05,4.17490673,0.11604925
15625,0.29522429,0.29522424,1e-05,4.73629522,0.11608893
15630,0.25199599,0.25199597,1e-05,4.36956596,0.11612862
15635,0.23573484,0.23573484,1e-05,4.47712994,0.11616831
15640,0.27597573,0.27597575,1e-05,3.60565257,0.116208
15645,0.29965649,0.29965644,1e-05,3.7420795,0.11624769
15650,0.31363306,0.31363306,1e-05,3.83175254,0.11628738
15655,0.26049416,0.26049414,1e-05,3.91671705,0.11632707
15660,0.24567175,0.24567177,1e-05,7.41846609,0.11636675
15665,0.27346895,0.27346897,1e-05,4.75355196,0.11640644
15670,0.28365216,0.28365216,1e-05,8.75400734,0.11644613
15675,0.25065212,0.25065207,1e-05,3.72443295,0.11648582
15680,0.25411384,0.25411384,1e-05,4.11284733,0.11652551
15685,0.24262009,0.24262006,1e-05,3.95557213,0.1165652
15690,0.23147449,0.23147449,1e-05,4.49437952,0.11660488
15695,0.26746678,0.26746681,1e-05,4.92335844,0.11664457
15700,0.24337316,0.24337316,1e-05,5.36273766,0.11668426
15705,0.26324651,0.26324649,1e-05,3.85600662,0.11672395
15710,0.27663541,0.27663541,1e-05,5.49577188,0.11676364
15715,0.32197447,0.31429313,1e-05,4.14796495,0.11680333
15720,0.25728364,0.25728364,1e-05,5.04414654,0.11684302
15725,0.23884835,0.23884835,1e-05,3.82250142,0.1168827
15730,0.24518971,0.24518971,1e-05,3.9208777,0.11692239
15735,0.26112561,0.26112561,1e-05,4.07019806,0.11696208
15740,0.28175263,0.28175263,1e-05,7.68211079,0.11700177
15745,0.20815411,0.20815408,1e-05,3.81159616,0.11704146
15750,0.27735815,0.27735815,1e-05,6.31813717,0.11708115
15755,0.26368363,0.26368365,1e-05,2.87755251,0.11712084
15760,0.29924388,0.29924388,1e-05,3.95559907,0.11716052
15765,0.26945496,0.26945496,1e-05,6.09508753,0.11720021
15770,0.27474742,0.27474742,1e-05,4.82321978,0.1172399
15775,0.27459121,0.27459118,1e-05,3.91803718,0.11727959
15780,0.28670425,0.28670425,1e-05,6.66329193,0.11731928
15785,0.25000343,0.25000346,1e-05,2.75537086,0.11735897
15790,0.25020103,0.25020101,1e-05,3.70537615,0.11739866
15795,0.30137513,0.30137513,1e-05,5.46767998,0.11743834
15800,0.28059793,0.28059793,1e-05,4.86137295,0.11747803
15805,0.26621461,0.26621461,1e-05,3.2641511,0.11751772
15810,0.19052571,0.1905257,1e-05,3.61817718,0.11755741
15815,0.26375353,0.26375356,1e-05,4.64451361,0.1175971
15820,0.25209384,0.25209382,1e-05,4.75976753,0.11763679
15825,0.23521364,0.23521366,1e-05,4.72257328,0.11767648
15830,0.28107152,0.28107157,1e-05,5.89875364,0.11771616
15835,0.22316065,0.22316065,1e-05,3.8770535,0.11775585
15840,0.28278313,0.28278313,1e-05,4.30443287,0.11779554
15845,0.29197631,0.29197631,1e-05,5.85824156,0.11783523
15850,0.31300745,0.31300745,1e-05,4.53133297,0.11787492
15855,0.27542987,0.27542987,1e-05,5.62691784,0.11791461
15860,0.27219045,0.27219043,1e-05,3.58384275,0.11795429
15865,0.23061404,0.23061402,1e-05,4.29360008,0.11799398
15870,0.26356263,0.26356263,1e-05,5.48379993,0.11803367
15875,0.27421939,0.27421942,1e-05,4.45719385,0.11807336
15880,0.28773465,0.28773465,1e-05,4.69122267,0.11811305
15885,0.21224549,0.21224549,1e-05,3.43123174,0.11815274
15890,0.24767556,0.24767554,1e-05,3.21148515,0.11819243
15895,0.22715089,0.22715089,1e-05,3.72489405,0.11823211
15900,0.23010421,0.23010421,1e-05,5.4679985,0.1182718
15905,0.25627103,0.25627103,1e-05,4.10029316,0.11831149
15910,0.26047771,0.26047771,1e-05,3.22737694,0.11835118
15915,0.25917897,0.25917897,1e-05,3.21760917,0.11839087
15920,0.24288254,0.24288251,1e-05,3.95677447,0.11843056
15925,0.29007998,0.29007993,1e-05,5.04785538,0.11847025
15930,0.24726491,0.24726491,1e-05,4.42194891,0.11850993
15935,0.27355251,0.27355249,1e-05,6.26246738,0.11854962
15940,0.23638747,0.23638747,1e-05,3.9908452,0.11858931
15945,0.28629847,0.28629851,1e-05,3.35159421,0.118629
15950,0.27374663,0.27374661,1e-05,5.1935544,0.11866869
15955,0.23907561,0.23907561,1e-05,4.03604507,0.11870838
15960,0.29195104,0.29195106,1e-05,5.36681318,0.11874807
15965,0.26668909,0.26668906,1e-05,4.649055,0.11878775
15970,0.28105967,0.28105965,1e-05,4.36903524,0.11882744
15975,0.23286777,0.23286777,1e-05,4.35448551,0.11886713
15980,0.24194546,0.24194546,1e-05,4.89778423,0.11890682
15985,0.25764627,0.25764625,1e-05,4.68058491,0.11894651
15990,0.24165194,0.24165196,1e-05,3.73259592,0.1189862
15995,0.21727915,0.21727915,1e-05,4.09664059,0.11902588
16000,0.2559866,0.25598655,1e-05,3.95605826,0.11906557
16005,0.28324404,0.28324404,1e-05,3.50988269,0.11910526
16010,0.24115796,0.24115796,1e-05,4.14151621,0.11914495
16015,0.24485426,0.24485428,1e-05,4.12501097,0.11918464
16020,0.28666251,0.28666253,1e-05,4.80827379,0.11922433
16025,0.2492327,0.24874472,1e-05,4.65263557,0.11926402
16030,0.3853436,0.36611139,1e-05,5.79000425,0.1193037
16035,0.24801614,0.24801612,1e-05,3.98418307,0.11934339
16040,0.26452847,0.26452847,1e-05,4.39638042,0.11938308
16045,0.21375966,0.21375964,1e-05,6.47407389,0.11942277
16050,0.29105957,0.29105957,1e-05,3.45403862,0.11946246
16055,0.20576196,0.20576193,1e-05,4.06597376,0.11950215
16060,0.25293255,0.25293255,1e-05,5.27592802,0.11954184
16065,0.24439182,0.24439182,1e-05,4.6045785,0.11958152
16070,0.26681314,0.26681311,1e-05,3.35172796,0.11962121
16075,0.23184152,0.23184152,1e-05,3.84067082,0.1196609
16080,0.23652287,0.23652287,1e-05,4.02517653,0.11970059
16085,0.22569911,0.22569914,1e-05,5.37093449,0.11974028
16090,0.31392512,0.31392512,1e-05,5.72115707,0.11977997
16095,0.24990885,0.24990888,1e-05,4.68650341,0.11981966
16100,0.22316689,0.22316689,1e-05,3.42621112,0.11985934
16105,0.294765,0.29476504,1e-05,4.64741135,0.11989903
16110,0.26486783,0.26486783,1e-05,3.73200369,0.11993872
16115,0.22131841,0.22131841,1e-05,4.63973522,0.11997841
16120,0.30756555,0.30756555,1e-05,5.92379236,0.1200181
16125,0.24703832,0.24703832,1e-05,3.17101669,0.12005779
16130,0.26684494,0.26684494,1e-05,3.77948523,0.12009748
16135,0.2321985,0.23219852,1e-05,3.63434196,0.12013716
16140,0.2466418,0.2466418,1e-05,6.74459124,0.12017685
16145,0.2788048,0.27880483,1e-05,4.31802559,0.12021654
16150,0.26847882,0.26847887,1e-05,4.75043249,0.12025623
16155,0.2587863,0.2587863,1e-05,5.32264471,0.12029592
16160,0.3029974,0.3029974,1e-05,3.58504653,0.12033561
16165,0.24837995,0.24837995,1e-05,5.06445312,0.12037529
16170,0.30725117,0.30725117,1e-05,3.4462657,0.12041498
16175,0.23337426,0.23337426,1e-05,4.32875443,0.12045467
16180,0.27924027,0.27924027,1e-05,5.10247946,0.12049436
16185,0.22037473,0.22037475,1e-05,4.41956902,0.12053405
16190,0.29222484,0.29222484,1e-05,5.65074873,0.12057374
16195,0.21234951,0.21234951,1e-05,4.56809568,0.12061343
16200,0.2784663,0.2784663,1e-05,10.9107132,0.12065311
16205,0.23329079,0.23329082,1e-05,4.54420042,0.1206928
16210,0.2220228,0.2220228,1e-05,4.53989315,0.12073249
16215,0.30793662,0.30793664,1e-05,4.37372732,0.12077218
16220,0.21704013,0.21704013,1e-05,3.7194562,0.12081187
16225,0.24865885,0.24865885,1e-05,4.96063232,0.12085156
16230,0.25909657,0.2590966,1e-05,4.69946432,0.12089125
16235,0.21895916,0.21895914,1e-05,3.03386545,0.12093093
16240,0.22309072,0.22309072,1e-05,3.65818095,0.12097062
16245,0.26038437,0.26038437,1e-05,7.23145342,0.12101031
16250,0.28132529,0.28132529,1e-05,5.01579285,0.12105
16255,0.30226815,0.30226812,1e-05,5.3161273,0.12108969
16260,0.25709047,0.25709047,1e-05,4.68559265,0.12112938
16265,0.28932314,0.28932314,1e-05,5.19018221,0.12116907
16270,0.26306484,0.26306484,1e-05,5.00093222,0.12120875
16275,0.22137728,0.22137725,1e-05,4.22785473,0.12124844
16280,0.24041548,0.24041548,1e-05,4.40631008,0.12128813
16285,0.19472214,0.19472215,1e-05,5.65985775,0.12132782
16290,0.29631433,0.29631433,1e-05,5.5412941,0.12136751
16295,0.21380496,0.21380496,1e-05,3.48357606,0.1214072
16300,0.25199122,0.25199125,1e-05,4.05031967,0.12144688
16305,0.22635269,0.22635269,1e-05,4.40685272,0.12148657
16310,0.29971824,0.29971819,1e-05,5.31983852,0.12152626
16315,0.28261194,0.28261194,1e-05,3.83505011,0.12156595
16320,0.26767821,0.26767821,1e-05,3.74294543,0.12160564
16325,0.24116969,0.24116967,1e-05,4.78766394,0.12164533
16330,0.27693987,0.27693987,1e-05,4.48425674,0.12168502
16335,0.22324739,0.22324739,1e-05,5.29527998,0.1217247
16340,0.29230835,0.27038706,1e-05,1.77120149,0.12176439
16345,0.27196846,0.27163551,1e-05,4.10023308,0.12180408
16350,0.2215941,0.2215941,1e-05,9.82401085,0.12184377
16355,0.27308257,0.27308259,1e-05,5.0587678,0.12188346
16360,0.29286742,0.29286745,1e-05,4.10969114,0.12192315
16365,0.29108729,0.29108729,1e-05,5.78817511,0.12196284
16370,0.28308063,0.28308063,1e-05,3.41690993,0.12200252
16375,0.26603265,0.26603265,1e-05,5.65482998,0.12204221
16380,0.2490684,0.2490684,1e-05,4.09937668,0.1220819
16385,0.24627838,0.24627838,1e-05,2.73271561,0.12212159
16390,0.25094771,0.25094771,1e-05,5.89765835,0.12216128
16395,0.25719352,0.25719352,1e-05,4.9053359,0.12220097
16400,0.27945187,0.27945185,1e-05,4.39342499,0.12224066
16405,0.29696655,0.29696655,1e-05,6.49934864,0.12228034
16410,0.22832909,0.22832911,1e-05,4.34330654,0.12232003
16415,0.26381774,0.26381774,1e-05,3.71098113,0.12235972
16420,0.25032008,0.2503201,1e-05,4.54286098,0.12239941
16425,0.26807218,0.2680722,1e-05,4.06949663,0.1224391
16430,0.24574876,0.24574876,1e-05,3.57157445,0.12247879
16435,0.20276139,0.20276136,1e-05,4.02550793,0.12251848
16440,0.21528358,0.21528358,1e-05,4.17366505,0.12255816
16445,0.27128658,0.27128661,1e-05,4.8307085,0.12259785
16450,0.27659149,0.27659149,1e-05,4.88558817,0.12263754
16455,0.24637198,0.24637198,1e-05,4.55753469,0.12267723
16460,0.21883101,0.21883101,1e-05,4.94846392,0.12271692
16465,0.25840225,0.25840223,1e-05,3.15612435,0.12275661
16470,0.29569535,0.29569535,1e-05,3.07801008,0.12279629
16475,0.27757463,0.27757463,1e-05,5.19635868,0.12283598
16480,0.26826766,0.26826766,1e-05,5.44822264,0.12287567
16485,0.26331239,0.26331234,1e-05,3.62373352,0.12291536
16490,0.29690626,0.29690623,1e-05,5.30055714,0.12295505
16495,0.24737711,0.24737716,1e-05,2.91166401,0.12299474
16500,0.26910057,0.26910055,1e-05,4.9912324,0.12303443
16505,0.24789124,0.24789126,1e-05,4.65629148,0.12307411
16510,0.27354078,0.27354078,1e-05,5.26887608,0.1231138
16515,0.2558217,0.2558217,1e-05,5.04715824,0.12315349
16520,0.27941172,0.2794117,1e-05,6.12661362,0.12319318
16525,0.22226975,0.22226977,1e-05,4.86257267,0.12323287
16530,0.23741412,0.23741412,1e-05,5.2378993,0.12327256
16535,0.27663469,0.27663469,1e-05,4.69378138,0.12331225
16540,0.23467255,0.23467252,1e-05,6.90751171,0.12335193
16545,0.22838333,0.22838335,1e-05,5.26113892,0.12339162
16550,0.27118614,0.27118614,1e-05,4.0567131,0.12343131
16555,0.27043955,0.27043953,1e-05,4.89041615,0.123471
16560,0.27841702,0.27841702,1e-05,7.68213129,0.12351069
16565,0.25895538,0.25895538,1e-05,5.15876818,0.12355038
16570,0.24922137,0.24922137,1e-05,3.3343451,0.12359007
16575,0.24522378,0.24522378,1e-05,5.5078001,0.12362975
16580,0.26865997,0.26865997,1e-05,3.30907679,0.12366944
16585,0.28898478,0.2889848,1e-05,4.9937768,0.12370913
16590,0.21648521,0.21648521,1e-05,6.57678795,0.12374882
16595,0.28288832,0.28288832,1e-05,5.25147963,0.12378851
16600,0.28198204,0.28198204,1e-05,5.03686857,0.1238282
16605,0.23829215,0.23829215,1e-05,14.19772148,0.12386788
16610,0.27641087,0.27641087,1e-05,7.01274109,0.12390757
16615,0.28952248,0.28952248,1e-05,4.29227829,0.12394726
16620,0.23982599,0.23982596,1e-05,6.13104486,0.12398695
16625,0.26341839,0.26341841,1e-05,5.3332963,0.12402664
16630,0.25869169,0.25869174,1e-05,4.78098583,0.12406633
16635,0.26807039,0.26807041,1e-05,4.16767168,0.12410602
16640,0.27431731,0.27431731,1e-05,3.79386353,0.1241457
16645,0.27320676,0.27320676,1e-05,3.81899524,0.12418539
16650,0.24870582,0.24870579,1e-05,3.43384147,0.12422508
16655,0.31513951,0.29775159,1e-05,3.95210624,0.12426477
16660,0.23065267,0.23065267,1e-05,3.8970356,0.12430446
16665,0.23249753,0.23249755,1e-05,4.92649841,0.12434415
16670,0.26977639,0.26977639,1e-05,3.97450972,0.12438384
16675,0.2366981,0.2366981,1e-05,3.83865285,0.12442352
16680,0.24223533,0.24223533,1e-05,4.46773386,0.12446321
16685,0.22739003,0.22739,1e-05,3.36640024,0.1245029
16690,0.24667406,0.24667406,1e-05,3.91116595,0.12454259
16695,0.21456189,0.21456189,1e-05,3.93304443,0.12458228
16700,0.24027207,0.24027205,1e-05,5.02529049,0.12462197
16705,0.20488253,0.20488253,1e-05,5.14690399,0.12466166
16710,0.25455809,0.25455809,1e-05,5.40103579,0.12470134
16715,0.24243851,0.24243851,1e-05,4.84189463,0.12474103
16720,0.29277806,0.29277806,1e-05,13.10768604,0.12478072
16725,0.23208284,0.23208284,1e-05,4.29246712,0.12482041
16730,0.27125614,0.27125611,1e-05,4.48399305,0.1248601
16735,0.26045728,0.26045725,1e-05,4.99723196,0.12489979
16740,0.24476671,0.24476671,1e-05,4.50764847,0.12493948
16745,0.23708806,0.23708806,1e-05,3.58336949,0.12497916
16750,0.20193875,0.20193877,1e-05,3.09283829,0.12501885
16755,0.24880795,0.24880795,1e-05,4.03624678,0.12505854
16760,0.25620906,0.25620904,1e-05,5.50495052,0.12509823
16765,0.2589922,0.2589922,1e-05,3.28939676,0.12513792
16770,0.28012729,0.28012733,1e-05,4.64418316,0.12517761
16775,0.26104259,0.26104259,1e-05,3.3739996,0.12521729
16780,0.26949539,0.26949534,1e-05,4.70878124,0.12525698
16785,0.24123065,0.24123063,1e-05,3.66457796,0.12529667
16790,0.24034774,0.24034772,1e-05,3.80425334,0.12533636
16795,0.25373578,0.25373578,1e-05,3.56681943,0.12537605
16800,0.27591052,0.27591052,1e-05,7.35663652,0.12541574
16805,0.2373631,0.23736308,1e-05,4.07381535,0.12545543
16810,0.2628911,0.2628911,1e-05,6.07791901,0.12549511
16815,0.27903388,0.27903385,1e-05,4.71760416,0.1255348
16820,0.25890799,0.25890799,1e-05,3.50171828,0.12557449
16825,0.31494861,0.31494861,1e-05,5.12039423,0.12561418
16830,0.22236841,0.22236841,1e-05,5.10451746,0.12565387
16835,0.25936632,0.25936632,1e-05,3.79646826,0.12569356
16840,0.2362922,0.2362922,1e-05,4.12983227,0.12573325
16845,0.31119442,0.31119442,1e-05,4.35455656,0.12577293
16850,0.22865078,0.22865081,1e-05,4.36237717,0.12581262
16855,0.23678653,0.23678651,1e-05,3.3965416,0.12585231
16860,0.25562837,0.2556284,1e-05,3.43085146,0.125892
16865,0.25289242,0.25289245,1e-05,5.51257324,0.12593169
16870,0.25713758,0.25713758,1e-05,5.10870028,0.12597138
16875,0.2809767,0.28097672,1e-05,3.19650364,0.12601107
16880,0.19977605,0.19977605,1e-05,4.38868952,0.12605075
16885,0.2472084,0.2472084,1e-05,4.98222733,0.12609044
16890,0.21788015,0.21788015,1e-05,3.07872653,0.12613013
16895,0.26389403,0.26389403,1e-05,3.91272378,0.12616982
16900,0.27503982,0.27503982,1e-05,5.4419632,0.12620951
16905,0.26177282,0.26177282,1e-05,4.5165472,0.1262492
16910,0.25444026,0.25444026,1e-05,3.98066211,0.12628888
16915,0.2570137,0.25701375,1e-05,3.4684217,0.12632857
16920,0.28504462,0.28504462,1e-05,3.45077705,0.12636826
16925,0.30793984,0.30793982,1e-05,6.09608221,0.12640795
16930,0.24668913,0.24668911,1e-05,5.42442179,0.12644764
16935,0.27532506,0.27532506,1e-05,4.05842876,0.12648733
16940,0.28120816,0.28120816,1e-05,4.45759249,0.12652702
16945,0.29692504,0.29692507,1e-05,5.68390942,0.1265667
16950,0.34155757,0.34155753,1e-05,4.19017887,0.12660639
16955,0.24600496,0.24600492,1e-05,4.35516262,0.12664608
16960,0.26985779,0.26985776,1e-05,26.18308258,0.12668577
16965,0.23000257,0.23000259,1e-05,3.55489492,0.12672546
16970,0.33034892,0.32351061,1e-05,6.99132824,0.12676515
16975,0.22333255,0.22333255,1e-05,3.95499206,0.12680484
16980,0.28788791,0.28788793,1e-05,4.89324093,0.12684452
16985,0.28263316,0.28263314,1e-05,4.23840714,0.12688421
16990,0.28269191,0.28269191,1e-05,4.5016036,0.1269239
16995,0.26252394,0.26252394,1e-05,4.69952917,0.12696359
17000,0.2159802,0.21598017,1e-05,5.33879042,0.12700328
17005,0.22409019,0.22409019,1e-05,4.37692928,0.12704297
17010,0.26594644,0.26594644,1e-05,4.21252584,0.12708266
17015,0.27684739,0.27684736,1e-05,4.00263309,0.12712234
17020,0.23811922,0.23811922,1e-05,4.03702307,0.12716203
17025,0.23088884,0.2308888,1e-05,4.28566408,0.12720172
17030,0.34924922,0.34924927,1e-05,6.69303846,0.12724141
17035,0.25503211,0.25503211,1e-05,5.35108471,0.1272811
17040,0.2528399,0.2528399,1e-05,3.94310331,0.12732079
17045,0.27338121,0.27338123,1e-05,4.19540548,0.12736047
17050,0.27964578,0.27964578,1e-05,5.80377483,0.12740016
17055,0.21517913,0.21517913,1e-05,3.4776473,0.12743985
17060,0.26189051,0.26189051,1e-05,6.80440331,0.12747954
17065,0.32071841,0.32071838,1e-05,4.6822753,0.12751923
17070,0.20745716,0.20745716,1e-05,3.71480918,0.12755892
17075,0.26275134,0.26275134,1e-05,5.18081999,0.12759861
17080,0.20632136,0.20632136,1e-05,4.35746956,0.12763829
17085,0.22714272,0.22714269,1e-05,7.66725683,0.12767798
17090,0.25770571,0.25770569,1e-05,3.31949401,0.12771767
17095,0.24587369,0.24587369,1e-05,4.33545113,0.12775736
17100,0.28269486,0.28269489,1e-05,4.34076118,0.12779705
17105,0.28956966,0.28956966,1e-05,3.41121769,0.12783674
17110,0.24088581,0.24088581,1e-05,3.07363009,0.12787643
17115,0.27340689,0.27340691,1e-05,4.19358969,0.12791611
17120,0.29055033,0.2905503,1e-05,4.41567516,0.1279558
17125,0.30474477,0.30474479,1e-05,4.78974628,0.12799549
17130,0.25831819,0.25831819,1e-05,3.63500667,0.12803518
17135,0.22490473,0.22490473,1e-05,4.71541166,0.12807487
17140,0.21804724,0.21804724,1e-05,2.96513462,0.12811456
17145,0.22727952,0.22727952,1e-05,4.52110434,0.12815425
17150,0.26852672,0.26852674,1e-05,3.54382706,0.12819393
17155,0.26895156,0.26895156,1e-05,9.13694668,0.12823362
17160,0.24467759,0.24467762,1e-05,4.5688014,0.12827331
17165,0.21863589,0.21863589,1e-05,3.68932986,0.128313
17170,0.23547924,0.23547926,1e-05,10.73152447,0.12835269
17175,0.27800546,0.27800546,1e-05,5.0757947,0.12839238
17180,0.27068839,0.27068841,1e-05,3.9280417,0.12843207
17185,0.22872283,0.22872281,1e-05,2.74673724,0.12847175
17190,0.28716466,0.28716466,1e-05,5.29925537,0.12851144
17195,0.23288302,0.23288302,1e-05,4.07770061,0.12855113
17200,0.29662907,0.2966291,1e-05,3.82541537,0.12859082
17205,0.28021333,0.28021333,1e-05,4.40315104,0.12863051
17210,0.27147539,0.27147539,1e-05,4.78643942,0.1286702
17215,0.23539162,0.23539159,1e-05,4.88171148,0.12870988
17220,0.28722901,0.28722906,1e-05,6.73994303,0.12874957
17225,0.23873196,0.23873196,1e-05,4.23144722,0.12878926
17230,0.27885618,0.27885613,1e-05,5.28771591,0.12882895
17235,0.2595999,0.25959992,1e-05,3.60248303,0.12886864
17240,0.33249412,0.33249414,1e-05,9.59492207,0.12890833
17245,0.23237877,0.23237877,1e-05,5.62487602,0.12894802
17250,0.25401969,0.25401969,1e-05,2.9968636,0.1289877
17255,0.27460761,0.27460756,1e-05,4.45570517,0.12902739
17260,0.21999428,0.21999428,1e-05,3.39009905,0.12906708
17265,0.25964749,0.25964749,1e-05,4.03138113,0.12910677
17270,0.25339332,0.25339332,1e-05,11.62068081,0.12914646
17275,0.29362187,0.29362192,1e-05,3.90991259,0.12918615
17280,0.38137221,0.36678489,1e-05,4.09817028,0.12922584
17285,0.20239961,0.20239959,1e-05,3.66072178,0.12926552
17290,0.22891791,0.22891793,1e-05,4.17436647,0.12930521
17295,0.32901886,0.32901888,1e-05,5.16171646,0.1293449
17300,0.21027651,0.21027651,1e-05,3.60584402,0.12938459
17305,0.2535054,0.25350537,1e-05,4.59190941,0.12942428
17310,0.26076572,0.26076574,1e-05,5.77728415,0.12946397
17315,0.25514154,0.25514154,1e-05,5.49415398,0.12950366
17320,0.22582707,0.22582707,1e-05,4.59630632,0.12954334
17325,0.28719931,0.28719931,1e-05,4.40283632,0.12958303
17330,0.25036006,0.25036006,1e-05,3.34834194,0.12962272
17335,0.22732582,0.2273258,1e-05,6.69301414,0.12966241
17340,0.27514439,0.27514439,1e-05,4.35024071,0.1297021
17345,0.2443522,0.2443522,1e-05,3.96457696,0.12974179
17350,0.23753302,0.23753302,1e-05,4.00983715,0.12978147
17355,0.28608027,0.28608027,1e-05,4.52513075,0.12982116
17360,0.29344172,0.29344172,1e-05,3.75051117,0.12986085
17365,0.2343843,0.2343843,1e-05,14.33624363,0.12990054
17370,0.2729743,0.2729743,1e-05,4.71361685,0.12994023
17375,0.25973535,0.25973537,1e-05,8.43396664,0.12997992
17380,0.22308688,0.22308688,1e-05,5.51855946,0.13001961
17385,0.33988633,0.33988633,1e-05,4.73794413,0.13005929
17390,0.19404331,0.19404333,1e-05,4.46203232,0.13009898
17395,0.25533681,0.25533681,1e-05,6.37219429,0.13013867
17400,0.2395689,0.2395689,1e-05,4.15910435,0.13017836
17405,0.24202394,0.24202394,1e-05,4.21503401,0.13021805
17410,0.23809159,0.23809161,1e-05,4.90436459,0.13025774
17415,0.23831086,0.23831086,1e-05,4.32685566,0.13029743
17420,0.27528832,0.27528834,1e-05,4.58460999,0.13033711
17425,0.22000322,0.2200032,1e-05,2.68595481,0.1303768
17430,0.20501828,0.20501828,1e-05,3.17403197,0.13041649
17435,0.24567013,0.24567018,1e-05,4.76966858,0.13045618
17440,0.27271581,0.27271581,1e-05,5.56557989,0.13049587
17445,0.24662337,0.24662333,1e-05,3.00809836,0.13053556
17450,0.24887061,0.24887061,1e-05,3.3710146,0.13057525
17455,0.26627712,0.26627715,1e-05,5.18944645,0.13061493
17460,0.23811827,0.23811827,1e-05,3.69991493,0.13065462
17465,0.25536332,0.25536332,1e-05,4.24480391,0.13069431
17470,0.26364577,0.26364579,1e-05,4.07153034,0.130734
17475,0.28583739,0.28583739,1e-05,3.83621359,0.13077369
17480,0.26625261,0.26625261,1e-05,4.28365135,0.13081338
17485,0.25091171,0.25091171,1e-05,6.4568181,0.13085307
17490,0.22666242,0.22666245,1e-05,5.86735535,0.13089275
17495,0.25583649,0.25583649,1e-05,4.55603552,0.13093244
17500,0.26719885,0.26719885,1e-05,4.75517416,0.13097213
17505,0.24526095,0.24526093,1e-05,4.8742137,0.13101182
17510,0.25383124,0.25383124,1e-05,6.0767436,0.13105151
17515,0.23539271,0.23539267,1e-05,6.10816145,0.1310912
17520,0.2402699,0.2402699,1e-05,4.66823339,0.13113088
17525,0.26305265,0.26305265,1e-05,4.36188078,0.13117057
17530,0.21291919,0.21291921,1e-05,3.6343472,0.13121026
17535,0.25404873,0.25404871,1e-05,3.73525906,0.13124995
17540,0.25514765,0.25514765,1e-05,4.85544968,0.13128964
17545,0.23515451,0.23515453,1e-05,4.6562767,0.13132933
17550,0.2801965,0.28019648,1e-05,4.88365459,0.13136902
17555,0.24663386,0.24663384,1e-05,4.39307547,0.1314087
17560,0.2321187,0.2321187,1e-05,4.73470879,0.13144839
17565,0.22126408,0.2212641,1e-05,3.35037136,0.13148808
17570,0.30770195,0.30770192,1e-05,2.76295161,0.13152777
17575,0.28779311,0.28779311,1e-05,5.13165522,0.13156746
17580,0.26751175,0.26751175,1e-05,3.28287578,0.13160715
17585,0.27207599,0.27207599,1e-05,4.37301588,0.13164684
17590,0.25418422,0.25418425,1e-05,4.28395033,0.13168652
17595,0.2690635,0.26396434,1e-05,4.1266098,0.13172621
17600,0.27846966,0.27846966,1e-05,4.69745922,0.1317659
17605,0.22372441,0.22372441,1e-05,4.77458048,0.13180559
17610,0.26834288,0.26834285,1e-05,5.58538294,0.13184528
17615,0.27294207,0.27294207,1e-05,4.66936588,0.13188497
17620,0.23036962,0.23036966,1e-05,4.78324556,0.13192466
17625,0.2812161,0.2812161,1e-05,4.57479715,0.13196434
17630,0.29093728,0.29093728,1e-05,5.05138302,0.13200403
17635,0.22821624,0.22821622,1e-05,3.13716698,0.13204372
17640,0.28319082,0.28319082,1e-05,5.91474152,0.13208341
17645,0.28846951,0.28846951,1e-05,4.9637208,0.1321231
17650,0.30595932,0.30595932,1e-05,5.96387434,0.13216279
17655,0.24241366,0.24241366,1e-05,2.73249412,0.13220247
17660,0.25257001,0.25256999,1e-05,5.27201462,0.13224216
17665,0.22672105,0.2267211,1e-05,3.56294179,0.13228185
17670,0.28122599,0.28122599,1e-05,6.3135128,0.13232154
17675,0.25545819,0.25545819,1e-05,2.37526512,0.13236123
17680,0.24540157,0.24540157,1e-05,4.55202198,0.13240092
17685,0.24248457,0.24248457,1e-05,4.81378698,0.13244061
17690,0.24720695,0.24720693,1e-05,4.20327663,0.13248029
17695,0.27608542,0.27608542,1e-05,4.13860846,0.13251998
17700,0.25731859,0.25731857,1e-05,4.41141987,0.13255967
17705,0.24233737,0.24233737,1e-05,4.20741844,0.13259936
17710,0.22107406,0.22107406,1e-05,3.88332677,0.13263905
17715,0.27385309,0.27385309,1e-05,5.09883404,0.13267874
17720,0.22353363,0.22353363,1e-05,4.38471651,0.13271843
17725,0.24678297,0.24678297,1e-05,5.35860538,0.13275811
17730,0.23970389,0.23970389,1e-05,4.92004156,0.1327978
17735,0.24545135,0.24545133,1e-05,4.92379618,0.13283749
17740,0.26159956,0.26159954,1e-05,3.60614419,0.13287718
17745,0.21623218,0.21623218,1e-05,3.70956659,0.13291687
17750,0.24165182,0.2416518,1e-05,7.27765083,0.13295656
17755,0.31564627,0.31564627,1e-05,5.55083609,0.13299625
17760,0.24623044,0.24623046,1e-05,3.95457196,0.13303593
17765,0.22998226,0.22998228,1e-05,4.877069,0.13307562
17770,0.28655176,0.28655176,1e-05,3.07788944,0.13311531
17775,0.28708682,0.28708682,1e-05,3.71212649,0.133155
17780,0.24724813,0.24724815,1e-05,4.12071609,0.13319469
17785,0.19323877,0.19323877,1e-05,4.21942759,0.13323438
17790,0.30146546,0.30146546,1e-05,3.89409494,0.13327407
17795,0.28145385,0.2814538,1e-05,3.97031522,0.13331375
17800,0.25770297,0.25770297,1e-05,4.58329296,0.13335344
17805,0.25418859,0.25418859,1e-05,3.63506317,0.13339313
17810,0.25954123,0.25954123,1e-05,5.45144081,0.13343282
17815,0.27986455,0.27986455,1e-05,3.93235373,0.13347251
17820,0.22071707,0.22071705,1e-05,4.88768101,0.1335122
17825,0.29064212,0.29064212,1e-05,3.84906292,0.13355188
17830,0.29517503,0.29517503,1e-05,5.95691252,0.13359157
17835,0.30556645,0.30556645,1e-05,3.96630645,0.13363126
17840,0.27353621,0.27353621,1e-05,6.46071434,0.13367095
17845,0.26001725,0.26001725,1e-05,3.81759024,0.13371064
17850,0.22312212,0.22312212,1e-05,4.38638115,0.13375033
17855,0.251754,0.251754,1e-05,3.63817215,0.13379002
17860,0.29027586,0.29027586,1e-05,3.28180671,0.1338297
17865,0.2703908,0.27039077,1e-05,5.40366602,0.13386939
17870,0.25337648,0.25337648,1e-05,2.89241958,0.13390908
17875,0.27441971,0.27441974,1e-05,5.68159246,0.13394877
17880,0.30984731,0.30984731,1e-05,12.88002014,0.13398846
17885,0.23411803,0.23411803,1e-05,2.60422444,0.13402815
17890,0.28605886,0.28605883,1e-05,4.90608072,0.13406784
17895,0.23615658,0.23615661,1e-05,5.50790358,0.13410752
17900,0.29364843,0.29364841,1e-05,3.62344623,0.13414721
17905,0.31213672,0.29393648,1e-05,1.84674072,0.1341869
17910,0.36329937,0.3641319,1e-05,5.41928053,0.13422659
17915,0.27163675,0.27163675,1e-05,4.66521454,0.13426628
17920,0.2363344,0.2363344,1e-05,4.27699804,0.13430597
17925,0.25317693,0.25317693,1e-05,4.00886917,0.13434566
17930,0.23413444,0.23413444,1e-05,3.55221939,0.13438534
17935,0.22146575,0.22146575,1e-05,4.32897091,0.13442503
17940,0.21858163,0.21858163,1e-05,2.75605345,0.13446472
17945,0.28969877,0.28969879,1e-05,6.4338026,0.13450441
17950,0.25855832,0.25855832,1e-05,4.26596212,0.1345441
17955,0.23990526,0.23990526,1e-05,5.88222837,0.13458379
17960,0.28811135,0.28811135,1e-05,3.50869465,0.13462347
17965,0.21313353,0.21313355,1e-05,4.48031425,0.13466316
17970,0.32193558,0.32193561,1e-05,8.16785622,0.13470285
17975,0.27536416,0.27536418,1e-05,3.07814431,0.13474254
17980,0.24036458,0.24036458,1e-05,5.71891356,0.13478223
17985,0.26160011,0.26160011,1e-05,3.68679571,0.13482192
17990,0.27685633,0.27685633,1e-05,4.97026634,0.13486161
17995,0.24273186,0.24273186,1e-05,4.19264174,0.13490129
18000,0.27242689,0.27242687,1e-05,3.82523656,0.13494098
18005,0.30523663,0.3052366,1e-05,4.47718859,0.13498067
18010,0.25026133,0.25026135,1e-05,4.73850012,0.13502036
18015,0.25525751,0.25525751,1e-05,4.03045893,0.13506005
18020,0.25998378,0.25998378,1e-05,4.03316879,0.13509974
18025,0.31604047,0.31604047,1e-05,10.27657127,0.13513943
18030,0.28121729,0.28121729,1e-05,3.87123561,0.13517911
18035,0.28371475,0.28371475,1e-05,5.12295008,0.1352188
18040,0.22520497,0.22520494,1e-05,4.15942907,0.13525849
18045,0.25925272,0.25925269,1e-05,4.33985376,0.13529818
18050,0.28040459,0.28040457,1e-05,4.26528978,0.13533787
18055,0.28989685,0.28989685,1e-05,5.24202299,0.13537756
18060,0.28743968,0.28743968,1e-05,7.53509283,0.13541725
18065,0.25601964,0.25601964,1e-05,4.54985332,0.13545693
18070,0.24082427,0.24082427,1e-05,3.80366659,0.13549662
18075,0.28036511,0.28036513,1e-05,4.86921072,0.13553631
18080,0.29860578,0.29860578,1e-05,3.32091451,0.135576
18085,0.26371155,0.26371155,1e-05,3.99144411,0.13561569
18090,0.21550643,0.21550646,1e-05,4.21978664,0.13565538
18095,0.23916311,0.23916311,1e-05,4.56451654,0.13569507
18100,0.23694396,0.23694394,1e-05,4.13073683,0.13573475
18105,0.26875892,0.26875892,1e-05,9.03426361,0.13577444
18110,0.2344564,0.2344564,1e-05,6.64931107,0.13581413
18115,0.2959969,0.29599686,1e-05,5.0150423,0.13585382
18120,0.24142737,0.24142737,1e-05,5.70196104,0.13589351
18125,0.27642655,0.2764266,1e-05,6.89369583,0.1359332
18130,0.22384706,0.22384706,1e-05,5.31050539,0.13597288
18135,0.26723495,0.2672349,1e-05,4.0096817,0.13601257
18140,0.24015234,0.24015231,1e-05,3.17073607,0.13605226
18145,0.29438365,0.29438367,1e-05,5.36629295,0.13609195
18150,0.23923252,0.23923254,1e-05,3.85461926,0.13613164
18155,0.28142962,0.28142962,1e-05,6.3258543,0.13617133
18160,0.3143332,0.3143332,1e-05,5.43234158,0.13621102
18165,0.28853183,0.28853183,1e-05,8.3667202,0.1362507
18170,0.24434702,0.244347,1e-05,3.53389978,0.13629039
18175,0.25179048,0.25179048,1e-05,4.43614674,0.13633008
18180,0.2838686,0.2838686,1e-05,5.1140027,0.13636977
18185,0.27482691,0.27482691,1e-05,4.49370432,0.13640946
18190,0.28666816,0.28666818,1e-05,4.23574781,0.13644915
18195,0.22863231,0.22863231,1e-05,4.4885931,0.13648884
18200,0.24365983,0.24365978,1e-05,4.57289743,0.13652852
18205,0.24063816,0.24063816,1e-05,4.11495495,0.13656821
18210,0.26050696,0.26050696,1e-05,5.87352037,0.1366079
18215,0.31670818,0.31670818,1e-05,6.33489466,0.13664759
18220,0.28616934,0.27687384,1e-05,4.22096205,0.13668728
18225,0.23196123,0.23196125,1e-05,4.25174999,0.13672697
18230,0.26665606,0.26665606,1e-05,4.64507246,0.13676666
18235,0.28623266,0.28623266,1e-05,6.27100849,0.13680634
18240,0.31965184,0.31965184,1e-05,4.23742723,0.13684603
18245,0.23188376,0.23188376,1e-05,6.70377493,0.13688572
18250,0.26661489,0.26661491,1e-05,6.17230129,0.13692541
18255,0.28044782,0.28044782,1e-05,6.52168703,0.1369651
18260,0.27107158,0.2710716,1e-05,2.73966241,0.13700479
18265,0.30089459,0.30089459,1e-05,3.99180675,0.13704447
18270,0.26452851,0.26452849,1e-05,4.95810747,0.13708416
18275,0.22144737,0.22144737,1e-05,4.88307667,0.13712385
18280,0.20630581,0.20630581,1e-05,3.83972526,0.13716354
18285,0.25751224,0.25751224,1e-05,5.36284494,0.13720323
18290,0.27890005,0.27890005,1e-05,3.57652307,0.13724292
18295,0.20418391,0.20418391,1e-05,3.92971826,0.13728261
18300,0.23178267,0.23178267,1e-05,3.56549311,0.13732229
18305,0.24573777,0.24573774,1e-05,17.40834999,0.13736198
18310,0.23975387,0.23975387,1e-05,5.8497777,0.13740167
18315,0.28575759,0.28575759,1e-05,5.32353306,0.13744136
18320,0.26147735,0.26147733,1e-05,6.13644505,0.13748105
18325,0.30568714,0.30568714,1e-05,4.2260437,0.13752074
18330,0.25554495,0.25554495,1e-05,4.71761179,0.13756043
18335,0.26291933,0.26291933,1e-05,4.48758173,0.13760011
18340,0.22457199,0.22457197,1e-05,3.48379636,0.1376398
18345,0.26862502,0.26862502,1e-05,3.86729503,0.13767949
18350,0.23982749,0.23982749,1e-05,4.09923029,0.13771918
18355,0.25778201,0.25778201,1e-05,4.20266962,0.13775887
18360,0.2106009,0.2106009,1e-05,6.11094189,0.13779856
18365,0.23998423,0.23998423,1e-05,8.6964035,0.13783825
18370,0.25778661,0.25778661,1e-05,7.0381999,0.13787793
18375,0.26914129,0.26914134,1e-05,5.15955925,0.13791762
18380,0.20825822,0.20825822,1e-05,3.54537201,0.13795731
18385,0.24386716,0.24386716,1e-05,4.58904314,0.137997
18390,0.26026464,0.26026468,1e-05,4.46420813,0.13803669
18395,0.23242178,0.23242178,1e-05,3.83728552,0.13807638
18400,0.23196084,0.23196084,1e-05,4.05502224,0.13811607
18405,0.229094,0.229094,1e-05,5.02757311,0.13815575
18410,0.25917106,0.25917108,1e-05,4.1100812,0.13819544
18415,0.27574303,0.27574306,1e-05,4.25493574,0.13823513
18420,0.28716455,0.28716455,1e-05,5.2434597,0.13827482
18425,0.27139707,0.27139704,1e-05,4.12492371,0.13831451
18430,0.24784923,0.24784923,1e-05,3.81993437,0.1383542
18435,0.26481714,0.26481719,1e-05,3.68865466,0.13839388
18440,0.21253231,0.21253228,1e-05,4.08072805,0.13843357
18445,0.2735683,0.2735683,1e-05,4.01876497,0.13847326
18450,0.22625983,0.22625983,1e-05,3.85313392,0.13851295
18455,0.29305923,0.29305925,1e-05,3.58440208,0.13855264
18460,0.23831959,0.23831959,1e-05,5.88777781,0.13859233
18465,0.23482902,0.23482904,1e-05,4.88552094,0.13863202
18470,0.26894498,0.26894493,1e-05,5.11403131,0.1386717
18475,0.22766378,0.22766378,1e-05,4.79327917,0.13871139
18480,0.26590545,0.26590548,1e-05,3.73290658,0.13875108
18485,0.28031549,0.28031549,1e-05,5.01867437,0.13879077
18490,0.28441696,0.28441696,1e-05,5.8249712,0.13883046
18495,0.24372544,0.24372544,1e-05,5.00274277,0.13887015
18500,0.22744098,0.22744098,1e-05,4.3613677,0.13890984
18505,0.26070542,0.26070542,1e-05,5.50630474,0.13894952
18510,0.29840355,0.29840355,1e-05,4.22340631,0.13898921
18515,0.28673925,0.28673925,1e-05,4.08103037,0.1390289
18520,0.29063163,0.2906316,1e-05,5.64192152,0.13906859
18525,0.28912375,0.28912373,1e-05,4.88222742,0.13910828
18530,0.22728477,0.22814582,1e-05,3.61615348,0.13914797
18535,0.3229547,0.30538864,1e-05,4.78154182,0.13918766
18540,0.2582474,0.25824742,1e-05,4.39915943,0.13922734
18545,0.28431315,0.28431315,1e-05,5.40177631,0.13926703
18550,0.27307873,0.27307873,1e-05,4.31388903,0.13930672
18555,0.2698638,0.2698638,1e-05,5.24591923,0.13934641
18560,0.26248856,0.26248856,1e-05,6.56158924,0.1393861
18565,0.30218964,0.30218961,1e-05,4.65023041,0.13942579
18570,0.33217292,0.33217292,1e-05,5.32133389,0.13946547
18575,0.241821,0.241821,1e-05,5.01232862,0.13950516
18580,0.31577938,0.31577942,1e-05,4.59787321,0.13954485
18585,0.2271194,0.2271194,1e-05,3.55451274,0.13958454
18590,0.26741457,0.26741457,1e-05,4.68141603,0.13962423
18595,0.28168821,0.28168821,1e-05,5.25788546,0.13966392
18600,0.2659368,0.2659368,1e-05,5.20397806,0.13970361
18605,0.21177671,0.21177669,1e-05,3.51326632,0.13974329
18610,0.26029365,0.26029363,1e-05,6.19163179,0.13978298
18615,0.28369503,0.28369498,1e-05,4.53211498,0.13982267
18620,0.26059442,0.26059442,1e-05,3.62285066,0.13986236
18625,0.2931129,0.2931129,1e-05,5.25411034,0.13990205
18630,0.23657117,0.23657117,1e-05,6.00539017,0.13994174
18635,0.27851143,0.27851148,1e-05,5.01842928,0.13998143
18640,0.25157242,0.25157244,1e-05,4.68655491,0.14002111
18645,0.2790298,0.2790298,1e-05,6.1998229,0.1400608
18650,0.29319596,0.29319599,1e-05,4.67477608,0.14010049
18655,0.27508202,0.27508202,1e-05,3.36830425,0.14014018
18660,0.28519731,0.28519731,1e-05,3.81140661,0.14017987
18665,0.27516813,0.27516811,1e-05,4.35202265,0.14021956
18670,0.24945951,0.24945953,1e-05,4.4160223,0.14025925
18675,0.27548318,0.27548318,1e-05,12.1590023,0.14029893
18680,0.25711162,0.25711164,1e-05,4.09088755,0.14033862
18685,0.22347231,0.22347231,1e-05,3.10319614,0.14037831
18690,0.27160268,0.27160265,1e-05,6.65069485,0.140418
18695,0.29529028,0.29529028,1e-05,5.44379187,0.14045769
18700,0.24204049,0.24204049,1e-05,6.01608801,0.14049738
18705,0.25070159,0.25070162,1e-05,4.0617404,0.14053707
18710,0.3106473,0.31064732,1e-05,4.94921684,0.14057675
18715,0.26332009,0.26332011,1e-05,7.17311525,0.14061644
18720,0.30360737,0.30360737,1e-05,5.2177434,0.14065613
18725,0.28443747,0.28443744,1e-05,5.78987932,0.14069582
18730,0.23488016,0.23488014,1e-05,3.72205901,0.14073551
18735,0.279511,0.27951097,1e-05,4.16300106,0.1407752
18740,0.28695159,0.28695154,1e-05,4.68212843,0.14081488
18745,0.23540349,0.23540349,1e-05,5.14007854,0.14085457
18750,0.24305978,0.24305978,1e-05,3.75309682,0.14089426
18755,0.30446866,0.30446863,1e-05,11.8331852,0.14093395
18760,0.22737942,0.22737939,1e-05,3.78760409,0.14097364
18765,0.21648493,0.21648495,1e-05,5.15596867,0.14101333
18770,0.29250083,0.29250083,1e-05,4.87492037,0.14105302
18775,0.22689152,0.22689152,1e-05,4.87369156,0.1410927
18780,0.3024209,0.30242088,1e-05,5.11645126,0.14113239
18785,0.31314144,0.31314144,1e-05,8.61120415,0.14117208
18790,0.2668566,0.26685658,1e-05,5.34427023,0.14121177
18795,0.27766609,0.27766607,1e-05,4.54802227,0.14125146
18800,0.21566911,0.21566913,1e-05,3.58006191,0.14129115
18805,0.24869864,0.24869864,1e-05,5.53236771,0.14133084
18810,0.26802745,0.26802742,1e-05,5.2542429,0.14137052
18815,0.29619899,0.29619899,1e-05,6.23124027,0.14141021
18820,0.26318197,0.26318197,1e-05,4.90440989,0.1414499
18825,0.30184054,0.30184054,1e-05,7.86923456,0.14148959
18830,0.27266176,0.27266178,1e-05,4.2869935,0.14152928
18835,0.21798234,0.21798239,1e-05,3.63352704,0.14156897
18840,0.22419829,0.22419827,1e-05,4.49183083,0.14160866
18845,0.36967473,0.35454758,1e-05,4.32316351,0.14164834
18850,0.22910218,0.22910218,1e-05,4.94045925,0.14168803
18855,0.26796989,0.26796989,1e-05,4.9179492,0.14172772
18860,0.25839703,0.25839703,1e-05,5.37496519,0.14176741
18865,0.30373969,0.30373969,1e-05,3.71915102,0.1418071
18870,0.24951773,0.24951773,1e-05,3.63766694,0.14184679
18875,0.28060508,0.2806051,1e-05,5.71408796,0.14188647
18880,0.26842344,0.26842346,1e-05,3.29631209,0.14192616
18885,0.23777514,0.23777516,1e-05,4.10644007,0.14196585
18890,0.23904562,0.23904564,1e-05,5.19248724,0.14200554
18895,0.20852001,0.20852001,1e-05,4.72338438,0.14204523
18900,0.20245185,0.20245185,1e-05,4.14100599,0.14208492
18905,0.29280937,0.29280937,1e-05,8.27144527,0.14212461
18910,0.25554161,0.25554159,1e-05,2.99677205,0.14216429
18915,0.24024587,0.24024587,1e-05,3.66665101,0.14220398
18920,0.25417595,0.25417595,1e-05,3.95909119,0.14224367
18925,0.25939407,0.25939407,1e-05,7.14111567,0.14228336
18930,0.23654275,0.23654277,1e-05,5.0209198,0.14232305
18935,0.26935861,0.26935861,1e-05,2.84508872,0.14236274
18940,0.28759544,0.28759546,1e-05,4.16765356,0.14240243
18945,0.24704165,0.24704165,1e-05,3.23055315,0.14244211
18950,0.29712455,0.29712453,1e-05,5.99697781,0.1424818
18955,0.24211345,0.24211345,1e-05,5.30067062,0.14252149
18960,0.27879748,0.27879746,1e-05,4.37313414,0.14256118
18965,0.2889008,0.2889008,1e-05,3.75883508,0.14260087
18970,0.27582912,0.27582912,1e-05,5.51111317,0.14264056
18975,0.29278655,0.29278653,1e-05,3.69421291,0.14268025
18980,0.24324269,0.24324269,1e-05,4.52460718,0.14271993
18985,0.21978714,0.21978717,1e-05,2.88836193,0.14275962
18990,0.25828567,0.25828567,1e-05,3.43685985,0.14279931
18995,0.29252508,0.29252508,1e-05,5.1396389,0.142839
19000,0.24848266,0.24848263,1e-05,3.32588172,0.14287869
19005,0.24861755,0.24861755,1e-05,4.80325079,0.14291838
19010,0.2558917,0.2558917,1e-05,4.70227003,0.14295807
19015,0.26457939,0.26457942,1e-05,5.09979725,0.14299775
19020,0.2933435,0.29334352,1e-05,4.10560131,0.14303744
19025,0.30617139,0.30617142,1e-05,5.52917719,0.14307713
19030,0.28156676,0.28156676,1e-05,3.68964553,0.14311682
19035,0.26157217,0.26157217,1e-05,2.74925137,0.14315651
19040,0.24070997,0.24070997,1e-05,3.36810613,0.1431962
19045,0.27125845,0.27125845,1e-05,3.21744633,0.14323588
19050,0.27445321,0.27445319,1e-05,5.2019434,0.14327557
19055,0.24541559,0.24541559,1e-05,4.60966396,0.14331526
19060,0.23580585,0.23580585,1e-05,4.38157797,0.14335495
19065,0.25220189,0.25220189,1e-05,8.36659908,0.14339464
19070,0.26153946,0.26153948,1e-05,4.58723497,0.14343433
19075,0.26590526,0.26590526,1e-05,4.58179331,0.14347402
19080,0.24557457,0.24557457,1e-05,7.17768431,0.1435137
19085,0.24637277,0.24637277,1e-05,4.82632303,0.14355339
19090,0.24558859,0.24558859,1e-05,4.15299129,0.14359308
19095,0.27622046,0.27622046,1e-05,5.07963943,0.14363277
19100,0.263624,0.263624,1e-05,3.75458026,0.14367246
19105,0.196627,0.196627,1e-05,4.04649258,0.14371215
19110,0.31125731,0.31125727,1e-05,5.74081993,0.14375184
19115,0.23400383,0.23400383,1e-05,3.31178451,0.14379152
19120,0.29313364,0.29313364,1e-05,4.39607525,0.14383121
19125,0.26678612,0.26678612,1e-05,4.12690115,0.1438709
19130,0.24829631,0.24829631,1e-05,4.46147346,0.14391059
19135,0.28209739,0.28209739,1e-05,5.49916506,0.14395028
19140,0.27529039,0.27529039,1e-05,5.52428198,0.14398997
19145,0.25951378,0.25951378,1e-05,4.0295229,0.14402966
19150,0.22882605,0.22882605,1e-05,3.10269427,0.14406934
19155,0.27397666,0.27397666,1e-05,4.69321775,0.14410903
19160,0.34084189,0.32817765,1e-05,4.00392675,0.14414872
19165,0.27607894,0.27607889,1e-05,6.77651787,0.14418841
19170,0.27104723,0.27104726,1e-05,4.77399921,0.1442281
19175,0.20213792,0.20213792,1e-05,4.55211878,0.14426779
19180,0.21716938,0.21716938,1e-05,3.70627689,0.14430747
19185,0.23724031,0.23724029,1e-05,3.40900469,0.14434716
19190,0.24817021,0.24817023,1e-05,7.10729218,0.14438685
19195,0.29520984,0.29520984,1e-05,4.83201408,0.14442654
19200,0.29321995,0.29321995,1e-05,4.77492428,0.14446623
19205,0.32172766,0.32172763,1e-05,4.61617851,0.14450592
19210,0.25563145,0.25563145,1e-05,4.7470808,0.14454561
19215,0.26352091,0.26352091,1e-05,3.62708688,0.14458529
19220,0.2557533,0.25575333,1e-05,3.92249203,0.14462498
19225,0.28098145,0.2809814,1e-05,5.84893322,0.14466467
19230,0.2573988,0.25739882,1e-05,3.48847508,0.14470436
19235,0.26590199,0.26590202,1e-05,8.11568928,0.14474405
19240,0.28108244,0.28108244,1e-05,5.17475796,0.14478374
19245,0.20422535,0.20422535,1e-05,4.42058086,0.14482343
19250,0.24914079,0.24914083,1e-05,3.89527059,0.14486311
19255,0.27681661,0.27681656,1e-05,5.91749239,0.1449028
19260,0.25955942,0.25955942,1e-05,4.0174346,0.14494249
19265,0.27073393,0.27073393,1e-05,5.33795118,0.14498218
19270,0.25084472,0.25084476,1e-05,4.46037579,0.14502187
19275,0.22289047,0.22289045,1e-05,5.13494825,0.14506156
19280,0.27333379,0.27333379,1e-05,4.9623518,0.14510125
19285,0.25963888,0.25963888,1e-05,5.9104104,0.14514093
19290,0.29677901,0.29677906,1e-05,5.38619232,0.14518062
19295,0.26828556,0.26828556,1e-05,4.45965862,0.14522031
19300,0.30619118,0.30619116,1e-05,6.19792461,0.14526
19305,0.30287313,0.30287313,1e-05,6.89559555,0.14529969
19310,0.26460643,0.26460643,1e-05,3.69746184,0.14533938
19315,0.24142294,0.24142294,1e-05,4.14905882,0.14537907
19320,0.261167,0.261167,1e-05,11.56762695,0.14541875
19325,0.27201076,0.27201078,1e-05,3.4340353,0.14545844
19330,0.26942844,0.26942842,1e-05,4.4080739,0.14549813
19335,0.22605183,0.22605181,1e-05,5.68292999,0.14553782
19340,0.22765484,0.22765484,1e-05,7.28260517,0.14557751
19345,0.26478758,0.26478758,1e-05,4.66821814,0.1456172
19350,0.25988855,0.25988855,1e-05,6.32193661,0.14565688
19355,0.24281635,0.24281638,1e-05,4.23137522,0.14569657
19360,0.24470584,0.24470584,1e-05,5.33905745,0.14573626
19365,0.26497421,0.26497416,1e-05,4.54930878,0.14577595
19370,0.27801232,0.27801232,1e-05,5.53195763,0.14581564
19375,0.24308977,0.24308977,1e-05,5.35909271,0.14585533
19380,0.26532433,0.26532431,1e-05,4.56190586,0.14589502
19385,0.31838,0.31838,1e-05,8.37666798,0.1459347
19390,0.24352994,0.24352992,1e-05,5.29294586,0.14597439
19395,0.25002708,0.25002708,1e-05,4.29682732,0.14601408
19400,0.27430956,0.27430959,1e-05,4.72672415,0.14605377
19405,0.28660717,0.28660717,1e-05,4.80099678,0.14609346
19410,0.28076777,0.28076777,1e-05,7.05638933,0.14613315
19415,0.27678027,0.27678027,1e-05,4.76756191,0.14617284
19420,0.24846613,0.24846611,1e-05,4.68610811,0.14621252
19425,0.27228708,0.27228708,1e-05,5.85504913,0.14625221
19430,0.25103598,0.251036,1e-05,4.9745512,0.1462919
19435,0.29917562,0.2991756,1e-05,3.77557421,0.14633159
19440,0.34175088,0.34175088,1e-05,6.82563353,0.14637128
19445,0.28249736,0.28249736,1e-05,5.74084663,0.14641097
19450,0.2491919,0.2491919,1e-05,5.29003477,0.14645066
19455,0.2574441,0.2574441,1e-05,4.97057867,0.14649034
19460,0.28149111,0.28149111,1e-05,4.09397268,0.14653003
19465,0.20223658,0.20223658,1e-05,4.97438955,0.14656972
19470,0.31708534,0.3076207,1e-05,4.37249851,0.14660941
19475,0.28923836,0.27296061,1e-05,4.56129885,0.1466491
19480,0.22808111,0.22808111,1e-05,6.23682642,0.14668879
19485,0.26076567,0.26076565,1e-05,4.51818609,0.14672847
19490,0.23428411,0.23428411,1e-05,4.40321541,0.14676816
19495,0.29893131,0.29893134,1e-05,8.8900528,0.14680785
19500,0.26970563,0.26970563,1e-05,4.69898367,0.14684754
19505,0.22456319,0.22456322,1e-05,3.53930092,0.14688723
19510,0.23152816,0.23152814,1e-05,3.3130064,0.14692692
19515,0.28687925,0.28687925,1e-05,4.1631484,0.14696661
19520,0.2452713,0.2452713,1e-05,3.64359689,0.14700629
19525,0.33750398,0.33750398,1e-05,4.39647055,0.14704598
19530,0.29561224,0.29561224,1e-05,3.50879431,0.14708567
19535,0.27165747,0.27165747,1e-05,4.81957483,0.14712536
19540,0.24276347,0.24276347,1e-05,5.3307457,0.14716505
19545,0.25568838,0.25568836,1e-05,4.65650988,0.14720474
19550,0.27215188,0.27215188,1e-05,6.5359149,0.14724443
19555,0.31850951,0.31850951,1e-05,4.25526571,0.14728411
19560,0.28753495,0.28753495,1e-05,3.09840798,0.1473238
19565,0.25204062,0.25204062,1e-05,2.99934912,0.14736349
19570,0.24228373,0.24228373,1e-05,3.38278532,0.14740318
19575,0.25955329,0.25955329,1e-05,4.11102486,0.14744287
19580,0.23344836,0.23344834,1e-05,3.56138778,0.14748256
19585,0.24831727,0.24831724,1e-05,4.88565779,0.14752225
19590,0.22566495,0.22566493,1e-05,5.87664843,0.14756193
19595,0.27055757,0.27055755,1e-05,3.93942308,0.14760162
19600,0.25337679,0.25337682,1e-05,3.11739898,0.14764131
19605,0.2318512,0.2318512,1e-05,15.37053776,0.147681
19610,0.28910522,0.28910522,1e-05,5.34492397,0.14772069
19615,0.28423162,0.28423166,1e-05,3.80067492,0.14776038
19620,0.23071215,0.23071215,1e-05,4.4880662,0.14780007
19625,0.29490428,0.29490428,1e-05,4.81185389,0.14783975
19630,0.27596393,0.27596393,1e-05,4.96765709,0.14787944
19635,0.24862564,0.24862561,1e-05,4.90177822,0.14791913
19640,0.25957384,0.25957384,1e-05,8.08742237,0.14795882
19645,0.23646407,0.2364641,1e-05,2.99395704,0.14799851
19650,0.26159744,0.26159744,1e-05,6.54708529,0.1480382
19655,0.24916832,0.24916835,1e-05,4.93886852,0.14807788
19660,0.24899807,0.24899805,1e-05,5.45091915,0.14811757
19665,0.2857523,0.2857523,1e-05,5.44365644,0.14815726
19670,0.23755209,0.23755207,1e-05,4.30122948,0.14819695
19675,0.23437438,0.23437436,1e-05,4.44353533,0.14823664
19680,0.32315218,0.32315216,1e-05,4.09442997,0.14827633
19685,0.22791686,0.22791686,1e-05,3.46878242,0.14831602
19690,0.24127851,0.24127851,1e-05,4.78778076,0.1483557
19695,0.23689027,0.23689027,1e-05,4.14995813,0.14839539
19700,0.27142949,0.27142949,1e-05,4.04557514,0.14843508
19705,0.20960059,0.20960059,1e-05,4.05617619,0.14847477
19710,0.28606124,0.28606124,1e-05,4.39782572,0.14851446
19715,0.24929509,0.24929509,1e-05,29.71849823,0.14855415
19720,0.26123843,0.26123843,1e-05,3.89910793,0.14859384
19725,0.29992647,0.29992645,1e-05,7.78243685,0.14863352
19730,0.29472766,0.29472761,1e-05,3.69990516,0.14867321
19735,0.26247303,0.26247301,1e-05,4.15171671,0.1487129
19740,0.31961462,0.31961462,1e-05,4.9498415,0.14875259
19745,0.27270503,0.27270503,1e-05,3.32059693,0.14879228
19750,0.27420239,0.27420239,1e-05,4.62950373,0.14883197
19755,0.2250386,0.2250386,1e-05,5.49893713,0.14887166
19760,0.23774621,0.23774621,1e-05,4.12222576,0.14891134
19765,0.22650228,0.22650228,1e-05,3.40737247,0.14895103
19770,0.24699907,0.24699905,1e-05,4.0471468,0.14899072
19775,0.25914958,0.25914955,1e-05,5.24115133,0.14903041
19780,0.29018555,0.29018555,1e-05,6.04366446,0.1490701
19785,0.36221516,0.33075333,1e-05,5.87593365,0.14910979
19790,0.25907111,0.25907111,1e-05,6.96734285,0.14914947
19795,0.32841206,0.32841206,1e-05,7.2276659,0.14918916
19800,0.30701954,0.30701952,1e-05,5.03689861,0.14922885
19805,0.31004257,0.31004257,1e-05,4.23404598,0.14926854
19810,0.25892251,0.25892251,1e-05,5.42075539,0.14930823
19815,0.2948103,0.2948103,1e-05,4.44856691,0.14934792
19820,0.25979857,0.25979857,1e-05,4.42560673,0.14938761
19825,0.21654396,0.21654396,1e-05,3.83046031,0.14942729
19830,0.25499649,0.25499649,1e-05,3.75416565,0.14946698
19835,0.25088639,0.25088642,1e-05,4.46247625,0.14950667
19840,0.22980657,0.22980657,1e-05,5.05228615,0.14954636
19845,0.19553045,0.19553045,1e-05,3.80340886,0.14958605
19850,0.26323314,0.26323309,1e-05,3.50663352,0.14962574
19855,0.27069631,0.27069631,1e-05,4.90668678,0.14966543
19860,0.24684062,0.2468406,1e-05,6.08973455,0.14970511
19865,0.27744906,0.27744904,1e-05,6.38354588,0.1497448
19870,0.22995436,0.22995436,1e-05,3.85227489,0.14978449
19875,0.2424073,0.2424073,1e-05,4.54691172,0.14982418
19880,0.30034399,0.30034401,1e-05,5.542202,0.14986387
19885,0.26148543,0.26148543,1e-05,3.13989067,0.14990356
19890,0.26548371,0.26548371,1e-05,6.12265015,0.14994325
19895,0.23847458,0.23847456,1e-05,4.21788788,0.14998293
19900,0.31094451,0.31094451,1e-05,3.91497374,0.15002262
19905,0.24372745,0.24372745,1e-05,4.21819639,0.15006231
19910,0.26070151,0.26070149,1e-05,3.56956458,0.150102
19915,0.24774983,0.24774985,1e-05,5.88143778,0.15014169
19920,0.28024831,0.28024831,1e-05,4.85742092,0.15018138
19925,0.28614507,0.28614504,1e-05,4.12190437,0.15022107
19930,0.22520874,0.22520876,1e-05,3.54628944,0.15026075
19935,0.29978015,0.29978015,1e-05,3.59468985,0.15030044
19940,0.27726173,0.27726176,1e-05,3.45010972,0.15034013
19945,0.26080494,0.26080492,1e-05,5.29131031,0.15037982
19950,0.25548806,0.25548806,1e-05,5.00073004,0.15041951
19955,0.24666352,0.24666352,1e-05,4.53187561,0.1504592
19960,0.27483997,0.27483997,1e-05,4.19809532,0.15049888
19965,0.25418792,0.25418792,1e-05,4.24848795,0.15053857
19970,0.2930553,0.2930553,1e-05,4.76481485,0.15057826
19975,0.25265222,0.25265219,1e-05,4.8890419,0.15061795
19980,0.26192584,0.26192586,1e-05,6.4057107,0.15065764
19985,0.26496716,0.26496713,1e-05,4.50727892,0.15069733
19990,0.24456282,0.24456282,1e-05,4.75042725,0.15073702
19995,0.23874388,0.23874388,1e-05,3.53131223,0.1507767
20000,0.2694006,0.26940064,1e-05,3.86527586,0.15081639
20005,0.26415718,0.2641572,1e-05,3.98322678,0.15085608
20010,0.2905602,0.2905602,1e-05,3.73286963,0.15089577
20015,0.24366293,0.24366293,1e-05,4.16724253,0.15093546
20020,0.24785054,0.24785054,1e-05,4.53804588,0.15097515
20025,0.28096509,0.28096509,1e-05,5.13481379,0.15101484
20030,0.24993958,0.24993958,1e-05,2.50617933,0.15105452
20035,0.23922915,0.2392292,1e-05,5.058846,0.15109421
20040,0.27008824,0.27008824,1e-05,5.091362,0.1511339
20045,0.25267673,0.25267673,1e-05,6.4346242,0.15117359
20050,0.2404213,0.24042132,1e-05,6.16698551,0.15121328
20055,0.30218279,0.30218282,1e-05,5.79981613,0.15125297
20060,0.24289148,0.24289148,1e-05,4.18340731,0.15129266
20065,0.27913098,0.27913101,1e-05,5.08605242,0.15133234
20070,0.2608747,0.2608747,1e-05,4.49707413,0.15137203
20075,0.28462374,0.28462377,1e-05,4.11531544,0.15141172
20080,0.26394951,0.26394951,1e-05,4.06546497,0.15145141
20085,0.26446939,0.26446936,1e-05,4.32067108,0.1514911
20090,0.28897839,0.28897839,1e-05,4.3954668,0.15153079
20095,0.26307321,0.26307321,1e-05,4.73176575,0.15157047
20100,0.32058315,0.30126994,1e-05,4.22266483,0.15161016
20105,0.22552798,0.225528,1e-05,4.34527588,0.15164985
20110,0.26185498,0.26185498,1e-05,4.35921144,0.15168954
20115,0.23825545,0.23825545,1e-05,6.53769302,0.15172923
20120,0.27601399,0.27601397,1e-05,3.53660989,0.15176892
20125,0.25078115,0.25078115,1e-05,4.54463148,0.15180861
20130,0.26724062,0.26724067,1e-05,4.31034231,0.15184829
20135,0.27853642,0.27853642,1e-05,3.05380821,0.15188798
20140,0.24564478,0.24564478,1e-05,6.01941299,0.15192767
20145,0.22750289,0.22750289,1e-05,3.00227523,0.15196736
20150,0.26800382,0.26800382,1e-05,4.4429512,0.15200705
20155,0.24451022,0.24451022,1e-05,4.25546885,0.15204674
20160,0.28055086,0.28055086,1e-05,4.62938786,0.15208643
20165,0.35831866,0.35831866,1e-05,3.94051695,0.15212611
20170,0.23441787,0.23441784,1e-05,5.47986078,0.1521658
20175,0.27089016,0.27089019,1e-05,4.98990107,0.15220549
20180,0.32354069,0.32354069,1e-05,5.60704374,0.15224518
20185,0.2828239,0.2828239,1e-05,4.70671225,0.15228487
20190,0.29452643,0.29452643,1e-05,3.94604659,0.15232456
20195,0.21849763,0.21849766,1e-05,3.59563661,0.15236425
20200,0.24845803,0.24845805,1e-05,4.3268714,0.15240393
20205,0.22079067,0.22079067,1e-05,5.19968224,0.15244362
20210,0.24084089,0.24084089,1e-05,4.01520777,0.15248331
20215,0.24216523,0.24216523,1e-05,4.14621592,0.152523
20220,0.25623493,0.25623496,1e-05,3.70202398,0.15256269
20225,0.24361095,0.24361095,1e-05,4.18652391,0.15260238
20230,0.2937861,0.29378607,1e-05,6.00666523,0.15264207
20235,0.24858105,0.24858105,1e-05,5.78401423,0.15268175
20240,0.32538705,0.3253871,1e-05,5.92823362,0.15272144
20245,0.24767942,0.24767945,1e-05,4.30320549,0.15276113
20250,0.2666333,0.26663332,1e-05,9.91533661,0.15280082
20255,0.26311383,0.26311383,1e-05,3.95900011,0.15284051
20260,0.23617926,0.23617926,1e-05,4.54521942,0.1528802
20265,0.24666104,0.24666107,1e-05,4.39747286,0.15291988
20270,0.27855453,0.27855453,1e-05,3.80429745,0.15295957
20275,0.25653157,0.25653157,1e-05,3.88891935,0.15299926
20280,0.27540259,0.27540259,1e-05,5.13373041,0.15303895
20285,0.28072343,0.2807234,1e-05,3.82100463,0.15307864
20290,0.23278916,0.23278916,1e-05,4.5480237,0.15311833
20295,0.27559111,0.27559114,1e-05,4.36553669,0.15315802
20300,0.28260117,0.28260117,1e-05,4.36274338,0.1531977
20305,0.25992322,0.25992322,1e-05,4.71550226,0.15323739
20310,0.22403541,0.22403541,1e-05,3.31798053,0.15327708
20315,0.25549364,0.25549364,1e-05,5.41036034,0.15331677
20320,0.23291764,0.23291764,1e-05,5.82442141,0.15335646
20325,0.29547458,0.29547458,1e-05,4.40994215,0.15339615
20330,0.25747805,0.257478,1e-05,4.29583216,0.15343584
20335,0.23880887,0.23880889,1e-05,4.23750687,0.15347552
20340,0.26190765,0.26190765,1e-05,6.3360219,0.15351521
20345,0.20746188,0.20746188,1e-05,4.21785164,0.1535549
20350,0.27541609,0.27541606,1e-05,6.18889618,0.15359459
20355,0.29506326,0.29506326,1e-05,8.30392075,0.15363428
20360,0.25634961,0.25634961,1e-05,3.20778346,0.15367397
20365,0.28462565,0.28462567,1e-05,8.38696957,0.15371366
20370,0.22542043,0.22542043,1e-05,3.41926169,0.15375334
20375,0.29062278,0.29062276,1e-05,4.24316454,0.15379303
20380,0.23175387,0.23175387,1e-05,4.5780077,0.15383272
20385,0.25798798,0.257988,1e-05,5.5943079,0.15387241
20390,0.24123483,0.24123483,1e-05,5.64174891,0.1539121
20395,0.29681234,0.29681232,1e-05,4.48638058,0.15395179
20400,0.20310278,0.20310278,1e-05,3.71178079,0.15399147
20405,0.24531739,0.24531741,1e-05,5.94187737,0.15403116
20410,0.3396318,0.32341286,1e-05,1.93078625,0.15407085
20415,0.28613567,0.28669058,1e-05,5.3414216,0.15411054
20420,0.22936268,0.22936268,1e-05,4.40702009,0.15415023
20425,0.24878919,0.24878917,1e-05,3.51570916,0.15418992
20430,0.23220553,0.23220553,1e-05,1.91194022,0.15422961
20435,0.30450528,0.3045053,1e-05,7.10658979,0.15426929
20440,0.25109382,0.25109384,1e-05,3.74216247,0.15430898
20445,0.2415993,0.24159932,1e-05,4.63743591,0.15434867
20450,0.2835988,0.28359878,1e-05,4.39473867,0.15438836
20455,0.2144824,0.2144824,1e-05,4.49155426,0.15442805
20460,0.30228159,0.30228162,1e-05,4.20614338,0.15446774
20465,0.285079,0.285079,1e-05,7.01601505,0.15450743
20470,0.25101352,0.25101352,1e-05,5.3473959,0.15454711
20475,0.2327404,0.2327404,1e-05,4.9543786,0.1545868
20480,0.24394131,0.24394133,1e-05,6.0907402,0.15462649
20485,0.25695872,0.25695872,1e-05,4.86007071,0.15466618
20490,0.24687932,0.24687934,1e-05,4.52918863,0.15470587
20495,0.32525942,0.32525942,1e-05,5.30178499,0.15474556
20500,0.27120874,0.27120874,1e-05,5.29448938,0.15478525
20505,0.30097239,0.30097241,1e-05,4.15931177,0.15482493
20510,0.2503232,0.2503232,1e-05,5.33236742,0.15486462
20515,0.28410158,0.28410161,1e-05,4.80042267,0.15490431
20520,0.26657414,0.26657414,1e-05,6.72703028,0.154944
20525,0.27341943,0.27341943,1e-05,4.32383013,0.15498369
20530,0.28072534,0.28072538,1e-05,3.77834892,0.15502338
20535,0.24646816,0.24646816,1e-05,6.84455585,0.15506307
20540,0.23719003,0.23719006,1e-05,5.75246525,0.15510275
20545,0.29193892,0.29193892,1e-05,4.57103968,0.15514244
20550,0.26174674,0.26174674,1e-05,3.75250959,0.15518213
20555,0.28002768,0.28002768,1e-05,3.59879279,0.15522182
20560,0.26240499,0.26240499,1e-05,6.47987795,0.15526151
20565,0.22291672,0.22291672,1e-05,3.49248767,0.1553012
20570,0.26833916,0.2683392,1e-05,4.1087532,0.15534088
20575,0.25935328,0.25935328,1e-05,4.62613916,0.15538057
20580,0.26907706,0.26907704,1e-05,4.92228556,0.15542026
20585,0.26318803,0.26318803,1e-05,3.95350122,0.15545995
20590,0.27332158,0.27332158,1e-05,5.02256966,0.15549964
20595,0.23947148,0.23947148,1e-05,6.02032757,0.15553933
20600,0.23672071,0.23672071,1e-05,4.62664413,0.15557902
20605,0.27441869,0.27441871,1e-05,4.95564795,0.1556187
20610,0.24175506,0.24175508,1e-05,5.84222317,0.15565839
20615,0.23708665,0.23708663,1e-05,4.69438601,0.15569808
20620,0.22941189,0.22941186,1e-05,4.75866938,0.15573777
20625,0.25531406,0.25531406,1e-05,3.86280656,0.15577746
20630,0.27212703,0.27212701,1e-05,6.5141902,0.15581715
20635,0.24503407,0.24503405,1e-05,3.71524072,0.15585684
20640,0.21842253,0.21842253,1e-05,4.25192261,0.15589652
20645,0.27117696,0.27117701,1e-05,5.67290449,0.15593621
20650,0.27408729,0.27408729,1e-05,4.50056028,0.1559759
20655,0.24312649,0.24312649,1e-05,2.86839581,0.15601559
20660,0.31775012,0.31775012,1e-05,4.09288883,0.15605528
20665,0.25999928,0.25999928,1e-05,4.55531263,0.15609497
20670,0.25372314,0.25372314,1e-05,4.57500362,0.15613466
20675,0.24958839,0.24958839,1e-05,5.15466595,0.15617434
20680,0.30386641,0.30386639,1e-05,4.37871361,0.15621403
20685,0.27495995,0.27495997,1e-05,5.14153767,0.15625372
20690,0.28028016,0.28028016,1e-05,3.55773544,0.15629341
20695,0.25851083,0.25851083,1e-05,4.72020912,0.1563331
20700,0.27464023,0.2746402,1e-05,3.87161326,0.15637279
20705,0.25785236,0.25785236,1e-05,3.68122649,0.15641247
20710,0.24034348,0.24034348,1e-05,3.09513092,0.15645216
20715,0.28254483,0.28254485,1e-05,5.53242731,0.15649185
20720,0.22536781,0.22536781,1e-05,4.60687828,0.15653154
20725,0.31241627,0.29858368,1e-05,5.07508373,0.15657123
20730,0.24765005,0.24765005,1e-05,3.9536705,0.15661092
20735,0.26092365,0.26092367,1e-05,2.59976864,0.15665061
20740,0.27793446,0.27793446,1e-05,4.02409029,0.15669029
20745,0.32298434,0.32298436,1e-05,6.05350256,0.15672998
20750,0.23520963,0.23520963,1e-05,5.39272451,0.15676967
20755,0.2512429,0.25124288,1e-05,4.30378771,0.15680936
20760,0.26344883,0.26344881,1e-05,5.04763031,0.15684905
20765,0.24506826,0.24506826,1e-05,3.62658358,0.15688874
20770,0.26710224,0.26710224,1e-05,4.12208176,0.15692843
20775,0.22727361,0.22727361,1e-05,3.07771826,0.15696811
20780,0.23636253,0.23636253,1e-05,3.3984127,0.1570078
20785,0.27299473,0.27299473,1e-05,3.2586174,0.15704749
20790,0.2724813,0.2724813,1e-05,3.99496078,0.15708718
20795,0.31611676,0.31611674,1e-05,4.39294577,0.15712687
20800,0.34208045,0.34208047,1e-05,10.59768772,0.15716656
20805,0.24498858,0.24498858,1e-05,4.01607513,0.15720625
20810,0.2791297,0.2791297,1e-05,4.76218891,0.15724593
20815,0.23196745,0.23196745,1e-05,3.86996341,0.15728562
20820,0.2670629,0.2670629,1e-05,3.71320009,0.15732531
20825,0.2734313,0.2734313,1e-05,3.98991513,0.157365
20830,0.30682726,0.30682726,1e-05,3.67098331,0.15740469
20835,0.25474813,0.25474815,1e-05,3.71228743,0.15744438
20840,0.31815531,0.31815529,1e-05,5.72415924,0.15748407
20845,0.25954833,0.25954833,1e-05,3.7746563,0.15752375
20850,0.24467373,0.24467373,1e-05,3.42260242,0.15756344
20855,0.24051456,0.24051461,1e-05,3.96645021,0.15760313
20860,0.24988735,0.24988735,1e-05,3.43790674,0.15764282
20865,0.25454507,0.25454507,1e-05,6.26419687,0.15768251
20870,0.25976667,0.25976667,1e-05,5.54026365,0.1577222
20875,0.287953,0.287953,1e-05,4.25956345,0.15776188
20880,0.31608462,0.31608462,1e-05,4.01020002,0.15780157
20885,0.27313161,0.27313161,1e-05,5.49112701,0.15784126
20890,0.22168882,0.22168884,1e-05,3.8713634,0.15788095
20895,0.269752,0.26975198,1e-05,5.34075689,0.15792064
20900,0.25505865,0.25505867,1e-05,6.53066444,0.15796033
20905,0.32346187,0.32346187,1e-05,4.66685295,0.15800002
20910,0.24326601,0.24326601,1e-05,2.36446309,0.1580397
20915,0.27750697,0.27750695,1e-05,4.37725973,0.15807939
20920,0.25385919,0.25385919,1e-05,4.12148762,0.15811908
20925,0.28238678,0.2823868,1e-05,7.90393257,0.15815877
20930,0.24202585,0.24202585,1e-05,4.06464434,0.15819846
20935,0.25418649,0.25418649,1e-05,5.68338776,0.15823815
20940,0.26150899,0.26150899,1e-05,4.88147116,0.15827784
20945,0.24216766,0.24216766,1e-05,4.47308493,0.15831752
20950,0.25617194,0.25617194,1e-05,3.82904935,0.15835721
20955,0.24854889,0.24854889,1e-05,3.22807789,0.1583969
20960,0.27080612,0.27080612,1e-05,4.54929733,0.15843659
20965,0.24626098,0.24626098,1e-05,3.30062008,0.15847628
20970,0.23717825,0.23717825,1e-05,6.31350994,0.15851597
20975,0.24639068,0.24639065,1e-05,4.16404104,0.15855566
20980,0.2513968,0.25139678,1e-05,4.57183027,0.15859534
20985,0.26251898,0.26251898,1e-05,4.2185111,0.15863503
20990,0.23058209,0.23058209,1e-05,6.70713234,0.15867472
20995,0.28202171,0.28202174,1e-05,3.87681079,0.15871441
21000,0.26458249,0.26458249,1e-05,5.27566957,0.1587541
21005,0.28453624,0.28453622,1e-05,5.53418636,0.15879379
21010,0.2631846,0.2631846,1e-05,6.18565226,0.15883347
21015,0.25827405,0.25827403,1e-05,4.21048546,0.15887316
21020,0.27048883,0.27048881,1e-05,4.3053937,0.15891285
21025,0.27201586,0.27201586,1e-05,4.67698669,0.15895254
21030,0.28425879,0.28425882,1e-05,3.73091173,0.15899223
21035,0.310847,0.30889963,1e-05,3.67618895,0.15903192
21040,0.35417476,0.33643362,1e-05,4.24565411,0.15907161
21045,0.23263741,0.23263741,1e-05,5.13279819,0.15911129
21050,0.27990172,0.2799017,1e-05,4.75560331,0.15915098
21055,0.26587825,0.26587825,1e-05,6.11785173,0.15919067
21060,0.26018381,0.26018381,1e-05,3.8673656,0.15923036
21065,0.26119924,0.26119924,1e-05,6.66836596,0.15927005
21070,0.28867013,0.28867016,1e-05,5.51613379,0.15930974
21075,0.24661741,0.24661741,1e-05,4.93852997,0.15934943
21080,0.2532268,0.25322678,1e-05,5.52852345,0.15938911
21085,0.26969495,0.26969495,1e-05,4.28896999,0.1594288
21090,0.23428988,0.23428988,1e-05,3.40029478,0.15946849
21095,0.29166694,0.29166694,1e-05,4.89656925,0.15950818
21100,0.31157618,0.31157613,1e-05,5.82044554,0.15954787
21105,0.26420717,0.26420717,1e-05,4.73564863,0.15958756
21110,0.26167433,0.26167433,1e-05,4.89799595,0.15962725
21115,0.27332144,0.27332146,1e-05,5.44139624,0.15966693
21120,0.25984943,0.25984941,1e-05,11.87423992,0.15970662
21125,0.27856283,0.27856278,1e-05,4.83305216,0.15974631
21130,0.24851418,0.24851418,1e-05,5.84078884,0.159786
21135,0.24235034,0.24235034,1e-05,5.13802767,0.15982569
21140,0.2627527,0.26275272,1e-05,5.41671658,0.15986538
21145,0.23447371,0.23447371,1e-05,4.71758032,0.15990507
21150,0.26142807,0.26142802,1e-05,4.11010933,0.15994475
21155,0.25657022,0.25657022,1e-05,3.77680063,0.15998444
21160,0.22998967,0.22998967,1e-05,3.2981565,0.16002413
21165,0.21747618,0.2174762,1e-05,3.93980813,0.16006382
21170,0.23144598,0.23144598,1e-05,3.49150276,0.16010351
21175,0.3019423,0.3019423,1e-05,4.80208826,0.1601432
21180,0.25392632,0.25392632,1e-05,3.91623259,0.16018288
21185,0.28366776,0.28366776,1e-05,5.53731728,0.16022257
21190,0.33966994,0.33966994,1e-05,4.25467348,0.16026226
21195,0.28773298,0.28773298,1e-05,5.56055784,0.16030195
21200,0.29694824,0.29694824,1e-05,4.87193489,0.16034164
21205,0.28810344,0.28810339,1e-05,4.15231037,0.16038133
21210,0.30276349,0.30276349,1e-05,4.4214015,0.16042102
21215,0.25201154,0.25201156,1e-05,4.14178944,0.1604607
21220,0.23632789,0.23632789,1e-05,4.60624075,0.16050039
21225,0.29816971,0.29816971,1e-05,4.31405544,0.16054008
21230,0.29259777,0.29259777,1e-05,2.59419179,0.16057977
21235,0.25489275,0.25489273,1e-05,3.43133044,0.16061946
21240,0.24902458,0.24902456,1e-05,4.03270149,0.16065915
21245,0.24457986,0.24457986,1e-05,5.74605083,0.16069884
21250,0.27077427,0.27077429,1e-05,3.46281123,0.16073852
21255,0.22999401,0.22999399,1e-05,5.87003899,0.16077821
21260,0.23455386,0.23455386,1e-05,3.27860093,0.1608179
21265,0.26225889,0.26225889,1e-05,8.20255089,0.16085759
21270,0.24905918,0.24905915,1e-05,9.77477932,0.16089728
21275,0.26880674,0.26880677,1e-05,5.21751308,0.16093697
21280,0.23505998,0.23505998,1e-05,5.54531574,0.16097666
21285,0.28185618,0.2818562,1e-05,5.20894432,0.16101634
21290,0.23916867,0.23916869,1e-05,3.4270885,0.16105603
21295,0.26042838,0.26042836,1e-05,4.00688648,0.16109572
21300,0.23516526,0.23516524,1e-05,2.70663977,0.16113541
21305,0.2546483,0.2546483,1e-05,3.4502182,0.1611751
21310,0.25404739,0.25404739,1e-05,4.82869387,0.16121479
21315,0.28352516,0.28352516,1e-05,4.74281931,0.16125447
21320,0.26006293,0.26006293,1e-05,4.09177446,0.16129416
21325,0.2441503,0.2441503,1e-05,4.27001524,0.16133385
21330,0.29564142,0.29564142,1e-05,5.16438675,0.16137354
21335,0.24487092,0.24487092,1e-05,3.47545767,0.16141323
21340,0.24632802,0.24632807,1e-05,12.8261137,0.16145292
21345,0.27217817,0.27217815,1e-05,4.31498241,0.16149261
21350,0.30816882,0.29434482,1e-05,4.31094027,0.16153229
21355,0.23927016,0.23927016,1e-05,4.70263624,0.16157198
21360,0.25340223,0.25340223,1e-05,3.6040616,0.16161167
21365,0.2184679,0.2184679,1e-05,5.89753342,0.16165136
21370,0.23125286,0.23125286,1e-05,4.37725449,0.16169105
21375,0.26415868,0.26415868,1e-05,5.79066372,0.16173074
21380,0.23838744,0.23838747,1e-05,3.52968764,0.16177043
21385,0.30556788,0.30556793,1e-05,5.28021574,0.16181011
21390,0.24110539,0.24110541,1e-05,3.15710139,0.1618498
21395,0.30217385,0.30217383,1e-05,4.60494757,0.16188949
21400,0.2826858,0.2826858,1e-05,4.24805593,0.16192918
21405,0.24822168,0.24822168,1e-05,4.13765717,0.16196887
21410,0.23657169,0.23657169,1e-05,4.11999559,0.16200856
21415,0.21605165,0.21605165,1e-05,3.2692461,0.16204825
21420,0.2788919,0.27889194,1e-05,5.87804842,0.16208793
21425,0.28151631,0.28151631,1e-05,3.48148608,0.16212762
21430,0.3057148,0.3057148,1e-05,5.27163982,0.16216731
21435,0.22211173,0.22211173,1e-05,4.93274069,0.162207
21440,0.23186016,0.23186016,1e-05,3.57542562,0.16224669
21445,0.24802337,0.24802337,1e-05,4.04108572,0.16228638
21450,0.29733477,0.29733477,1e-05,5.86233139,0.16232607
21455,0.28207262,0.28207259,1e-05,3.96838903,0.16236575
21460,0.34056473,0.3405647,1e-05,5.47191429,0.16240544
21465,0.23019013,0.23019013,1e-05,3.40044355,0.16244513
21470,0.23233275,0.23233275,1e-05,4.34780788,0.16248482
21475,0.21581552,0.2158155,1e-05,5.04611588,0.16252451
21480,0.25640669,0.25640669,1e-05,6.70907545,0.1625642
21485,0.27826688,0.27826691,1e-05,3.51671982,0.16260388
21490,0.22326009,0.22326012,1e-05,3.86938691,0.16264357
21495,0.26106951,0.26106954,1e-05,5.88600922,0.16268326
21500,0.26786103,0.26786103,1e-05,6.08536339,0.16272295
21505,0.28492904,0.28492904,1e-05,5.03321505,0.16276264
21510,0.25482287,0.25482287,1e-05,4.69559956,0.16280233
21515,0.28106704,0.28106701,1e-05,3.51229405,0.16284202
21520,0.223403,0.22340298,1e-05,4.7922163,0.1628817
21525,0.31228848,0.31228845,1e-05,4.49084234,0.16292139
21530,0.26555953,0.26555951,1e-05,3.85115886,0.16296108
21535,0.24989786,0.24989786,1e-05,5.7096982,0.16300077
21540,0.26535211,0.26535211,1e-05,5.20480967,0.16304046
21545,0.27396598,0.27396598,1e-05,4.99714327,0.16308015
21550,0.3061481,0.30614812,1e-05,4.0099473,0.16311984
21555,0.21672094,0.21672094,1e-05,3.62652946,0.16315952
21560,0.27307601,0.27307599,1e-05,4.86629725,0.16319921
21565,0.25519614,0.25519614,1e-05,3.69372749,0.1632389
21570,0.28022952,0.28022952,1e-05,6.27837038,0.16327859
21575,0.24534101,0.24534101,1e-05,4.87219477,0.16331828
21580,0.26319058,0.2631906,1e-05,6.89522505,0.16335797
21585,0.26386771,0.26386771,1e-05,4.22130919,0.16339766
21590,0.20632236,0.20632236,1e-05,5.46579218,0.16343734
21595,0.2374892,0.2374892,1e-05,4.80989122,0.16347703
21600,0.27000952,0.27000952,1e-05,4.4020381,0.16351672
21605,0.26861563,0.26861563,1e-05,4.04473734,0.16355641
21610,0.26002758,0.26002755,1e-05,5.39728642,0.1635961
21615,0.27087526,0.27087526,1e-05,3.45199323,0.16363579
21620,0.24360051,0.24360051,1e-05,4.09843731,0.16367547
21625,0.26617789,0.26617787,1e-05,5.78839302,0.16371516
21630,0.28468125,0.28468122,1e-05,4.41831684,0.16375485
21635,0.23374023,0.23374023,1e-05,4.93847036,0.16379454
21640,0.27942214,0.27942214,1e-05,5.60023928,0.16383423
21645,0.23641567,0.23641567,1e-05,3.875741,0.16387392
21650,0.27106466,0.27106466,1e-05,3.73250818,0.16391361
21655,0.2491879,0.2491879,1e-05,3.86100125,0.16395329
21660,0.25489795,0.25489798,1e-05,4.91087532,0.16399298
21665,0.28631716,0.26705322,1e-05,3.03808641,0.16403267
21670,0.30514095,0.30514095,1e-05,4.35968781,0.16407236
21675,0.32596343,0.3259634,1e-05,3.58243847,0.16411205
21680,0.23667202,0.23667207,1e-05,3.2148869,0.16415174
21685,0.23929944,0.23929944,1e-05,3.34155798,0.16419143
21690,0.27480421,0.27480421,1e-05,4.55589342,0.16423111
21695,0.24426625,0.24426622,1e-05,4.1977973,0.1642708
21700,0.29970703,0.29970706,1e-05,4.53248882,0.16431049
21705,0.29434612,0.29434612,1e-05,4.0881319,0.16435018
21710,0.24968925,0.24968925,1e-05,4.24043608,0.16438987
21715,0.22832928,0.22832928,1e-05,5.05149746,0.16442956
21720,0.24942417,0.24942417,1e-05,4.41815281,0.16446925
21725,0.32144098,0.32144098,1e-05,3.73939157,0.16450893
21730,0.24503531,0.24503531,1e-05,4.78327513,0.16454862
21735,0.26645794,0.26645794,1e-05,6.13362265,0.16458831
21740,0.29762061,0.29762063,1e-05,4.38909864,0.164628
21745,0.29610767,0.29610763,1e-05,4.60820293,0.16466769
21750,0.27047381,0.27047381,1e-05,3.84995055,0.16470738
21755,0.27656426,0.27656424,1e-05,5.25448275,0.16474707
21760,0.31460133,0.31460133,1e-05,6.23199844,0.16478675
21765,0.21325521,0.21325521,1e-05,2.93752575,0.16482644
21770,0.24712777,0.24712777,1e-05,4.33990622,0.16486613
21775,0.27467792,0.2746779,1e-05,3.46868181,0.16490582
21780,0.22571187,0.22571189,1e-05,2.72966552,0.16494551
21785,0.21539869,0.21539869,1e-05,4.75898075,0.1649852
21790,0.28241487,0.28241487,1e-05,5.02565861,0.16502488
21795,0.24373608,0.24373608,1e-05,4.07699394,0.16506457
21800,0.30218909,0.30218911,1e-05,5.96353054,0.16510426
21805,0.25751283,0.25751286,1e-05,5.08347702,0.16514395
21810,0.24153612,0.24153614,1e-05,4.97740507,0.16518364
21815,0.28187056,0.28187056,1e-05,5.19219732,0.16522333
21820,0.25378027,0.25378025,1e-05,5.09167719,0.16526302
21825,0.27807069,0.27807064,1e-05,4.48400259,0.1653027
21830,0.24570136,0.24570136,1e-05,4.52212286,0.16534239
21835,0.30579982,0.30579982,1e-05,3.88254952,0.16538208
21840,0.28468084,0.28468084,1e-05,3.82255244,0.16542177
21845,0.28022785,0.2802278,1e-05,4.12127161,0.16546146
21850,0.29673641,0.29673643,1e-05,4.47483253,0.16550115
21855,0.33613191,0.33613195,1e-05,8.20272064,0.16554084
21860,0.21982107,0.21982105,1e-05,3.14649534,0.16558052
21865,0.22422211,0.22422214,1e-05,3.3743968,0.16562021
21870,0.30766106,0.30766106,1e-05,5.11697674,0.1656599
21875,0.28708711,0.28708708,1e-05,6.30151701,0.16569959
21880,0.23708949,0.23708949,1e-05,5.20751381,0.16573928
21885,0.24922414,0.24922414,1e-05,5.58113289,0.16577897
21890,0.30515456,0.30515461,1e-05,6.69867134,0.16581866
21895,0.2859709,0.28597088,1e-05,5.07729387,0.16585834
21900,0.28243575,0.28243575,1e-05,5.13107491,0.16589803
21905,0.23246953,0.23246956,1e-05,7.00474119,0.16593772
21910,0.24523704,0.24523702,1e-05,5.38784599,0.16597741
21915,0.24731266,0.24731269,1e-05,5.10191822,0.1660171
21920,0.27909441,0.27909439,1e-05,5.05256128,0.16605679
21925,0.25062213,0.25062215,1e-05,3.83323669,0.16609647
21930,0.22246058,0.22246058,1e-05,6.46158171,0.16613616
21935,0.25314071,0.25314074,1e-05,3.24743438,0.16617585
21940,0.25630779,0.25630779,1e-05,6.31026077,0.16621554
21945,0.30026777,0.30026774,1e-05,5.14347649,0.16625523
21950,0.27738733,0.27738733,1e-05,4.77528715,0.16629492
21955,0.28885262,0.28885262,1e-05,4.87351227,0.16633461
21960,0.25060074,0.25060074,1e-05,3.59094167,0.16637429
21965,0.27958322,0.27958322,1e-05,3.20152926,0.16641398
21970,0.24100103,0.24100103,1e-05,5.24972916,0.16645367
21975,0.33916328,0.31538564,1e-05,3.51077557,0.16649336
21980,0.22571628,0.22674689,1e-05,4.82478762,0.16653305
21985,0.25092874,0.25092874,1e-05,5.6586833,0.16657274
21990,0.23536382,0.23536382,1e-05,4.18970823,0.16661243
21995,0.24940901,0.24940901,1e-05,4.49582434,0.16665211
22000,0.27801356,0.27801356,1e-05,5.68023682,0.1666918
22005,0.28430119,0.28430116,1e-05,7.54517889,0.16673149
22010,0.23649666,0.23649666,1e-05,4.05716085,0.16677118
22015,0.27802968,0.27802966,1e-05,4.19446278,0.16681087
22020,0.23838959,0.23838959,1e-05,4.38199854,0.16685056
22025,0.24747024,0.24747024,1e-05,4.24768543,0.16689025
22030,0.23837285,0.23837285,1e-05,4.52216434,0.16692993
22035,0.23684692,0.23684692,1e-05,5.12950325,0.16696962
22040,0.24787035,0.24787037,1e-05,3.28887725,0.16700931
22045,0.26097522,0.26097522,1e-05,4.28347158,0.167049
22050,0.24588861,0.24588861,1e-05,9.92661953,0.16708869
22055,0.23675873,0.23675871,1e-05,2.79541445,0.16712838
22060,0.26510501,0.26510499,1e-05,4.08705521,0.16716807
22065,0.31566467,0.31566465,1e-05,5.33473396,0.16720775
22070,0.31081052,0.31081052,1e-05,3.91966486,0.16724744
22075,0.26359086,0.26359086,1e-05,3.74991584,0.16728713
22080,0.2453979,0.2453979,1e-05,5.00717497,0.16732682
22085,0.28440003,0.28440003,1e-05,5.24861526,0.16736651
22090,0.2350348,0.2350348,1e-05,4.73561954,0.1674062
22095,0.29931979,0.29931979,1e-05,3.52352595,0.16744588
22100,0.27734284,0.27734282,1e-05,5.88463211,0.16748557
22105,0.31232424,0.31232424,1e-05,4.13717985,0.16752526
22110,0.27622643,0.27622643,1e-05,4.21770763,0.16756495
22115,0.21839497,0.21839497,1e-05,3.56201601,0.16760464
22120,0.239377,0.239377,1e-05,6.09081221,0.16764433
22125,0.24066143,0.24066143,1e-05,5.66650867,0.16768402
22130,0.28564939,0.28564939,1e-05,9.09669781,0.1677237
22135,0.23886435,0.23886435,1e-05,3.93426847,0.16776339
22140,0.25452933,0.25452933,1e-05,6.76914454,0.16780308
22145,0.27954731,0.27954731,1e-05,5.0726099,0.16784277
22150,0.27146358,0.27146358,1e-05,3.55029893,0.16788246
22155,0.31666946,0.31666946,1e-05,4.41697741,0.16792215
22160,0.25465689,0.25465689,1e-05,4.92087698,0.16796184
22165,0.25378137,0.25378137,1e-05,4.16604471,0.16800152
22170,0.28161826,0.28161826,1e-05,5.88788605,0.16804121
22175,0.32287731,0.32287731,1e-05,5.60961342,0.1680809
22180,0.29641366,0.29641366,1e-05,5.53130054,0.16812059
22185,0.25378804,0.25378807,1e-05,7.41852903,0.16816028
22190,0.21531215,0.21531215,1e-05,4.09536171,0.16819997
22195,0.26086538,0.26086538,1e-05,3.76891589,0.16823966
22200,0.32449865,0.32449865,1e-05,4.01804304,0.16827934
22205,0.24819407,0.24819405,1e-05,2.93607354,0.16831903
22210,0.2628089,0.26280887,1e-05,2.94560885,0.16835872
22215,0.24646163,0.24646163,1e-05,5.57963562,0.16839841
22220,0.28537378,0.28537378,1e-05,11.49408245,0.1684381
22225,0.27685075,0.2768508,1e-05,4.10198593,0.16847779
22230,0.28511682,0.28511684,1e-05,3.77318311,0.16851747
22235,0.30522993,0.3052299,1e-05,4.98749638,0.16855716
22240,0.28673205,0.28673205,1e-05,4.27142191,0.16859685
22245,0.24810472,0.24810474,1e-05,4.53209019,0.16863654
22250,0.31331682,0.31331682,1e-05,5.45160103,0.16867623
22255,0.22998023,0.22998023,1e-05,4.63497305,0.16871592
22260,0.26237302,0.26237302,1e-05,3.70331764,0.16875561
22265,0.25809722,0.25809722,1e-05,5.44997215,0.16879529
22270,0.23303525,0.23303525,1e-05,3.42181921,0.16883498
22275,0.25401835,0.25401838,1e-05,4.13344288,0.16887467
22280,0.22948823,0.22948823,1e-05,3.94734097,0.16891436
22285,0.3643878,0.36438777,1e-05,4.61829996,0.16895405
22290,0.3348424,0.32208007,1e-05,5.59425259,0.16899374
22295,0.24118662,0.24118664,1e-05,4.28026628,0.16903343
22300,0.23602839,0.23602841,1e-05,6.04647303,0.16907311
22305,0.24531989,0.24531991,1e-05,5.29401064,0.1691128
22310,0.29846711,0.29846716,1e-05,4.81221962,0.16915249
22315,0.24559188,0.24559188,1e-05,3.51454997,0.16919218
22320,0.25424347,0.25424347,1e-05,4.19006824,0.16923187
22325,0.27556663,0.2755666,1e-05,4.7647686,0.16927156
22330,0.27705715,0.27705717,1e-05,4.70712566,0.16931125
22335,0.29302044,0.29302049,1e-05,4.51386929,0.16935093
22340,0.24516835,0.24516835,1e-05,5.44855356,0.16939062
22345,0.23767557,0.23767557,1e-05,3.81187081,0.16943031
22350,0.28904614,0.28904614,1e-05,4.76751232,0.16947
22355,0.27708111,0.27708111,1e-05,6.17165041,0.16950969
22360,0.23503318,0.23503318,1e-05,3.18378782,0.16954938
22365,0.34004469,0.34004469,1e-05,5.64376354,0.16958907
22370,0.29724879,0.29724882,1e-05,4.92835903,0.16962875
22375,0.30136218,0.30136218,1e-05,3.84373784,0.16966844
22380,0.26985903,0.26985905,1e-05,4.7198143,0.16970813
22385,0.26614757,0.26614757,1e-05,7.5853157,0.16974782
22390,0.23391011,0.23391008,1e-05,8.24068546,0.16978751
22395,0.27853827,0.27853827,1e-05,8.80566883,0.1698272
22400,0.27844529,0.27844529,1e-05,4.80752659,0.16986688
22405,0.27416778,0.27416778,1e-05,5.46984673,0.16990657
22410,0.23942485,0.23942485,1e-05,5.55047846,0.16994626
22415,0.30669596,0.30669596,1e-05,8.77428436,0.16998595
22420,0.26311076,0.26311078,1e-05,4.38118982,0.17002564
22425,0.24965096,0.24965096,1e-05,2.44881701,0.17006533
22430,0.28992033,0.28992035,1e-05,4.35606003,0.17010502
22435,0.21469049,0.21469049,1e-05,3.59629631,0.1701447
22440,0.28534894,0.28534894,1e-05,3.93140769,0.17018439
22445,0.27209897,0.27209897,1e-05,4.81021929,0.17022408
22450,0.256006,0.25600598,1e-05,6.08062696,0.17026377
22455,0.2955519,0.2955519,1e-05,3.75455356,0.17030346
22460,0.30276942,0.30276945,1e-05,4.60556126,0.17034315
22465,0.23352385,0.23352385,1e-05,5.87139034,0.17038284
22470,0.2862318,0.2862318,1e-05,8.10509396,0.17042252
22475,0.29063206,0.2906321,1e-05,3.92717195,0.17046221
22480,0.2372571,0.2372571,1e-05,4.31596565,0.1705019
22485,0.25624809,0.25624809,1e-05,5.04935884,0.17054159
22490,0.2999804,0.2999804,1e-05,4.71525288,0.17058128
22495,0.28622665,0.28622665,1e-05,3.1919241,0.17062097
22500,0.27570257,0.27570257,1e-05,4.84090519,0.17066066
22505,0.26990526,0.26990526,1e-05,3.42618346,0.17070034
22510,0.24367709,0.24367712,1e-05,3.98287773,0.17074003
22515,0.25926166,0.2592617,1e-05,3.64195085,0.17077972
22520,0.26332617,0.26332617,1e-05,4.73489618,0.17081941
22525,0.29627228,0.29627228,1e-05,4.6204834,0.1708591
22530,0.20433784,0.20433781,1e-05,4.11732054,0.17089879
22535,0.27493525,0.27493525,1e-05,5.39722013,0.17093847
22540,0.22751164,0.22751162,1e-05,4.60303497,0.17097816
22545,0.25717545,0.25717545,1e-05,3.82741809,0.17101785
22550,0.27698116,0.27698112,1e-05,5.23033333,0.17105754
22555,0.30197887,0.30197883,1e-05,4.63100004,0.17109723
22560,0.25314279,0.25314279,1e-05,8.57605553,0.17113692
22565,0.26369085,0.26369085,1e-05,5.67200804,0.17117661
22570,0.26480858,0.26480861,1e-05,4.00328732,0.17121629
22575,0.25220165,0.25220165,1e-05,8.77493286,0.17125598
22580,0.23113234,0.23113232,1e-05,4.03728437,0.17129567
22585,0.2446105,0.2446105,1e-05,3.46436,0.17133536
22590,0.25157814,0.25157814,1e-05,6.47377586,0.17137505
22595,0.28178024,0.28178024,1e-05,5.41762447,0.17141474
22600,0.25610034,0.25610034,1e-05,5.3878212,0.17145443
22605,0.35268455,0.35012139,1e-05,14.65420914,0.17149411
22610,0.1941807,0.19418073,1e-05,3.2870574,0.1715338
22615,0.29267583,0.29267585,1e-05,4.41098404,0.17157349
22620,0.28021755,0.28021758,1e-05,3.75642753,0.17161318
22625,0.26997323,0.26997328,1e-05,6.12519169,0.17165287
22630,0.24791107,0.24791107,1e-05,6.04191971,0.17169256
22635,0.31634812,0.31634812,1e-05,6.99021101,0.17173225
22640,0.30344052,0.30344052,1e-05,7.01884508,0.17177193
22645,0.31107683,0.31107683,1e-05,5.00557089,0.17181162
22650,0.30827727,0.30827725,1e-05,11.78204727,0.17185131
22655,0.26757026,0.26757026,1e-05,3.90585828,0.171891
22660,0.23690948,0.23690948,1e-05,5.3222003,0.17193069
22665,0.19217783,0.19217782,1e-05,10.52891731,0.17197038
22670,0.27627888,0.27627888,1e-05,4.44551563,0.17201007
22675,0.23881497,0.23881495,1e-05,4.65787697,0.17204975
22680,0.26569324,0.26569324,1e-05,8.01167202,0.17208944
22685,0.27155187,0.27155185,1e-05,5.74512911,0.17212913
22690,0.2703706,0.27037058,1e-05,5.39792299,0.17216882
22695,0.27211788,0.2721179,1e-05,9.89423084,0.17220851
22700,0.2698709,0.2698709,1e-05,3.96406937,0.1722482
22705,0.31458418,0.31458416,1e-05,4.97488451,0.17228788
22710,0.24592166,0.24592164,1e-05,3.59241414,0.17232757
22715,0.23588295,0.23588295,1e-05,5.18677044,0.17236726
22720,0.26130166,0.26130166,1e-05,5.33727312,0.17240695
22725,0.23549302,0.23549302,1e-05,5.1338954,0.17244664
22730,0.2633579,0.2633579,1e-05,3.88820076,0.17248633
22735,0.26704564,0.26704564,1e-05,5.03118324,0.17252602
22740,0.29849005,0.29849002,1e-05,4.03199625,0.1725657
22745,0.28003721,0.28003724,1e-05,3.52770901,0.17260539
22750,0.25130451,0.25130451,1e-05,4.8148551,0.17264508
22755,0.26982727,0.26982729,1e-05,3.79719877,0.17268477
22760,0.28745518,0.28745518,1e-05,4.99805021,0.17272446
22765,0.27893066,0.27893066,1e-05,4.76541471,0.17276415
22770,0.33018169,0.33018169,1e-05,3.64305377,0.17280384
22775,0.28809013,0.28809018,1e-05,3.5733602,0.17284352
22780,0.26282296,0.26282296,1e-05,4.41596031,0.17288321
22785,0.32552958,0.32552958,1e-05,6.31842566,0.1729229
22790,0.26435349,0.26435347,1e-05,3.98247933,0.17296259
22795,0.27009795,0.27009795,1e-05,4.11696243,0.17300228
22800,0.23833418,0.23833418,1e-05,3.5728786,0.17304197
22805,0.26279399,0.26279402,1e-05,5.35274792,0.17308166
22810,0.22497237,0.22497237,1e-05,4.80357409,0.17312134
22815,0.26568546,0.26568546,1e-05,3.71074772,0.17316103
22820,0.26083705,0.26083708,1e-05,3.53560567,0.17320072
22825,0.240832,0.240832,1e-05,5.49494791,0.17324041
22830,0.25665677,0.25665674,1e-05,4.38405228,0.1732801
22835,0.24255686,0.24255686,1e-05,2.72105908,0.17331979
22840,0.26510005,0.26510005,1e-05,5.58296204,0.17335947
22845,0.2683763,0.2683763,1e-05,7.02464294,0.17339916
22850,0.22407436,0.22407441,1e-05,4.85025263,0.17343885
22855,0.23087938,0.23087935,1e-05,3.89416814,0.17347854
22860,0.22725935,0.2272593,1e-05,4.15065479,0.17351823
22865,0.31921883,0.31921885,1e-05,4.52342129,0.17355792
22870,0.26210122,0.26210122,1e-05,4.18232965,0.17359761
22875,0.25946403,0.25946403,1e-05,4.78498793,0.17363729
22880,0.24963727,0.24963727,1e-05,4.41877651,0.17367698
22885,0.3063489,0.3063489,1e-05,5.87240982,0.17371667
22890,0.26388381,0.26388381,1e-05,5.364223,0.17375636
22895,0.30342474,0.30342474,1e-05,6.73222637,0.17379605
22900,0.35598073,0.35598071,1e-05,5.76610088,0.17383574
22905,0.28536103,0.285361,1e-05,5.55499697,0.17387543
22910,0.28137946,0.28137946,1e-05,5.78473091,0.17391511
22915,0.39053793,0.3749316,1e-05,5.45646811,0.1739548
22920,0.23282275,0.23282275,1e-05,4.0526123,0.17399449
22925,0.23380971,0.23380971,1e-05,5.53148746,0.17403418
22930,0.27690349,0.27690349,1e-05,4.13338614,0.17407387
22935,0.26424704,0.26424699,1e-05,5.11859703,0.17411356
22940,0.2646359,0.2646359,1e-05,4.03499269,0.17415325
22945,0.2626265,0.2626265,1e-05,4.38847303,0.17419293
22950,0.29683723,0.29683723,1e-05,5.07953548,0.17423262
22955,0.24587073,0.24587069,1e-05,5.57768154,0.17427231
22960,0.25829916,0.25829914,1e-05,3.754462,0.174312
22965,0.28339362,0.2833936,1e-05,4.36393547,0.17435169
22970,0.29002817,0.29002814,1e-05,4.70522356,0.17439138
22975,0.20812054,0.20812054,1e-05,5.02974653,0.17443107
22980,0.25703304,0.25703301,1e-05,4.84742689,0.17447075
22985,0.21663623,0.21663625,1e-05,4.78763771,0.17451044
22990,0.28908868,0.28908868,1e-05,6.20814276,0.17455013
22995,0.25535247,0.25535245,1e-05,4.07295799,0.17458982
23000,0.27501926,0.27501926,1e-05,3.99616241,0.17462951
23005,0.26445925,0.26445925,1e-05,6.03775644,0.1746692
23010,0.23815644,0.23815644,1e-05,3.53630018,0.17470888
23015,0.29080164,0.29080167,1e-05,6.58971214,0.17474857
23020,0.23247256,0.23247256,1e-05,3.43720102,0.17478826
23025,0.20801349,0.20801349,1e-05,3.71199918,0.17482795
23030,0.20817175,0.20817175,1e-05,3.96194267,0.17486764
23035,0.25050235,0.25050235,1e-05,3.87130523,0.17490733
23040,0.30721326,0.30721326,1e-05,4.51743317,0.17494702
23045,0.2200408,0.2200408,1e-05,4.11952829,0.1749867
23050,0.24241428,0.24241428,1e-05,5.2413888,0.17502639
23055,0.32124503,0.32124503,1e-05,5.36465883,0.17506608
23060,0.26198168,0.26198168,1e-05,5.80223846,0.17510577
23065,0.28022552,0.28022552,1e-05,3.03195691,0.17514546
23070,0.24903088,0.24903088,1e-05,4.1120472,0.17518515
23075,0.27574661,0.27574663,1e-05,4.73919106,0.17522484
23080,0.31146643,0.31146641,1e-05,5.4524703,0.17526452
23085,0.23661356,0.23661356,1e-05,5.27616119,0.17530421
23090,0.23695436,0.23695433,1e-05,4.93115473,0.1753439
23095,0.26772897,0.26772897,1e-05,3.98220634,0.17538359
23100,0.26091413,0.26091413,1e-05,6.32380581,0.17542328
23105,0.29611034,0.29611034,1e-05,4.06262827,0.17546297
23110,0.24873221,0.24873221,1e-05,4.40459347,0.17550266
23115,0.27728076,0.27728076,1e-05,4.91394949,0.17554234
23120,0.25279686,0.25279686,1e-05,3.35391521,0.17558203
23125,0.23095512,0.23095512,1e-05,6.2687273,0.17562172
23130,0.26305387,0.26305387,1e-05,6.01636267,0.17566141
23135,0.29059062,0.29059062,1e-05,3.81506491,0.1757011
23140,0.26780565,0.26780562,1e-05,5.00700331,0.17574079
23145,0.20618496,0.20618496,1e-05,5.1203661,0.17578047
23150,0.25612378,0.25612378,1e-05,4.71041584,0.17582016
23155,0.30208697,0.30208697,1e-05,4.22802258,0.17585985
23160,0.26538568,0.26538568,1e-05,5.36371469,0.17589954
23165,0.29610736,0.29610734,1e-05,4.21805859,0.17593923
23170,0.23582344,0.23582344,1e-05,3.44700861,0.17597892
23175,0.28998895,0.28998895,1e-05,4.46953154,0.17601861
23180,0.2896069,0.2896069,1e-05,8.3676424,0.17605829
23185,0.277211,0.27721102,1e-05,3.68102431,0.17609798
23190,0.24787884,0.24787884,1e-05,5.87673521,0.17613767
23195,0.21258025,0.21258025,1e-05,2.87711358,0.17617736
23200,0.29990342,0.29990342,1e-05,3.87540483,0.17621705
23205,0.22702389,0.22702391,1e-05,4.24389553,0.17625674
23210,0.26753154,0.26753156,1e-05,5.7870779,0.17629643
23215,0.26708107,0.26708107,1e-05,4.45125008,0.17633611
23220,0.30563354,0.30563354,1e-05,5.24753761,0.1763758
23225,0.2750742,0.2750742,1e-05,3.68440914,0.17641549
23230,0.34466538,0.32543066,1e-05,4.55109119,0.17645518
23235,0.22649503,0.22649505,1e-05,6.38464212,0.17649487
23240,0.27283359,0.27283359,1e-05,5.37824583,0.17653456
23245,0.27889781,0.27889781,1e-05,5.0770154,0.17657425
23250,0.31289937,0.3128994,1e-05,6.43493176,0.17661393
23255,0.26863756,0.26863756,1e-05,4.38243008,0.17665362
23260,0.2628485,0.26284847,1e-05,4.24334002,0.17669331
23265,0.30853522,0.30853524,1e-05,3.47641015,0.176733
23270,0.27143373,0.27143373,1e-05,6.00998926,0.17677269
23275,0.25613341,0.25613341,1e-05,4.3783679,0.17681238
23280,0.23914917,0.23914917,1e-05,5.51256561,0.17685206
23285,0.25052156,0.25052156,1e-05,4.40828085,0.17689175
23290,0.2822459,0.28224592,1e-05,4.74412441,0.17693144
23295,0.28392379,0.28392382,1e-05,4.93754387,0.17697113
23300,0.23379259,0.23379259,1e-05,3.27383924,0.17701082
23305,0.24784403,0.247844,1e-05,3.48581386,0.17705051
23310,0.22878146,0.22878146,1e-05,5.27122593,0.1770902
23315,0.24434562,0.24434562,1e-05,4.32967043,0.17712988
23320,0.25333121,0.25333123,1e-05,3.6279068,0.17716957
23325,0.21359124,0.21359124,1e-05,3.63818717,0.17720926
23330,0.28905528,0.28905525,1e-05,4.65595675,0.17724895
23335,0.25791435,0.25791435,1e-05,3.77030396,0.17728864
23340,0.24238882,0.2423888,1e-05,3.91320825,0.17732833
23345,0.26246476,0.26246476,1e-05,5.2809391,0.17736802
23350,0.28905234,0.28905237,1e-05,4.02289486,0.1774077
23355,0.28475966,0.28475971,1e-05,4.73365974,0.17744739
23360,0.26572738,0.2657274,1e-05,3.77463508,0.17748708
23365,0.29737821,0.29737818,1e-05,4.37698841,0.17752677
23370,0.29825888,0.29825888,1e-05,5.96561003,0.17756646
23375,0.28560967,0.28560967,1e-05,4.52695656,0.17760615
23380,0.24808364,0.24808362,1e-05,4.16084671,0.17764584
23385,0.28291206,0.28291206,1e-05,6.45283937,0.17768552
23390,0.26364293,0.26364293,1e-05,2.85367417,0.17772521
23395,0.25786254,0.25786257,1e-05,3.77658319,0.1777649
23400,0.26711378,0.26711383,1e-05,3.25410843,0.17780459
23405,0.24826484,0.24826484,1e-05,5.26539469,0.17784428
23410,0.26011269,0.26011269,1e-05,4.22215033,0.17788397
23415,0.23477342,0.23477345,1e-05,3.85558987,0.17792366
23420,0.29718451,0.29718451,1e-05,5.5508604,0.17796334
23425,0.23567224,0.23567226,1e-05,3.86766148,0.17800303
23430,0.28965344,0.28965344,1e-05,4.48362827,0.17804272
23435,0.2809876,0.28098755,1e-05,4.23687077,0.17808241
23440,0.24839349,0.24839349,1e-05,4.42606449,0.1781221
23445,0.27901535,0.27901533,1e-05,4.81280613,0.17816179
23450,0.28417251,0.28417251,1e-05,7.4592576,0.17820147
23455,0.28733866,0.28733866,1e-05,5.45581865,0.17824116
23460,0.26484196,0.26484196,1e-05,5.67215681,0.17828085
23465,0.27527533,0.27527533,1e-05,5.48322725,0.17832054
23470,0.27475967,0.27475967,1e-05,3.45316529,0.17836023
23475,0.26671867,0.26671867,1e-05,5.0653882,0.17839992
23480,0.27846489,0.27846494,1e-05,4.70234919,0.17843961
23485,0.28186269,0.28186269,1e-05,5.57926369,0.17847929
23490,0.24419112,0.24419112,1e-05,4.31786013,0.17851898
23495,0.22770863,0.22770863,1e-05,5.66698122,0.17855867
23500,0.27583363,0.27583365,1e-05,5.48663664,0.17859836
23505,0.2833359,0.28333588,1e-05,5.73112822,0.17863805
23510,0.28190503,0.28190503,1e-05,5.65620947,0.17867774
23515,0.30326104,0.30326107,1e-05,5.8890934,0.17871743
23520,0.27899647,0.27899647,1e-05,5.93663073,0.17875711
23525,0.22434878,0.22434878,1e-05,3.45344663,0.1787968
23530,0.24237108,0.24237103,1e-05,4.34528971,0.17883649
23535,0.27218237,0.27218237,1e-05,2.77198792,0.17887618
23540,0.2923089,0.29183445,1e-05,3.77180409,0.17891587
23545,0.26473589,0.25611642,1e-05,4.81555796,0.17895556
23550,0.29559126,0.29559126,1e-05,5.94123983,0.17899525
23555,0.24571903,0.24571903,1e-05,4.22277737,0.17903493
23560,0.28237832,0.28237834,1e-05,4.96476746,0.17907462
23565,0.28965042,0.28965039,1e-05,4.55794239,0.17911431
23570,0.30303733,0.30303733,1e-05,4.40340996,0.179154
23575,0.26515422,0.26515419,1e-05,4.70056915,0.17919369
23580,0.29388173,0.2938817,1e-05,5.9662838,0.17923338
23585,0.29274008,0.29274008,1e-05,4.12380838,0.17927306
23590,0.2950624,0.2950624,1e-05,3.61630607,0.17931275
23595,0.25990493,0.25990498,1e-05,5.59402752,0.17935244
23600,0.26124325,0.26124325,1e-05,3.88490939,0.17939213
23605,0.27506633,0.27506633,1e-05,4.35726213,0.17943182
23610,0.27085376,0.27085378,1e-05,5.78003883,0.17947151
23615,0.29222012,0.29222012,1e-05,3.79640651,0.1795112
23620,0.25694346,0.25694342,1e-05,4.15614319,0.17955088
23625,0.23464026,0.23464026,1e-05,3.14569783,0.17959057
23630,0.26494195,0.26494198,1e-05,3.62536955,0.17963026
23635,0.25915339,0.25915339,1e-05,5.41360235,0.17966995
23640,0.25297842,0.25297842,1e-05,4.28410006,0.17970964
23645,0.26218574,0.26218572,1e-05,5.8268075,0.17974933
23650,0.2563508,0.25635076,1e-05,3.9529407,0.17978902
23655,0.27904177,0.27904177,1e-05,3.87562513,0.1798287
23660,0.25887761,0.25887759,1e-05,3.38662648,0.17986839
23665,0.2453825,0.24538248,1e-05,4.07603455,0.17990808
23670,0.26344962,0.26344967,1e-05,5.68052101,0.17994777
23675,0.29384327,0.29384325,1e-05,3.83277512,0.17998746
23680,0.35350313,0.35350313,1e-05,4.04844379,0.18002715
23685,0.29721689,0.29721689,1e-05,6.27167702,0.18006684
23690,0.26466351,0.26466351,1e-05,5.58829021,0.18010652
23695,0.25673022,0.25673022,1e-05,4.00956869,0.18014621
23700,0.26560588,0.2656059,1e-05,4.90022182,0.1801859
23705,0.23112381,0.23112378,1e-05,2.74951267,0.18022559
23710,0.23390729,0.23390732,1e-05,3.56750202,0.18026528
23715,0.28055639,0.28055642,1e-05,5.07982445,0.18030497
23720,0.250267,0.25026698,1e-05,3.47073603,0.18034466
23725,0.30122924,0.30122921,1e-05,5.60178709,0.18038434
23730,0.25761065,0.25761065,1e-05,3.98794556,0.18042403
23735,0.26447551,0.26447554,1e-05,5.44785786,0.18046372
23740,0.24815984,0.24815984,1e-05,3.89390111,0.18050341
23745,0.25055504,0.25055506,1e-05,3.57266307,0.1805431
23750,0.24099865,0.24099865,1e-05,4.6938405,0.18058279
23755,0.23241317,0.2324132,1e-05,3.07543755,0.18062247
23760,0.25630372,0.25630372,1e-05,3.63259625,0.18066216
23765,0.28522286,0.28522286,1e-05,3.82584715,0.18070185
23770,0.26002333,0.26002333,1e-05,6.45008564,0.18074154
23775,0.25655947,0.25655947,1e-05,4.44689083,0.18078123
23780,0.2248219,0.2248219,1e-05,3.35755873,0.18082092
23785,0.29740567,0.29740567,1e-05,4.99469662,0.18086061
23790,0.25831079,0.25831079,1e-05,3.80123901,0.18090029
23795,0.22841468,0.22841468,1e-05,3.67491865,0.18093998
23800,0.237252,0.23725204,1e-05,3.88279581,0.18097967
23805,0.23635297,0.23635297,1e-05,2.96620655,0.18101936
23810,0.28959384,0.28959384,1e-05,3.73262143,0.18105905
23815,0.23052893,0.23052893,1e-05,4.39402485,0.18109874
23820,0.24751983,0.24751983,1e-05,5.90969133,0.18113843
23825,0.28345542,0.28345542,1e-05,5.25253248,0.18117811
23830,0.23783855,0.23783853,1e-05,4.09532833,0.1812178
23835,0.23588862,0.23588865,1e-05,4.39260483,0.18125749
23840,0.26152697,0.26152697,1e-05,3.29480195,0.18129718
23845,0.25435867,0.25435867,1e-05,6.97221279,0.18133687
23850,0.26217875,0.26217875,1e-05,4.76246881,0.18137656
23855,0.33527906,0.31530616,1e-05,2.87454581,0.18141625
23860,0.26897962,0.26897964,1e-05,4.76056576,0.18145593
23865,0.2641269,0.2641269,1e-05,5.79831123,0.18149562
23870,0.28275466,0.28275466,1e-05,3.58783054,0.18153531
23875,0.27278671,0.27278671,1e-05,4.07410002,0.181575
23880,0.24164896,0.24164896,1e-05,7.55010509,0.18161469
23885,0.27317529,0.27317529,1e-05,6.24500847,0.18165438
23890,0.24553511,0.24553514,1e-05,5.2697053,0.18169406
23895,0.26765158,0.26765156,1e-05,4.23862982,0.18173375
23900,0.22825203,0.22825203,1e-05,3.81577468,0.18177344
23905,0.24286671,0.24286671,1e-05,3.32714438,0.18181313
23910,0.24234574,0.24234571,1e-05,4.03031397,0.18185282
23915,0.29954369,0.29954367,1e-05,3.72817755,0.18189251
23920,0.28027501,0.28027501,1e-05,5.44476652,0.1819322
23925,0.28378482,0.28378477,1e-05,3.21596932,0.18197188
23930,0.22904472,0.2290447,1e-05,4.96702147,0.18201157
23935,0.32502127,0.32502129,1e-05,7.06416845,0.18205126
23940,0.25697508,0.25697508,1e-05,6.30134344,0.18209095
23945,0.29875557,0.29875555,1e-05,4.23323631,0.18213064
23950,0.27163854,0.27163856,1e-05,4.52612686,0.18217033
23955,0.28991823,0.28991823,1e-05,4.28561068,0.18221002
23960,0.22996655,0.22996655,1e-05,3.95416808,0.1822497
23965,0.23410857,0.23410854,1e-05,3.87879419,0.18228939
23970,0.26352148,0.26352148,1e-05,5.4816761,0.18232908
23975,0.28472641,0.28472641,1e-05,4.04492092,0.18236877
23980,0.27481716,0.27481718,1e-05,4.65011549,0.18240846
23985,0.2760468,0.2760468,1e-05,6.30636787,0.18244815
23990,0.26431401,0.26431403,1e-05,3.84601355,0.18248784
23995,0.2525984,0.2525984,1e-05,4.17069864,0.18252752
24000,0.23170314,0.23170314,1e-05,5.96859837,0.18256721
24005,0.28829656,0.28829653,1e-05,4.69266081,0.1826069
24010,0.30337276,0.30337276,1e-05,3.72699809,0.18264659
24015,0.29825289,0.29825287,1e-05,7.4912219,0.18268628
24020,0.19187403,0.19187403,1e-05,4.89231634,0.18272597
24025,0.23987417,0.23987417,1e-05,7.69375181,0.18276566
24030,0.22456045,0.22456045,1e-05,4.10123825,0.18280534
24035,0.29124694,0.29124694,1e-05,5.97059631,0.18284503
24040,0.26836498,0.26836495,1e-05,5.12615252,0.18288472
24045,0.29115932,0.29115934,1e-05,4.85323524,0.18292441
24050,0.22730484,0.22730484,1e-05,4.31797266,0.1829641
24055,0.28717098,0.28717098,1e-05,5.72059202,0.18300379
24060,0.26183743,0.26183741,1e-05,4.36936808,0.18304347
24065,0.25251472,0.25251474,1e-05,5.83360529,0.18308316
24070,0.22792256,0.22792256,1e-05,4.59013653,0.18312285
24075,0.22170665,0.22170665,1e-05,3.75435948,0.18316254
24080,0.27177899,0.27177899,1e-05,4.97501802,0.18320223
24085,0.26151316,0.26151316,1e-05,4.02250862,0.18324192
24090,0.25682449,0.25682449,1e-05,8.78858852,0.18328161
24095,0.27575836,0.27575836,1e-05,6.03289509,0.18332129
24100,0.28785987,0.28785987,1e-05,3.70211983,0.18336098
24105,0.27898977,0.27898974,1e-05,3.84616828,0.18340067
24110,0.22760625,0.22760627,1e-05,3.30058742,0.18344036
24115,0.27082419,0.27082419,1e-05,4.81501245,0.18348005
24120,0.28139875,0.28139873,1e-05,7.74474955,0.18351974
24125,0.27304754,0.27304754,1e-05,2.89461613,0.18355943
24130,0.28721185,0.28721182,1e-05,5.308249,0.18359911
24135,0.30818546,0.30818546,1e-05,4.42777014,0.1836388
24140,0.22355368,0.22355366,1e-05,4.65037918,0.18367849
24145,0.23188705,0.23188705,1e-05,4.4124794,0.18371818
24150,0.27377129,0.27377129,1e-05,4.51251268,0.18375787
24155,0.23424726,0.23424726,1e-05,3.03479457,0.18379756
24160,0.2681253,0.26812527,1e-05,3.63321018,0.18383725
24165,0.27139792,0.27139797,1e-05,3.93060422,0.18387693
24170,0.34513149,0.32090922,1e-05,4.58375216,0.18391662
24175,0.27793102,0.27793102,1e-05,4.55287981,0.18395631
24180,0.27196703,0.27196703,1e-05,4.32655239,0.183996
24185,0.24591513,0.2459151,1e-05,6.65545988,0.18403569
24190,0.25424638,0.25424638,1e-05,3.9970386,0.18407538
24195,0.20959449,0.20959449,1e-05,7.78645754,0.18411506
24200,0.22728603,0.22728603,1e-05,4.5207653,0.18415475
24205,0.25140986,0.25140986,1e-05,3.01229811,0.18419444
24210,0.32978773,0.32978773,1e-05,4.29459476,0.18423413
24215,0.22244112,0.2224411,1e-05,3.41139984,0.18427382
24220,0.2293488,0.22934878,1e-05,3.03486371,0.18431351
24225,0.27976778,0.2797678,1e-05,5.88254023,0.1843532
24230,0.24304149,0.24304147,1e-05,5.06439114,0.18439288
24235,0.25266099,0.25266099,1e-05,4.95178413,0.18443257
24240,0.2931601,0.29316006,1e-05,5.06666803,0.18447226
24245,0.24412742,0.24412739,1e-05,4.07459164,0.18451195
24250,0.28887258,0.28887258,1e-05,7.14109373,0.18455164
24255,0.25568156,0.25568156,1e-05,3.36741924,0.18459133
24260,0.31533275,0.31533272,1e-05,4.48742533,0.18463102
24265,0.25853281,0.25853281,1e-05,4.47821283,0.1846707
24270,0.23032162,0.23032162,1e-05,4.24898815,0.18471039
24275,0.25425565,0.25425563,1e-05,3.24572611,0.18475008
24280,0.25652962,0.25652959,1e-05,4.31629801,0.18478977
24285,0.22649574,0.22649574,1e-05,3.94813609,0.18482946
24290,0.21479249,0.21479251,1e-05,3.99812126,0.18486915
24295,0.26615086,0.26615086,1e-05,5.41853666,0.18490884
24300,0.26416013,0.26416016,1e-05,6.36248112,0.18494852
24305,0.20649338,0.20649338,1e-05,2.99692011,0.18498821
24310,0.2675472,0.2675472,1e-05,4.68767548,0.1850279
24315,0.21514404,0.21514406,1e-05,3.82181859,0.18506759
24320,0.32959094,0.32959092,1e-05,4.68334198,0.18510728
24325,0.25948834,0.25948834,1e-05,3.2019453,0.18514697
24330,0.22707107,0.22707107,1e-05,3.71953893,0.18518666
24335,0.25808406,0.25808406,1e-05,4.61085033,0.18522634
24340,0.24531338,0.24531338,1e-05,4.91518784,0.18526603
24345,0.23425174,0.23425174,1e-05,6.20670414,0.18530572
24350,0.2327003,0.2327003,1e-05,4.04938507,0.18534541
24355,0.25785675,0.25785675,1e-05,3.5647819,0.1853851
24360,0.3075772,0.30757723,1e-05,7.67781258,0.18542479
24365,0.24571505,0.24571502,1e-05,5.29887199,0.18546447
24370,0.22057111,0.22057109,1e-05,4.10868073,0.18550416
24375,0.25476935,0.25476933,1e-05,2.48958564,0.18554385
24380,0.24005251,0.24005251,1e-05,3.76001763,0.18558354
24385,0.24472547,0.24472547,1e-05,5.16708088,0.18562323
24390,0.24461036,0.24461031,1e-05,4.23794079,0.18566292
24395,0.25617232,0.25617235,1e-05,4.14226294,0.18570261
24400,0.22729044,0.22729044,1e-05,5.39253664,0.18574229
24405,0.22379367,0.22379367,1e-05,4.84497452,0.18578198
24410,0.25682275,0.25682278,1e-05,2.98388886,0.18582167
24415,0.27700546,0.27700546,1e-05,4.32408047,0.18586136
24420,0.28377128,0.28377132,1e-05,4.76564884,0.18590105
24425,0.24788005,0.24788005,1e-05,3.53550315,0.18594074
24430,0.28423262,0.28423266,1e-05,4.71998596,0.18598043
24435,0.21426253,0.21426253,1e-05,5.82423115,0.18602011
24440,0.25549512,0.25549512,1e-05,3.54493022,0.1860598
24445,0.26892085,0.26892085,1e-05,6.39524698,0.18609949
24450,0.29857392,0.29857392,1e-05,5.12324333,0.18613918
24455,0.22360258,0.2236026,1e-05,5.26434755,0.18617887
24460,0.25255601,0.25255604,1e-05,6.00230408,0.18621856
24465,0.24967408,0.24967408,1e-05,4.60682631,0.18625825
24470,0.25277116,0.25277116,1e-05,4.82458258,0.18629793
24475,0.29638724,0.29638724,1e-05,7.29348803,0.18633762
24480,0.29895301,0.29832569,1e-05,3.0606823,0.18637731
24485,0.29489284,0.29308254,1e-05,5.68701363,0.186417
24490,0.27986107,0.27986107,1e-05,10.81744766,0.18645669
24495,0.28424973,0.28424973,1e-05,4.36077642,0.18649638
24500,0.31347036,0.31347039,1e-05,5.14357519,0.18653606
24505,0.29718809,0.29718809,1e-05,3.69693923,0.18657575
24510,0.26390758,0.26390758,1e-05,3.57196832,0.18661544
24515,0.26486738,0.2648674,1e-05,4.54323769,0.18665513
24520,0.28921382,0.28921385,1e-05,5.54716825,0.18669482
24525,0.25898194,0.25898194,1e-05,3.91502333,0.18673451
24530,0.25855429,0.25855432,1e-05,5.93994951,0.1867742
24535,0.28146095,0.28146093,1e-05,4.56206322,0.18681388
24540,0.26593752,0.26593754,1e-05,4.84619665,0.18685357
24545,0.31686869,0.31686869,1e-05,4.75667048,0.18689326
24550,0.26418691,0.26418693,1e-05,5.61628056,0.18693295
24555,0.23496304,0.23496304,1e-05,4.02835274,0.18697264
24560,0.24061761,0.24061761,1e-05,6.21691608,0.18701233
24565,0.23941326,0.23941326,1e-05,3.50322008,0.18705202
24570,0.24912701,0.24912701,1e-05,3.81441808,0.1870917
24575,0.27908692,0.27908692,1e-05,4.29354572,0.18713139
24580,0.26197038,0.26197038,1e-05,6.80627346,0.18717108
24585,0.2545979,0.2545979,1e-05,4.47324753,0.18721077
24590,0.26609669,0.26609666,1e-05,4.06755972,0.18725046
24595,0.25601735,0.25601733,1e-05,2.81149077,0.18729015
24600,0.24594336,0.24594336,1e-05,3.82992816,0.18732984
24605,0.32179136,0.32179139,1e-05,5.97248316,0.18736952
24610,0.2408175,0.2408175,1e-05,4.39285803,0.18740921
24615,0.29378948,0.29378951,1e-05,3.92429447,0.1874489
24620,0.24752147,0.2475215,1e-05,3.9562242,0.18748859
24625,0.26109037,0.26109037,1e-05,3.55376744,0.18752828
24630,0.24225147,0.24225147,1e-05,3.49341464,0.18756797
24635,0.3140384,0.31403837,1e-05,5.43944168,0.18760766
24640,0.24927077,0.24927077,1e-05,3.7622726,0.18764734
24645,0.28679688,0.28679688,1e-05,6.2778759,0.18768703
24650,0.26748695,0.26748695,1e-05,5.69549704,0.18772672
24655,0.31736341,0.31736341,1e-05,7.76858616,0.18776641
24660,0.21775649,0.21775649,1e-05,4.09556627,0.1878061
24665,0.23988037,0.23988037,1e-05,5.32057571,0.18784579
24670,0.29996481,0.29996481,1e-05,4.50413465,0.18788547
24675,0.26836939,0.26836939,1e-05,3.91886592,0.18792516
24680,0.2967653,0.29676533,1e-05,4.37274504,0.18796485
24685,0.29399719,0.29399719,1e-05,5.13332415,0.18800454
24690,0.30973282,0.30973282,1e-05,5.86139107,0.18804423
24695,0.26650784,0.26650782,1e-05,4.4642663,0.18808392
24700,0.23176126,0.23176126,1e-05,5.38703203,0.18812361
24705,0.21342373,0.21342375,1e-05,2.93618441,0.18816329
24710,0.28253746,0.28253748,1e-05,5.45231438,0.18820298
24715,0.30911732,0.30911732,1e-05,3.75989747,0.18824267
24720,0.28465576,0.28465576,1e-05,6.40318966,0.18828236
24725,0.27493298,0.274933,1e-05,6.27393007,0.18832205
24730,0.23823962,0.23823965,1e-05,3.94220686,0.18836174
24735,0.23968444,0.23968441,1e-05,2.79993606,0.18840143
24740,0.26978543,0.26978543,1e-05,4.27606726,0.18844111
24745,0.27817025,0.27817025,1e-05,3.6775167,0.1884808
24750,0.24457819,0.24457822,1e-05,5.69381189,0.18852049
24755,0.32046843,0.32046845,1e-05,6.20494795,0.18856018
24760,0.24859948,0.24859948,1e-05,6.76328802,0.18859987
24765,0.25627613,0.25627613,1e-05,5.13670921,0.18863956
24770,0.26568787,0.26568789,1e-05,3.90575218,0.18867925
24775,0.25156903,0.25156901,1e-05,9.07539749,0.18871893
24780,0.32155473,0.32155476,1e-05,4.82647467,0.18875862
24785,0.2509989,0.2509989,1e-05,3.72085571,0.18879831
24790,0.30599179,0.30599179,1e-05,6.29898214,0.188838
24795,0.3758467,0.33658126,1e-05,6.10398388,0.18887769
24800,0.24097655,0.24097657,1e-05,3.2987144,0.18891738
24805,0.27518039,0.27518039,1e-05,5.23453808,0.18895706
24810,0.28741829,0.28741829,1e-05,5.62018633,0.18899675
24815,0.26433628,0.2643363,1e-05,4.87630653,0.18903644
24820,0.26257939,0.26257939,1e-05,2.76398921,0.18907613
24825,0.25076675,0.25076675,1e-05,4.46329832,0.18911582
24830,0.28195767,0.28195767,1e-05,4.20067883,0.18915551
24835,0.26193659,0.26193659,1e-05,3.76005507,0.1891952
24840,0.28533909,0.28533912,1e-05,5.55598354,0.18923488
24845,0.25542212,0.25542212,1e-05,3.8499918,0.18927457
24850,0.28337166,0.28337166,1e-05,5.79726934,0.18931426
24855,0.28142352,0.28142352,1e-05,5.6569438,0.18935395
24860,0.19247433,0.19247432,1e-05,4.93935823,0.18939364
24865,0.27493138,0.27493138,1e-05,5.85492611,0.18943333
24870,0.29593217,0.29593217,1e-05,4.28153801,0.18947302
24875,0.25041564,0.25041566,1e-05,4.01932096,0.1895127
24880,0.23903651,0.23903651,1e-05,4.24913311,0.18955239
24885,0.23744678,0.23744678,1e-05,2.9988656,0.18959208
24890,0.36157842,0.36157842,1e-05,6.96195984,0.18963177
24895,0.28830526,0.28830528,1e-05,4.32668829,0.18967146
24900,0.31407766,0.31407766,1e-05,3.79473019,0.18971115
24905,0.25410523,0.25410528,1e-05,4.36362028,0.18975084
24910,0.27629867,0.27629862,1e-05,4.44288588,0.18979052
24915,0.28584294,0.28584294,1e-05,4.94070292,0.18983021
24920,0.28667295,0.28667295,1e-05,3.35480571,0.1898699
24925,0.31183496,0.31183496,1e-05,6.0241251,0.18990959
24930,0.22834964,0.22834964,1e-05,4.32615137,0.18994928
24935,0.24153602,0.24153602,1e-05,3.53744769,0.18998897
24940,0.23721299,0.23721299,1e-05,4.63945389,0.19002866
24945,0.25017548,0.2501755,1e-05,4.20153999,0.19006834
24950,0.29520545,0.29520545,1e-05,3.63170123,0.19010803
24955,0.25582366,0.25582366,1e-05,3.96667361,0.19014772
24960,0.23236494,0.23236494,1e-05,3.74598384,0.19018741
24965,0.24298096,0.24298096,1e-05,4.16279936,0.1902271
24970,0.26777265,0.26777263,1e-05,5.6063652,0.19026679
24975,0.26371021,0.26371021,1e-05,4.58713818,0.19030647
24980,0.27753487,0.27753487,1e-05,3.6559453,0.19034616
24985,0.2864285,0.28642855,1e-05,4.34386349,0.19038585
24990,0.2316083,0.2316083,1e-05,6.16680384,0.19042554
24995,0.28204064,0.28204064,1e-05,5.06920147,0.19046523
25000,0.24385371,0.24385371,1e-05,3.96401691,0.19050492
25005,0.23766775,0.23766778,1e-05,6.15937281,0.19054461
25010,0.30869265,0.30869265,1e-05,5.7075758,0.19058429
25015,0.25635524,0.25635524,1e-05,4.54125404,0.19062398
25020,0.30758257,0.30758257,1e-05,4.3959074,0.19066367
25025,0.27602339,0.27602336,1e-05,4.23659754,0.19070336
25030,0.24324851,0.24324849,1e-05,7.00252819,0.19074305
25035,0.25288963,0.25288963,1e-05,5.6106596,0.19078274
25040,0.26035211,0.26035213,1e-05,3.3820529,0.19082243
25045,0.28986104,0.28986104,1e-05,3.55538726,0.19086211
25050,0.21488585,0.21488585,1e-05,5.0532136,0.1909018
25055,0.2815598,0.2815598,1e-05,4.73891306,0.19094149
25060,0.25146437,0.25146437,1e-05,4.09652472,0.19098118
25065,0.26827555,0.26827555,1e-05,5.06224966,0.19102087
25070,0.28991766,0.28991766,1e-05,5.12070322,0.19106056
25075,0.24736636,0.24736636,1e-05,2.91265297,0.19110025
25080,0.3121299,0.31212988,1e-05,4.35791922,0.19113993
25085,0.28658352,0.28658352,1e-05,4.00912857,0.19117962
25090,0.24445922,0.24445922,1e-05,3.6709156,0.19121931
25095,0.23148992,0.2314899,1e-05,3.50731254,0.191259
25100,0.29646597,0.29646597,1e-05,8.37985802,0.19129869
25105,0.2839906,0.28399062,1e-05,4.17030764,0.19133838
25110,0.37074516,0.34885271,1e-05,5.0483222,0.19137806
25115,0.22629683,0.22629681,1e-05,4.5914917,0.19141775
25120,0.32781005,0.32781005,1e-05,5.73198748,0.19145744
25125,0.28912098,0.28912096,1e-05,3.99179912,0.19149713
25130,0.24624786,0.24624784,1e-05,7.21112776,0.19153682
25135,0.26008101,0.26008101,1e-05,3.6564672,0.19157651
25140,0.27791243,0.27791243,1e-05,4.80920506,0.1916162
25145,0.27653534,0.27653532,1e-05,4.7948432,0.19165588
25150,0.25510364,0.25510359,1e-05,11.47604561,0.19169557
25155,0.24446764,0.24446764,1e-05,3.05191588,0.19173526
25160,0.3097285,0.30972848,1e-05,7.12275076,0.19177495
25165,0.28995771,0.28995771,1e-05,4.3428216,0.19181464
25170,0.23764949,0.23764951,1e-05,5.29114103,0.19185433
25175,0.25630472,0.25630474,1e-05,6.13826895,0.19189402
25180,0.20203838,0.20203838,1e-05,3.56261063,0.1919337
25185,0.2198174,0.21981738,1e-05,3.92881322,0.19197339
25190,0.32060218,0.32060223,1e-05,4.30938387,0.19201308
25195,0.31072853,0.31072855,1e-05,6.16751528,0.19205277
25200,0.25123887,0.25123887,1e-05,5.79425955,0.19209246
25205,0.25324302,0.25324302,1e-05,6.08753252,0.19213215
25210,0.27840953,0.2784095,1e-05,5.80344486,0.19217184
25215,0.31897111,0.31897111,1e-05,5.55787945,0.19221152
25220,0.27574117,0.27574115,1e-05,4.69796515,0.19225121
25225,0.2741663,0.2741663,1e-05,3.87780523,0.1922909
25230,0.25800362,0.25800364,1e-05,4.36165953,0.19233059
25235,0.26786628,0.26786628,1e-05,4.67483807,0.19237028
25240,0.28726258,0.28726258,1e-05,3.64109492,0.19240997
25245,0.27104754,0.27104754,1e-05,5.01732969,0.19244966
25250,0.2363966,0.2363966,1e-05,4.42023134,0.19248934
25255,0.31687961,0.31687961,1e-05,4.047122,0.19252903
25260,0.30491037,0.30491037,1e-05,5.45311785,0.19256872
25265,0.25097246,0.25097246,1e-05,3.80483007,0.19260841
25270,0.24977849,0.24977846,1e-05,5.05013704,0.1926481
25275,0.27226286,0.27226286,1e-05,4.24434376,0.19268779
25280,0.27371817,0.27371817,1e-05,7.36352444,0.19272747
25285,0.27776022,0.27776022,1e-05,5.75078773,0.19276716
25290,0.25269423,0.25269423,1e-05,4.95556021,0.19280685
25295,0.27478929,0.27478929,1e-05,5.04595804,0.19284654
25300,0.29968207,0.29968204,1e-05,4.57904911,0.19288623
25305,0.27558937,0.27558937,1e-05,4.06214809,0.19292592
25310,0.25055599,0.25055599,1e-05,4.72470045,0.19296561
25315,0.29342113,0.29342113,1e-05,5.09600925,0.19300529
25320,0.24328446,0.24328444,1e-05,3.92175484,0.19304498
25325,0.28326232,0.28326235,1e-05,3.71513581,0.19308467
25330,0.27440715,0.27440715,1e-05,8.38190079,0.19312436
25335,0.24832873,0.24832873,1e-05,3.86154056,0.19316405
25340,0.25273962,0.25273962,1e-05,3.81304526,0.19320374
25345,0.29547825,0.29547825,1e-05,5.5037775,0.19324343
25350,0.26420879,0.26420879,1e-05,4.37133789,0.19328311
25355,0.27988706,0.27988703,1e-05,5.59158087,0.1933228
25360,0.25550816,0.25550818,1e-05,4.29993916,0.19336249
25365,0.22676115,0.22676115,1e-05,3.44073701,0.19340218
25370,0.21780362,0.21780365,1e-05,3.61862731,0.19344187
25375,0.24472017,0.24472017,1e-05,4.42722559,0.19348156
25380,0.25879936,0.25879939,1e-05,3.03725362,0.19352125
25385,0.29952245,0.29952245,1e-05,5.60498047,0.19356093
25390,0.2448401,0.2448401,1e-05,3.03809404,0.19360062
25395,0.2839098,0.28390985,1e-05,4.60346127,0.19364031
25400,0.23517928,0.23517928,1e-05,4.38935709,0.19368
25405,0.24476805,0.24476805,1e-05,2.64500976,0.19371969
25410,0.22501407,0.22501407,1e-05,5.17142153,0.19375938
25415,0.27334542,0.2733454,1e-05,3.68187642,0.19379906
25420,0.31178155,0.29083148,1e-05,2.01446152,0.19383875
25425,0.26399717,0.26275056,1e-05,5.36256409,0.19387844
25430,0.25142293,0.25142295,1e-05,4.69398355,0.19391813
25435,0.22917821,0.22917821,1e-05,3.71862555,0.19395782
25440,0.29786282,0.29786282,1e-05,5.09084606,0.19399751
25445,0.28003964,0.28003962,1e-05,4.18967533,0.1940372
25450,0.28102775,0.28102772,1e-05,4.85456848,0.19407688
25455,0.27828197,0.27828197,1e-05,4.36861944,0.19411657
25460,0.23327761,0.23327758,1e-05,3.91025448,0.19415626
25465,0.25551047,0.25551047,1e-05,5.35230207,0.19419595
25470,0.27064843,0.27064846,1e-05,5.66030836,0.19423564
25475,0.25545774,0.25545774,1e-05,3.94799066,0.19427533
25480,0.28860745,0.28860745,1e-05,5.18379116,0.19431502
25485,0.28561633,0.2856163,1e-05,4.19909525,0.1943547
25490,0.26056576,0.26056576,1e-05,5.1157012,0.19439439
25495,0.21844103,0.21844106,1e-05,4.07791471,0.19443408
25500,0.31205468,0.31205468,1e-05,5.05399179,0.19447377
25505,0.25608501,0.25608501,1e-05,4.69428492,0.19451346
25510,0.23481669,0.23481669,1e-05,6.14187336,0.19455315
25515,0.24678946,0.24678946,1e-05,5.12937164,0.19459284
25520,0.25326281,0.25326281,1e-05,3.6831975,0.19463252
25525,0.29282312,0.2928231,1e-05,5.9440155,0.19467221
25530,0.26461449,0.26461451,1e-05,5.46671104,0.1947119
25535,0.26380925,0.26380925,1e-05,5.76614475,0.19475159
25540,0.31292343,0.31292341,1e-05,5.55882549,0.19479128
25545,0.25204468,0.25204468,1e-05,2.92069364,0.19483097
25550,0.28756273,0.2875627,1e-05,4.39913797,0.19487066
25555,0.3229835,0.3229835,1e-05,3.52659845,0.19491034
25560,0.23071809,0.23071809,1e-05,4.64824247,0.19495003
25565,0.27835374,0.27835374,1e-05,4.19577312,0.19498972
25570,0.24630494,0.24630492,1e-05,4.5250535,0.19502941
25575,0.30669184,0.30669184,1e-05,4.1841116,0.1950691
25580,0.25588207,0.25588205,1e-05,9.30668259,0.19510879
25585,0.27686281,0.27686281,1e-05,3.92671442,0.19514847
25590,0.3597425,0.3597425,1e-05,5.4990921,0.19518816
25595,0.21453438,0.2145344,1e-05,4.11214495,0.19522785
25600,0.2602062,0.26020622,1e-05,5.1080451,0.19526754
25605,0.25507884,0.25507884,1e-05,4.99258852,0.19530723
25610,0.2957402,0.2957402,1e-05,4.5378685,0.19534692
25615,0.25518546,0.25518551,1e-05,4.47475529,0.19538661
25620,0.33413491,0.33413491,1e-05,6.57475042,0.19542629
25625,0.25983274,0.25983276,1e-05,5.27794981,0.19546598
25630,0.28868728,0.28868723,1e-05,3.86899567,0.19550567
25635,0.34394855,0.34394855,1e-05,5.37914753,0.19554536
25640,0.28301139,0.28301139,1e-05,4.32592249,0.19558505
25645,0.27146182,0.27146177,1e-05,4.40589952,0.19562474
25650,0.26025085,0.26025085,1e-05,3.79214835,0.19566443
25655,0.26786923,0.26786921,1e-05,3.55227423,0.19570411
25660,0.30485601,0.30485604,1e-05,3.91720247,0.1957438
25665,0.26718416,0.26718411,1e-05,4.26704788,0.19578349
25670,0.29885511,0.29885511,1e-05,3.93424964,0.19582318
25675,0.2777606,0.27776062,1e-05,4.38357782,0.19586287
25680,0.22262285,0.22262287,1e-05,3.81922626,0.19590256
25685,0.25880246,0.25880251,1e-05,4.04189205,0.19594225
25690,0.2144027,0.21440268,1e-05,3.48640394,0.19598193
25695,0.27740121,0.27740121,1e-05,4.76929188,0.19602162
25700,0.22286386,0.22286386,1e-05,4.59224701,0.19606131
25705,0.31738949,0.31738949,1e-05,7.76155615,0.196101
25710,0.27379913,0.27379911,1e-05,5.60937214,0.19614069
25715,0.22416577,0.22416575,1e-05,4.23870993,0.19618038
25720,0.25707774,0.25707774,1e-05,3.46634293,0.19622006
25725,0.29167013,0.29167018,1e-05,4.5692749,0.19625975
25730,0.25365021,0.25365021,1e-05,4.63434267,0.19629944
25735,0.34677753,0.32690525,1e-05,3.62766719,0.19633913
25740,0.2416894,0.2416894,1e-05,3.59465337,0.19637882
25745,0.22153325,0.22153323,1e-05,3.96043944,0.19641851
25750,0.26519849,0.26519852,1e-05,3.45183778,0.1964582
25755,0.30268483,0.30268478,1e-05,7.28120375,0.19649788
25760,0.30311697,0.30311694,1e-05,5.8758049,0.19653757
25765,0.21325173,0.21325173,1e-05,3.7282486,0.19657726
25770,0.27708528,0.27708526,1e-05,6.5573287,0.19661695
25775,0.27801526,0.27801528,1e-05,3.38222742,0.19665664
25780,0.25124476,0.25124478,1e-05,3.83686948,0.19669633
25785,0.22524748,0.22524748,1e-05,5.39452362,0.19673602
25790,0.24939141,0.24939141,1e-05,4.16848993,0.1967757
25795,0.25535455,0.25535455,1e-05,4.48990154,0.19681539
25800,0.23808093,0.23808093,1e-05,4.32897758,0.19685508
25805,0.28919518,0.28919518,1e-05,4.67642593,0.19689477
25810,0.26483655,0.2648365,1e-05,4.41294479,0.19693446
25815,0.24559479,0.24559484,1e-05,4.45860386,0.19697415
25820,0.25052822,0.25052822,1e-05,5.63301945,0.19701384
25825,0.28417578,0.28417573,1e-05,4.4214859,0.19705352
25830,0.26363726,0.26363726,1e-05,3.20001626,0.19709321
25835,0.29013696,0.29013693,1e-05,4.50777912,0.1971329
25840,0.25581784,0.25581782,1e-05,4.90606356,0.19717259
25845,0.27644475,0.27644472,1e-05,3.64140606,0.19721228
25850,0.27096395,0.27096395,1e-05,5.44408894,0.19725197
25855,0.2522198,0.2522198,1e-05,4.47412252,0.19729166
25860,0.30025897,0.30025895,1e-05,4.38170719,0.19733134
25865,0.22943978,0.22943978,1e-05,4.55882072,0.19737103
25870,0.27130041,0.27130041,1e-05,3.68455648,0.19741072
25875,0.22399182,0.22399187,1e-05,3.92435074,0.19745041
25880,0.28281476,0.28281476,1e-05,3.22857404,0.1974901
25885,0.30705614,0.30705614,1e-05,4.88554478,0.19752979
25890,0.3043611,0.3043611,1e-05,4.29017878,0.19756947
25895,0.29019637,0.29019637,1e-05,3.3809936,0.19760916
25900,0.30017581,0.30017581,1e-05,4.44669914,0.19764885
25905,0.27489991,0.27489991,1e-05,9.81945992,0.19768854
25910,0.29826694,0.29826691,1e-05,4.58925819,0.19772823
25915,0.26686363,0.26686366,1e-05,5.49936628,0.19776792
25920,0.23882773,0.23882771,1e-05,3.80181575,0.19780761
25925,0.24871078,0.24871078,1e-05,4.23179817,0.19784729
25930,0.24538007,0.24538007,1e-05,4.5300045,0.19788698
25935,0.2683048,0.26830478,1e-05,4.69062519,0.19792667
25940,0.25477619,0.25477619,1e-05,4.11897564,0.19796636
25945,0.29190083,0.29190083,1e-05,7.0300765,0.19800605
25950,0.25737152,0.25737152,1e-05,4.1209774,0.19804574
25955,0.32836838,0.32836838,1e-05,3.44189811,0.19808543
25960,0.24958231,0.24958229,1e-05,3.90143657,0.19812511
25965,0.26287384,0.26287382,1e-05,3.37324429,0.1981648
25970,0.3240272,0.32402723,1e-05,6.3116045,0.19820449
25975,0.2827734,0.2827734,1e-05,3.81498313,0.19824418
25980,0.25185697,0.25185697,1e-05,3.96342516,0.19828387
25985,0.31037586,0.31037583,1e-05,3.93966222,0.19832356
25990,0.23329012,0.23329015,1e-05,4.12568617,0.19836325
25995,0.21459222,0.21459219,1e-05,4.44859266,0.19840293
26000,0.26470377,0.2647038,1e-05,4.84055901,0.19844262
26005,0.28603296,0.28603301,1e-05,5.92145872,0.19848231
26010,0.27692006,0.27692003,1e-05,6.07861185,0.198522
26015,0.28020191,0.28020186,1e-05,6.29226732,0.19856169
26020,0.28973236,0.28973238,1e-05,6.39967108,0.19860138
26025,0.21971474,0.21971474,1e-05,3.70876932,0.19864106
26030,0.2339901,0.2339901,1e-05,3.14837289,0.19868075
26035,0.24745197,0.24745197,1e-05,5.71033382,0.19872044
26040,0.2777204,0.2777204,1e-05,5.88161182,0.19876013
26045,0.23079979,0.23122324,1e-05,2.48519516,0.19879982
26050,0.31866112,0.30725601,1e-05,3.91227317,0.19883951
26055,0.20886028,0.20886028,1e-05,4.11086559,0.1988792
26060,0.28532934,0.28532934,1e-05,5.26195621,0.19891888
26065,0.25085034,0.25085032,1e-05,4.52785921,0.19895857
26070,0.26094346,0.26094346,1e-05,4.4347043,0.19899826
26075,0.25029497,0.25029497,1e-05,4.4368825,0.19903795
26080,0.22058139,0.22058139,1e-05,3.5873549,0.19907764
26085,0.24116943,0.24116945,1e-05,7.19737434,0.19911733
26090,0.29156594,0.29156594,1e-05,5.21222305,0.19915702
26095,0.24489942,0.24489942,1e-05,5.2157588,0.1991967
26100,0.26099036,0.26099038,1e-05,4.78759623,0.19923639
26105,0.30611043,0.30611043,1e-05,7.71768093,0.19927608
26110,0.23183684,0.23183684,1e-05,4.16423798,0.19931577
26115,0.24767594,0.24767594,1e-05,3.52189851,0.19935546
26120,0.18034322,0.18034325,1e-05,4.68378735,0.19939515
26125,0.2617569,0.2617569,1e-05,3.95001292,0.19943484
26130,0.31666555,0.31666555,1e-05,4.85503531,0.19947452
26135,0.27411306,0.27411311,1e-05,3.6787293,0.19951421
26140,0.27552032,0.27552032,1e-05,4.2288537,0.1995539
26145,0.25295048,0.25295043,1e-05,5.2347393,0.19959359
26150,0.29143581,0.29143581,1e-05,6.03360033,0.19963328
26155,0.25473003,0.25472999,1e-05,4.18669176,0.19967297
26160,0.22854681,0.22854681,1e-05,4.34150934,0.19971266
26165,0.2585551,0.2585551,1e-05,4.74947643,0.19975234
26170,0.2767015,0.2767015,1e-05,6.6696291,0.19979203
26175,0.25813487,0.25813489,1e-05,4.04475403,0.19983172
26180,0.30079961,0.30079961,1e-05,4.13583422,0.19987141
26185,0.22922354,0.22922354,1e-05,3.47848797,0.1999111
26190,0.29582593,0.29582591,1e-05,5.32019806,0.19995079
26195,0.27005219,0.27005219,1e-05,5.15532684,0.19999047
26200,0.26063628,0.26063631,1e-05,4.69134855,0.20003016
26205,0.27256026,0.27256026,1e-05,3.04720616,0.20006985
26210,0.24093225,0.24093223,1e-05,3.45921016,0.20010954
26215,0.31025393,0.31025393,1e-05,4.83801508,0.20014923
26220,0.25957932,0.25957932,1e-05,6.49311447,0.20018892
26225,0.25100348,0.25100346,1e-05,9.16145897,0.20022861
26230,0.27063153,0.2706315,1e-05,3.50459313,0.20026829
26235,0.29017687,0.29017687,1e-05,5.30087042,0.20030798
26240,0.24854035,0.2485404,1e-05,8.05408001,0.20034767
26245,0.26147804,0.26147807,1e-05,4.57833433,0.20038736
26250,0.27143569,0.27143567,1e-05,4.02749062,0.20042705
26255,0.25630789,0.25630786,1e-05,5.52966118,0.20046674
26260,0.24796715,0.24796715,1e-05,7.1428709,0.20050643
26265,0.27104597,0.27104597,1e-05,3.98643661,0.20054611
26270,0.26541893,0.26541896,1e-05,6.22330809,0.2005858
26275,0.28077593,0.28077593,1e-05,10.55288219,0.20062549
26280,0.33282957,0.33282957,1e-05,6.58782911,0.20066518
26285,0.23819771,0.23819771,1e-05,3.05235219,0.20070487
26290,0.31192741,0.31192741,1e-05,5.17794657,0.20074456
26295,0.26305461,0.26305461,1e-05,5.42239475,0.20078425
26300,0.26047053,0.26047053,1e-05,5.1654067,0.20082393
26305,0.28477547,0.28477547,1e-05,5.4211216,0.20086362
26310,0.23489428,0.23489428,1e-05,4.08993387,0.20090331
26315,0.22358766,0.22358766,1e-05,3.46333265,0.200943
26320,0.32757189,0.32757189,1e-05,5.19444513,0.20098269
26325,0.26765363,0.26765363,1e-05,4.89087772,0.20102238
26330,0.27509446,0.27509449,1e-05,3.07505751,0.20106206
26335,0.2711741,0.2711741,1e-05,4.47097111,0.20110175
26340,0.28057842,0.28057842,1e-05,2.91804171,0.20114144
26345,0.35324278,0.35324278,1e-05,4.68439436,0.20118113
26350,0.24905853,0.24905853,1e-05,5.60261822,0.20122082
26355,0.26090531,0.26090531,1e-05,5.1383729,0.20126051
26360,0.35687876,0.35245919,1e-05,2.64776397,0.2013002
26365,0.28284013,0.28284016,1e-05,5.13165331,0.20133988
26370,0.29415016,0.29415014,1e-05,4.78117752,0.20137957
26375,0.2914942,0.29149418,1e-05,4.37937498,0.20141926
26380,0.24040155,0.24040153,1e-05,4.60135555,0.20145895
26385,0.20696688,0.20696688,1e-05,3.5520575,0.20149864
26390,0.25282426,0.25282426,1e-05,5.32269287,0.20153833
26395,0.24551349,0.24551349,1e-05,4.00599909,0.20157802
26400,0.31355143,0.3135514,1e-05,6.45093727,0.2016177
26405,0.28359461,0.28359461,1e-05,3.69563484,0.20165739
26410,0.268101,0.26810102,1e-05,7.26769543,0.20169708
26415,0.26252122,0.2625212,1e-05,4.37688828,0.20173677
26420,0.2653434,0.2653434,1e-05,4.06323385,0.20177646
26425,0.25999706,0.25999703,1e-05,5.81210804,0.20181615
26430,0.25095329,0.25095329,1e-05,4.42311096,0.20185584
26435,0.24411087,0.24411087,1e-05,4.82248926,0.20189552
26440,0.27020912,0.27020912,1e-05,5.03975058,0.20193521
26445,0.24997649,0.24997649,1e-05,5.69366121,0.2019749
26450,0.26004686,0.26004684,1e-05,5.58114529,0.20201459
26455,0.26228461,0.26228461,1e-05,6.02039862,0.20205428
26460,0.29033101,0.29033098,1e-05,7.86672688,0.20209397
26465,0.27577038,0.27577038,1e-05,10.79200935,0.20213366
26470,0.22129643,0.22129645,1e-05,4.85450554,0.20217334
26475,0.27404056,0.27404053,1e-05,3.43494701,0.20221303
26480,0.23837953,0.23837953,1e-05,4.98195791,0.20225272
26485,0.28367004,0.28367002,1e-05,4.5878129,0.20229241
26490,0.29319708,0.29319711,1e-05,4.3233676,0.2023321
26495,0.2609015,0.2609015,1e-05,6.04249382,0.20237179
26500,0.29997621,0.29997618,1e-05,3.6236937,0.20241147
26505,0.25497379,0.25497382,1e-05,9.1659317,0.20245116
26510,0.27666717,0.27666717,1e-05,4.83885193,0.20249085
26515,0.25440345,0.25440345,1e-05,6.33753157,0.20253054
26520,0.25423698,0.25423698,1e-05,3.76776433,0.20257023
26525,0.27665241,0.27665243,1e-05,4.24266958,0.20260992
26530,0.26601281,0.26601284,1e-05,4.06041288,0.20264961
26535,0.25345497,0.25345495,1e-05,5.40476227,0.20268929
26540,0.28463287,0.28463287,1e-05,4.05297279,0.20272898
26545,0.23058391,0.23058388,1e-05,4.19677401,0.20276867
26550,0.28298819,0.28298819,1e-05,6.3706007,0.20280836
26555,0.28665664,0.28665664,1e-05,4.63640261,0.20284805
26560,0.25846584,0.25846581,1e-05,4.31937742,0.20288774
26565,0.25923777,0.25923777,1e-05,4.40378141,0.20292743
26570,0.2741518,0.27415185,1e-05,4.48260832,0.20296711
26575,0.26646943,0.26646945,1e-05,5.78217173,0.2030068
26580,0.25596714,0.25596714,1e-05,4.14508009,0.20304649
26585,0.24174168,0.24174168,1e-05,3.20248842,0.20308618
26590,0.25333121,0.25333118,1e-05,4.65706778,0.20312587
26595,0.30646935,0.30646932,1e-05,3.75823641,0.20316556
26600,0.31759188,0.31759186,1e-05,7.43030548,0.20320525
26605,0.2768899,0.2768899,1e-05,4.02956629,0.20324493
26610,0.24579,0.24579,1e-05,3.96269393,0.20328462
26615,0.28386288,0.28386285,1e-05,4.92227554,0.20332431
26620,0.23291526,0.23291526,1e-05,4.5301528,0.203364
26625,0.25207996,0.25207996,1e-05,3.64441752,0.20340369
26630,0.22696195,0.22696192,1e-05,5.97280502,0.20344338
26635,0.33669362,0.33669357,1e-05,5.86314583,0.20348306
26640,0.27493143,0.27493143,1e-05,4.56613398,0.20352275
26645,0.27213397,0.27213397,1e-05,5.20461512,0.20356244
26650,0.29909492,0.29909496,1e-05,5.0116353,0.20360213
26655,0.2865279,0.2865279,1e-05,5.30444241,0.20364182
26660,0.23547781,0.23547783,1e-05,4.12910509,0.20368151
26665,0.22801728,0.22801731,1e-05,4.71093321,0.2037212
26670,0.23301866,0.23301866,1e-05,5.18179035,0.20376088
26675,0.35632253,0.34990109,1e-05,4.02540922,0.20380057
26680,0.24895122,0.24895122,1e-05,4.64827585,0.20384026
26685,0.2630523,0.2630523,1e-05,4.70933008,0.20387995
26690,0.23459377,0.23459377,1e-05,3.33944321,0.20391964
26695,0.3038456,0.3038456,1e-05,4.1445899,0.20395933
26700,0.28643827,0.28643832,1e-05,4.46840096,0.20399902
26705,0.26595383,0.2659538,1e-05,4.39778757,0.2040387
26710,0.26206794,0.26206794,1e-05,4.42346907,0.20407839
26715,0.21865165,0.21865165,1e-05,3.98492312,0.20411808
26720,0.25613635,0.25613637,1e-05,4.34671354,0.20415777
26725,0.25326104,0.25326104,1e-05,5.80211544,0.20419746
26730,0.28481855,0.28481855,1e-05,6.07714224,0.20423715
26735,0.2447896,0.2447896,1e-05,5.77506971,0.20427684
26740,0.23131354,0.23131356,1e-05,4.47199297,0.20431652
26745,0.29897337,0.29897339,1e-05,5.11994934,0.20435621
26750,0.28564422,0.2856442,1e-05,3.72404647,0.2043959
26755,0.26191168,0.26191165,1e-05,7.57196617,0.20443559
26760,0.27313309,0.27313309,1e-05,3.55685425,0.20447528
26765,0.25417931,0.25417933,1e-05,4.54144144,0.20451497
26770,0.26724343,0.26724346,1e-05,6.43508434,0.20455466
26775,0.26698723,0.26698723,1e-05,4.72066212,0.20459434
26780,0.28734221,0.28734221,1e-05,3.71764112,0.20463403
26785,0.28797235,0.28797238,1e-05,6.69878864,0.20467372
26790,0.28661871,0.28661871,1e-05,5.37547159,0.20471341
26795,0.25818863,0.25818861,1e-05,4.92102623,0.2047531
26800,0.25831847,0.25831847,1e-05,5.43870258,0.20479279
26805,0.23494458,0.23494458,1e-05,5.18903685,0.20483247
26810,0.26827347,0.26827345,1e-05,4.60146284,0.20487216
26815,0.21816232,0.2181623,1e-05,4.3659668,0.20491185
26820,0.26578448,0.2657845,1e-05,4.15416622,0.20495154
26825,0.29737232,0.29737232,1e-05,4.29857635,0.20499123
26830,0.2357079,0.2357079,1e-05,4.17019033,0.20503092
26835,0.30969794,0.30969791,1e-05,4.06112051,0.20507061
26840,0.2542496,0.25424957,1e-05,4.03615952,0.20511029
26845,0.27356367,0.27356365,1e-05,3.34102821,0.20514998
26850,0.24905725,0.24905725,1e-05,5.27470779,0.20518967
26855,0.2642709,0.2642709,1e-05,4.73215628,0.20522936
26860,0.24971592,0.2497159,1e-05,6.61085129,0.20526905
26865,0.24571705,0.24571702,1e-05,3.61178613,0.20530874
26870,0.3152072,0.31520722,1e-05,6.38373709,0.20534843
26875,0.25665474,0.25665474,1e-05,5.51599455,0.20538811
26880,0.30920677,0.30920677,1e-05,6.05558252,0.2054278
26885,0.28871393,0.28871393,1e-05,4.33899736,0.20546749
26890,0.31344266,0.31344264,1e-05,4.9432683,0.20550718
26895,0.2939558,0.2939558,1e-05,8.46078491,0.20554687
26900,0.30291038,0.30291038,1e-05,3.52599525,0.20558656
26905,0.25503361,0.25503361,1e-05,5.75243473,0.20562625
26910,0.26150079,0.26150079,1e-05,6.5501132,0.20566593
26915,0.26674867,0.26674867,1e-05,7.25313282,0.20570562
26920,0.29646573,0.29646568,1e-05,3.86114407,0.20574531
26925,0.25971053,0.2597105,1e-05,6.97487307,0.205785
26930,0.2388576,0.2388576,1e-05,4.39531708,0.20582469
26935,0.32341614,0.32341614,1e-05,4.01454878,0.20586438
26940,0.23864613,0.23864613,1e-05,5.43089628,0.20590406
26945,0.28557305,0.28557305,1e-05,5.40616417,0.20594375
26950,0.26468177,0.26468177,1e-05,4.30182791,0.20598344
26955,0.25108192,0.2510819,1e-05,5.33375454,0.20602313
26960,0.34665341,0.34665341,1e-05,4.47209692,0.20606282
26965,0.26211662,0.26211662,1e-05,4.6078372,0.20610251
26970,0.28882813,0.28882813,1e-05,3.71178389,0.2061422
26975,0.24567242,0.24567244,1e-05,4.44380331,0.20618188
26980,0.26132779,0.26132774,1e-05,3.71373534,0.20622157
26985,0.25223341,0.24684345,1e-05,1.61534584,0.20626126
26990,0.32362268,0.29719082,1e-05,4.67271662,0.20630095
26995,0.22042069,0.22042065,1e-05,2.60244989,0.20634064
27000,0.29606214,0.29606214,1e-05,4.41376877,0.20638033
27005,0.22755466,0.22755466,1e-05,5.76856232,0.20642002
27010,0.24732413,0.24732413,1e-05,5.90929985,0.2064597
27015,0.26719618,0.26719615,1e-05,4.3576045,0.20649939
27020,0.2640394,0.26403942,1e-05,3.24029613,0.20653908
27025,0.26594992,0.26594992,1e-05,3.07800674,0.20657877
27030,0.20341394,0.20341392,1e-05,4.32780457,0.20661846
27035,0.23563664,0.23563664,1e-05,3.65838456,0.20665815
27040,0.27942448,0.27942448,1e-05,6.11724043,0.20669784
27045,0.22820859,0.22820857,1e-05,3.39820647,0.20673752
27050,0.30057466,0.30057468,1e-05,5.12938738,0.20677721
27055,0.28393886,0.28393886,1e-05,4.24841547,0.2068169
27060,0.31841364,0.31841364,1e-05,6.48787594,0.20685659
27065,0.27735982,0.27735984,1e-05,5.44349241,0.20689628
27070,0.26203585,0.26203585,1e-05,3.04899645,0.20693597
27075,0.26113834,0.26113834,1e-05,7.56771421,0.20697566
27080,0.2268599,0.2268599,1e-05,3.42454576,0.20701534
27085,0.28022847,0.28022847,1e-05,4.31077003,0.20705503
27090,0.26201375,0.26201375,1e-05,5.56650782,0.20709472
27095,0.29559369,0.29559369,1e-05,3.69455242,0.20713441
27100,0.21793525,0.21793523,1e-05,2.92075276,0.2071741
27105,0.25216944,0.25216944,1e-05,5.97218561,0.20721379
27110,0.30565538,0.30565536,1e-05,6.00820446,0.20725347
27115,0.27299838,0.27299833,1e-05,21.45529938,0.20729316
27120,0.24077439,0.24077439,1e-05,5.21192741,0.20733285
27125,0.28613906,0.28613911,1e-05,4.78762913,0.20737254
27130,0.26953192,0.26953189,1e-05,5.43814468,0.20741223
27135,0.27182894,0.27182894,1e-05,10.08088779,0.20745192
27140,0.26299825,0.26299825,1e-05,5.27471542,0.20749161
27145,0.24211791,0.24211793,1e-05,3.75954604,0.20753129
27150,0.30956254,0.30956254,1e-05,4.187747,0.20757098
27155,0.24212756,0.24212756,1e-05,4.3603282,0.20761067
27160,0.31477208,0.31477206,1e-05,4.30257559,0.20765036
27165,0.32733045,0.3273304,1e-05,5.23077774,0.20769005
27170,0.28811045,0.28811047,1e-05,3.54521298,0.20772974
27175,0.27101212,0.27101212,1e-05,3.72819901,0.20776943
27180,0.29330029,0.29330029,1e-05,5.46220016,0.20780911
27185,0.2876358,0.2876358,1e-05,5.44390106,0.2078488
27190,0.28136387,0.28136389,1e-05,4.32069635,0.20788849
27195,0.30133867,0.30133867,1e-05,7.69044638,0.20792818
27200,0.25187116,0.25187116,1e-05,6.45077324,0.20796787
27205,0.27034075,0.27034075,1e-05,3.93395352,0.20800756
27210,0.25549726,0.25549726,1e-05,4.71549654,0.20804725
27215,0.2866987,0.28669872,1e-05,5.22930384,0.20808693
27220,0.28877397,0.28877397,1e-05,4.74586296,0.20812662
27225,0.26228104,0.26228104,1e-05,7.26673651,0.20816631
27230,0.24588683,0.24588685,1e-05,3.32054996,0.208206
27235,0.26713057,0.26713057,1e-05,6.38657713,0.20824569
27240,0.27447574,0.27447572,1e-05,4.19294643,0.20828538
27245,0.2666903,0.26669033,1e-05,4.53085947,0.20832506
27250,0.31238666,0.31238663,1e-05,3.79414201,0.20836475
27255,0.29562635,0.29562635,1e-05,5.31155252,0.20840444
27260,0.31853828,0.31853828,1e-05,5.02780867,0.20844413
27265,0.28423271,0.28423271,1e-05,5.30956459,0.20848382
27270,0.29610972,0.29610972,1e-05,4.29490805,0.20852351
27275,0.27921128,0.27921126,1e-05,3.82969832,0.2085632
27280,0.29966207,0.29966207,1e-05,5.52325916,0.20860288
27285,0.28998976,0.28998973,1e-05,4.96578217,0.20864257
27290,0.24092567,0.24092565,1e-05,4.2417593,0.20868226
27295,0.25233026,0.25233026,1e-05,3.82843852,0.20872195
27300,0.32789593,0.32192067,1e-05,5.63930988,0.20876164
27305,0.27189114,0.27189116,1e-05,3.51551938,0.20880133
27310,0.23698864,0.23698864,1e-05,4.37400389,0.20884102
27315,0.28743019,0.28743019,1e-05,4.39556885,0.2088807
27320,0.2444253,0.24442525,1e-05,5.74776459,0.20892039
27325,0.2668129,0.2668129,1e-05,3.33540511,0.20896008
27330,0.22588017,0.22588019,1e-05,3.41939139,0.20899977
27335,0.26429713,0.26429713,1e-05,4.66738892,0.20903946
27340,0.31839638,0.31839638,1e-05,5.05289841,0.20907915
27345,0.25727198,0.25727196,1e-05,5.05203104,0.20911884
27350,0.27865162,0.2786516,1e-05,4.02848864,0.20915852
27355,0.31224523,0.3122452,1e-05,6.11136103,0.20919821
27360,0.26556592,0.26556592,1e-05,4.82979393,0.2092379
27365,0.27701521,0.27701521,1e-05,4.75694561,0.20927759
27370,0.2771317,0.2771317,1e-05,4.04638243,0.20931728
27375,0.27108383,0.27108383,1e-05,5.39393282,0.20935697
27380,0.24895632,0.24895635,1e-05,3.64999247,0.20939666
27385,0.31057072,0.31057072,1e-05,4.06461096,0.20943634
27390,0.21383991,0.21383991,1e-05,15.5845232,0.20947603
27395,0.29506855,0.29506855,1e-05,3.94865823,0.20951572
27400,0.27118633,0.27118635,1e-05,6.48952389,0.20955541
27405,0.30346389,0.30346389,1e-05,3.52820945,0.2095951
27410,0.3015584,0.30155842,1e-05,5.65883636,0.20963479
27415,0.25421591,0.25421591,1e-05,4.55775356,0.20967447
27420,0.24837556,0.24837556,1e-05,3.7353909,0.20971416
27425,0.25628676,0.25628676,1e-05,5.71680641,0.20975385
27430,0.24503851,0.24503851,1e-05,3.95362329,0.20979354
27435,0.25272799,0.25272799,1e-05,4.69113922,0.20983323
27440,0.23978686,0.23978686,1e-05,6.05112696,0.20987292
27445,0.2812115,0.28121147,1e-05,3.54197288,0.20991261
27450,0.25638196,0.25638199,1e-05,4.95243692,0.20995229
27455,0.27970016,0.27970018,1e-05,3.24976826,0.20999198
27460,0.26082499,0.26082501,1e-05,4.03146553,0.21003167
27465,0.27183032,0.27183032,1e-05,4.02823544,0.21007136
27470,0.25828772,0.25828774,1e-05,5.34038591,0.21011105
27475,0.26851845,0.26851842,1e-05,4.26040888,0.21015074
27480,0.33277545,0.33277545,1e-05,4.30927706,0.21019043
27485,0.3349412,0.3349412,1e-05,5.03410101,0.21023011
27490,0.2874747,0.2874747,1e-05,5.12866068,0.2102698
27495,0.27160726,0.27160726,1e-05,4.13901424,0.21030949
27500,0.29362774,0.29362772,1e-05,4.86169577,0.21034918
27505,0.24246407,0.24246407,1e-05,7.38338232,0.21038887
27510,0.23972082,0.23972082,1e-05,5.41698265,0.21042856
27515,0.2369453,0.2369453,1e-05,3.97003865,0.21046825
27520,0.2434772,0.24347715,1e-05,3.80740595,0.21050793
27525,0.2857749,0.28577487,1e-05,4.9403615,0.21054762
27530,0.31028576,0.31028576,1e-05,5.36833715,0.21058731
27535,0.30703261,0.30703259,1e-05,3.51659393,0.210627
27540,0.26424918,0.26424918,1e-05,3.82840085,0.21066669
27545,0.28309655,0.28309653,1e-05,5.78595591,0.21070638
27550,0.22499914,0.22499914,1e-05,4.64590406,0.21074606
27555,0.25487783,0.25487781,1e-05,5.32706213,0.21078575
27560,0.24777069,0.24777069,1e-05,5.3915658,0.21082544
27565,0.26379476,0.26379476,1e-05,3.4942162,0.21086513
27570,0.25100694,0.25100696,1e-05,3.99766135,0.21090482
27575,0.25839925,0.25839925,1e-05,8.24976826,0.21094451
27580,0.25613511,0.25613508,1e-05,3.21951318,0.2109842
27585,0.24432726,0.24432726,1e-05,4.25962925,0.21102388
27590,0.26073692,0.26073692,1e-05,4.59670448,0.21106357
27595,0.24327781,0.24327784,1e-05,4.38924313,0.21110326
27600,0.2963491,0.2963491,1e-05,5.09749794,0.21114295
27605,0.23827293,0.23827293,1e-05,4.42628002,0.21118264
27610,0.24143009,0.24143009,1e-05,4.58609438,0.21122233
27615,0.36690042,0.35299818,1e-05,5.93184423,0.21126202
27620,0.26749172,0.26749172,1e-05,5.6714797,0.2113017
27625,0.26145241,0.26145241,1e-05,5.28502035,0.21134139
27630,0.32229218,0.32229218,1e-05,6.62043619,0.21138108
27635,0.23965969,0.23965969,1e-05,3.79962826,0.21142077
27640,0.24844983,0.24844985,1e-05,5.02206945,0.21146046
27645,0.23379767,0.23379769,1e-05,2.93063307,0.21150015
27650,0.28511982,0.28511984,1e-05,3.61443973,0.21153984
27655,0.23769171,0.23769169,1e-05,6.93197584,0.21157952
27660,0.31013875,0.31013875,1e-05,5.93849277,0.21161921
27665,0.27267895,0.272679,1e-05,4.95091915,0.2116589
27670,0.28836899,0.28836899,1e-05,4.23938465,0.21169859
27675,0.29244232,0.29244232,1e-05,4.05169153,0.21173828
27680,0.24923387,0.24923387,1e-05,3.56887412,0.21177797
27685,0.32076936,0.32076936,1e-05,4.67436123,0.21181766
27690,0.25359659,0.25359662,1e-05,3.42956972,0.21185734
27695,0.23532524,0.23532524,1e-05,3.61370492,0.21189703
27700,0.24686801,0.24686801,1e-05,4.79222155,0.21193672
27705,0.29024494,0.29024496,1e-05,5.10411739,0.21197641
27710,0.29020085,0.2902009,1e-05,4.26550102,0.2120161
27715,0.23721833,0.23721833,1e-05,4.48139668,0.21205579
27720,0.2936974,0.2936974,1e-05,3.96219587,0.21209547
27725,0.2736815,0.27368147,1e-05,4.65225363,0.21213516
27730,0.26817746,0.26817746,1e-05,5.10802746,0.21217485
27735,0.24608407,0.24608407,1e-05,4.61324501,0.21221454
27740,0.28550143,0.28550146,1e-05,4.55895853,0.21225423
27745,0.35004387,0.35004387,1e-05,6.68348169,0.21229392
27750,0.20462928,0.20462925,1e-05,3.97001529,0.21233361
27755,0.27454877,0.27454877,1e-05,4.62501192,0.21237329
27760,0.29827394,0.29827397,1e-05,4.19447279,0.21241298
27765,0.26382308,0.26382308,1e-05,3.52957177,0.21245267
27770,0.26823258,0.26823258,1e-05,3.9530158,0.21249236
27775,0.28051705,0.2805171,1e-05,8.85574532,0.21253205
27780,0.26832204,0.26832204,1e-05,5.09480619,0.21257174
27785,0.28473723,0.28473721,1e-05,3.76489496,0.21261143
27790,0.28635974,0.28635969,1e-05,6.06835127,0.21265111
27795,0.2247427,0.2247427,1e-05,4.01073551,0.2126908
27800,0.29108434,0.29108434,1e-05,6.74260902,0.21273049
27805,0.28996072,0.28996072,1e-05,5.0325861,0.21277018
27810,0.28240485,0.2824049,1e-05,6.29267645,0.21280987
27815,0.27962039,0.27962036,1e-05,3.4623611,0.21284956
27820,0.24883442,0.24883442,1e-05,3.93259764,0.21288925
27825,0.32797437,0.32797437,1e-05,5.35117912,0.21292893
27830,0.26821475,0.26821475,1e-05,6.31087923,0.21296862
27835,0.28944457,0.28944457,1e-05,5.49219656,0.21300831
27840,0.27845116,0.27845118,1e-05,4.56532907,0.213048
27845,0.29662714,0.29662716,1e-05,3.53257036,0.21308769
27850,0.30958619,0.30958619,1e-05,5.56578827,0.21312738
27855,0.28114738,0.28114738,1e-05,5.50554419,0.21316706
27860,0.30196254,0.30196257,1e-05,3.77132702,0.21320675
27865,0.24841428,0.24841428,1e-05,5.3113718,0.21324644
27870,0.32389178,0.32389178,1e-05,6.02460575,0.21328613
27875,0.2370091,0.2370091,1e-05,4.99834681,0.21332582
27880,0.31289067,0.31289065,1e-05,4.6729393,0.21336551
27885,0.29109316,0.29109313,1e-05,6.52703905,0.2134052
27890,0.30589476,0.30589478,1e-05,4.20779896,0.21344488
27895,0.30567472,0.30567474,1e-05,5.42782974,0.21348457
27900,0.31020823,0.31020823,1e-05,7.30030155,0.21352426
27905,0.30257802,0.30257802,1e-05,5.3445816,0.21356395
27910,0.2296756,0.22967563,1e-05,3.07515478,0.21360364
27915,0.25777359,0.25777359,1e-05,5.28349209,0.21364333
27920,0.24187379,0.24187379,1e-05,3.56124711,0.21368302
27925,0.34428329,0.32991123,1e-05,3.89394093,0.2137227
27930,0.30873733,0.3087373,1e-05,3.98557973,0.21376239
27935,0.29032521,0.29032524,1e-05,4.80591488,0.21380208
27940,0.22055612,0.22055612,1e-05,5.21712112,0.21384177
27945,0.29606721,0.29606724,1e-05,4.63602591,0.21388146
27950,0.21026533,0.21026535,1e-05,5.42218399,0.21392115
27955,0.25058579,0.25058579,1e-05,2.92307162,0.21396084
27960,0.24086981,0.24086981,1e-05,4.76485157,0.21400052
27965,0.27791612,0.27791612,1e-05,3.90750337,0.21404021
27970,0.26936536,0.26936538,1e-05,3.87516546,0.2140799
27975,0.27805533,0.27805531,1e-05,3.86578059,0.21411959
27980,0.26104436,0.26104436,1e-05,4.34716272,0.21415928
27985,0.27208219,0.27208221,1e-05,43.74405289,0.21419897
27990,0.26952643,0.26952643,1e-05,4.98263979,0.21423866
27995,0.25619757,0.2561976,1e-05,4.59395552,0.21427834
28000,0.21697786,0.21697783,1e-05,3.14486885,0.21431803
28005,0.21151373,0.21151376,1e-05,5.62103558,0.21435772
28010,0.31659377,0.31659374,1e-05,5.54498863,0.21439741
28015,0.28813133,0.28813133,1e-05,4.88352585,0.2144371
28020,0.3020298,0.3020298,1e-05,5.28423262,0.21447679
28025,0.2825541,0.2825541,1e-05,6.23712635,0.21451647
28030,0.25646744,0.25646744,1e-05,4.33369637,0.21455616
28035,0.25104389,0.25104389,1e-05,2.88047194,0.21459585
28040,0.23030577,0.23030574,1e-05,4.24109888,0.21463554
28045,0.29887121,0.29887123,1e-05,5.29888201,0.21467523
28050,0.22277799,0.22277799,1e-05,4.04797077,0.21471492
28055,0.236413,0.23641303,1e-05,4.34984303,0.21475461
28060,0.26248529,0.26248531,1e-05,5.65661716,0.21479429
28065,0.28458791,0.28458791,1e-05,3.33376431,0.21483398
28070,0.23381619,0.23381622,1e-05,5.72667265,0.21487367
28075,0.25135889,0.25135889,1e-05,7.80190516,0.21491336
28080,0.28487649,0.28487649,1e-05,4.6450243,0.21495305
28085,0.29499328,0.29499326,1e-05,6.20979071,0.21499274
28090,0.32395821,0.32395818,1e-05,4.19450712,0.21503243
28095,0.32077179,0.32077179,1e-05,6.86506796,0.21507211
28100,0.25652213,0.25652211,1e-05,3.12433672,0.2151118
28105,0.26601396,0.26601396,1e-05,5.46965933,0.21515149
28110,0.30123551,0.30123553,1e-05,4.3622427,0.21519118
28115,0.27299457,0.27299457,1e-05,3.94952893,0.21523087
28120,0.29888523,0.2988852,1e-05,5.64865351,0.21527056
28125,0.2535635,0.25356352,1e-05,4.34634352,0.21531025
28130,0.33589361,0.33589358,1e-05,4.77332401,0.21534993
28135,0.24994707,0.24994707,1e-05,4.15755987,0.21538962
28140,0.2640172,0.26401715,1e-05,3.77360511,0.21542931
28145,0.25291185,0.25291185,1e-05,3.83322096,0.215469
28150,0.30383964,0.30383964,1e-05,5.16488743,0.21550869
28155,0.25985637,0.25985641,1e-05,5.13249302,0.21554838
28160,0.26170197,0.26170199,1e-05,3.96984076,0.21558806
28165,0.27249718,0.27249718,1e-05,3.85653543,0.21562775
28170,0.23064981,0.23064978,1e-05,3.20971727,0.21566744
28175,0.2773242,0.2773242,1e-05,4.10956383,0.21570713
28180,0.3167635,0.31676347,1e-05,4.12731266,0.21574682
28185,0.25720248,0.25720248,1e-05,3.82312441,0.21578651
28190,0.25054812,0.25054812,1e-05,4.70291138,0.2158262
28195,0.30754197,0.30754199,1e-05,2.8133235,0.21586588
28200,0.34020648,0.34020648,1e-05,5.87038612,0.21590557
28205,0.2461484,0.24614842,1e-05,3.12645268,0.21594526
28210,0.29377339,0.29377337,1e-05,4.7559166,0.21598495
28215,0.23454111,0.23454113,1e-05,4.32811213,0.21602464
28220,0.23921561,0.23921561,1e-05,4.41930294,0.21606433
28225,0.28817677,0.28817677,1e-05,4.62888765,0.21610402
28230,0.27578092,0.27578092,1e-05,4.1982069,0.2161437
28235,0.23459415,0.23459415,1e-05,5.13829565,0.21618339
28240,0.30924735,0.28692298,1e-05,8.75078487,0.21622308
28245,0.28585169,0.28585169,1e-05,6.61651897,0.21626277
28250,0.31316347,0.3131635,1e-05,6.46934319,0.21630246
28255,0.25759802,0.25759802,1e-05,31.45726776,0.21634215
28260,0.31845045,0.31845045,1e-05,4.52529907,0.21638184
28265,0.25914218,0.25914216,1e-05,4.41692209,0.21642152
28270,0.29718442,0.29718447,1e-05,4.77418375,0.21646121
28275,0.28229632,0.28229632,1e-05,4.09984827,0.2165009
28280,0.26592221,0.26592219,1e-05,4.49176502,0.21654059
28285,0.25925169,0.25925169,1e-05,6.68513155,0.21658028
28290,0.30361001,0.30360999,1e-05,3.87417269,0.21661997
28295,0.25650446,0.25650446,1e-05,4.48507071,0.21665966
28300,0.26762221,0.26762218,1e-05,4.27794695,0.21669934
28305,0.28615334,0.28615332,1e-05,4.9336133,0.21673903
28310,0.25621524,0.25621524,1e-05,4.24835825,0.21677872
28315,0.31443415,0.3144341,1e-05,5.12720299,0.21681841
28320,0.28741479,0.28741479,1e-05,4.73754072,0.2168581
28325,0.27198308,0.27198305,1e-05,3.67844748,0.21689779
28330,0.29967375,0.29967377,1e-05,6.67670012,0.21693747
28335,0.25355315,0.25355315,1e-05,4.7974577,0.21697716
28340,0.26122532,0.26122532,1e-05,5.116467,0.21701685
28345,0.26607084,0.26607084,1e-05,4.22965336,0.21705654
28350,0.29764934,0.29764934,1e-05,6.09882307,0.21709623
28355,0.25741825,0.25741825,1e-05,5.32276821,0.21713592
28360,0.28435454,0.2843545,1e-05,5.281569,0.21717561
28365,0.24901555,0.24901557,1e-05,4.04494238,0.21721529
28370,0.28445106,0.28445106,1e-05,3.26162243,0.21725498
28375,0.25686941,0.25686939,1e-05,3.76494932,0.21729467
28380,0.28608017,0.28608017,1e-05,4.97304296,0.21733436
28385,0.27266097,0.27266097,1e-05,4.87095308,0.21737405
28390,0.28231742,0.28231742,1e-05,4.50624943,0.21741374
28395,0.26690078,0.26690078,1e-05,12.35932064,0.21745343
28400,0.29775696,0.29775701,1e-05,5.19886303,0.21749311
28405,0.24836946,0.24836946,1e-05,6.28423977,0.2175328
28410,0.23061342,0.2306134,1e-05,3.34603453,0.21757249
28415,0.28699841,0.28699841,1e-05,7.43472147,0.21761218
28420,0.26729321,0.26729321,1e-05,5.51369143,0.21765187
28425,0.26706569,0.26706572,1e-05,4.71648312,0.21769156
28430,0.3164681,0.31646812,1e-05,5.65148497,0.21773125
28435,0.25909255,0.25909257,1e-05,3.05733752,0.21777093
28440,0.2321456,0.2321456,1e-05,3.84689808,0.21781062
28445,0.25307846,0.25307848,1e-05,3.39661741,0.21785031
28450,0.24488688,0.24488688,1e-05,4.0699935,0.21789
28455,0.29407454,0.29407454,1e-05,4.74656916,0.21792969
28460,0.28173194,0.28173194,1e-05,5.54242373,0.21796938
28465,0.30661674,0.30661674,1e-05,4.03874826,0.21800906
28470,0.27624173,0.27624171,1e-05,5.93491364,0.21804875
28475,0.28955617,0.28955617,1e-05,4.62126541,0.21808844
28480,0.26337781,0.26337781,1e-05,6.7059288,0.21812813
28485,0.24112482,0.24112482,1e-05,5.70207357,0.21816782
28490,0.22194676,0.22194676,1e-05,5.54409504,0.21820751
28495,0.27068796,0.27068796,1e-05,4.73736811,0.2182472
28500,0.29179211,0.29179211,1e-05,6.69037676,0.21828688
28505,0.28677931,0.28677926,1e-05,4.95325851,0.21832657
28510,0.24530184,0.24530184,1e-05,6.07142448,0.21836626
28515,0.26790543,0.2679054,1e-05,6.13898706,0.21840595
28520,0.2554822,0.2554822,1e-05,3.63311386,0.21844564
28525,0.30780652,0.30780649,1e-05,6.11270428,0.21848533
28530,0.25807104,0.25807099,1e-05,3.59501338,0.21852502
28535,0.31993949,0.31993952,1e-05,3.30184007,0.2185647
28540,0.28706365,0.28706369,1e-05,4.10688972,0.21860439
28545,0.2303591,0.23035908,1e-05,5.37817001,0.21864408
28550,0.32818749,0.32178889,1e-05,3.54504895,0.21868377
28555,0.34243975,0.32630786,1e-05,5.3617301,0.21872346
28560,0.26265078,0.26265078,1e-05,4.60419941,0.21876315
28565,0.23260679,0.23260679,1e-05,3.72757316,0.21880284
28570,0.25657935,0.25657933,1e-05,4.85573053,0.21884252
28575,0.22366524,0.22366526,1e-05,5.63365078,0.21888221
28580,0.24441724,0.24441724,1e-05,9.34667397,0.2189219
28585,0.25031326,0.25031326,1e-05,4.33113575,0.21896159
28590,0.26120462,0.26120462,1e-05,3.70058012,0.21900128
28595,0.25808227,0.25808229,1e-05,4.24692965,0.21904097
28600,0.24652588,0.24652588,1e-05,4.15768814,0.21908066
28605,0.26887169,0.26887169,1e-05,4.33956146,0.21912034
28610,0.26231375,0.26231375,1e-05,7.03228712,0.21916003
28615,0.29055214,0.29055212,1e-05,4.95604563,0.21919972
28620,0.27845082,0.27845082,1e-05,8.12460327,0.21923941
28625,0.23333235,0.23333235,1e-05,3.74806523,0.2192791
28630,0.2835911,0.28359108,1e-05,4.63673162,0.21931879
28635,0.26422756,0.26422753,1e-05,3.65791368,0.21935847
28640,0.2960422,0.29604223,1e-05,5.90027952,0.21939816
28645,0.28339379,0.28339376,1e-05,4.14439297,0.21943785
28650,0.25319071,0.25319071,1e-05,4.26092911,0.21947754
28655,0.23649452,0.23649449,1e-05,3.94361615,0.21951723
28660,0.25356336,0.25356331,1e-05,3.61076403,0.21955692
28665,0.265399,0.26539903,1e-05,5.11158705,0.21959661
28670,0.29616346,0.29616346,1e-05,2.41287279,0.21963629
28675,0.26234016,0.26234019,1e-05,2.88269329,0.21967598
28680,0.31794629,0.31794629,1e-05,5.38373423,0.21971567
28685,0.32609577,0.32609577,1e-05,5.14500427,0.21975536
28690,0.23133006,0.23133006,1e-05,3.23229313,0.21979505
28695,0.23508916,0.23508916,1e-05,6.39416313,0.21983474
28700,0.28263855,0.28263855,1e-05,5.00802708,0.21987443
28705,0.22324188,0.22324188,1e-05,4.24096298,0.21991411
28710,0.25136852,0.2513685,1e-05,5.5201087,0.2199538
28715,0.25458004,0.25458007,1e-05,4.32224798,0.21999349
28720,0.28109226,0.28109226,1e-05,4.28225565,0.22003318
28725,0.25097237,0.25097237,1e-05,5.74661016,0.22007287
28730,0.25815849,0.25815854,1e-05,3.43536472,0.22011256
28735,0.25162349,0.25162349,1e-05,4.52789688,0.22015225
28740,0.24553542,0.24553542,1e-05,5.62950754,0.22019193
28745,0.28519528,0.28519528,1e-05,2.94323421,0.22023162
28750,0.25116954,0.25116954,1e-05,3.2486589,0.22027131
28755,0.24257269,0.24257271,1e-05,5.75811291,0.220311
28760,0.24910135,0.24910135,1e-05,3.77270651,0.22035069
28765,0.25777764,0.25777764,1e-05,3.72344208,0.22039038
28770,0.26533489,0.26533487,1e-05,5.0178647,0.22043006
28775,0.25505657,0.25505657,1e-05,4.23479748,0.22046975
28780,0.28034041,0.28034039,1e-05,3.61949039,0.22050944
28785,0.26000249,0.26000247,1e-05,3.42913795,0.22054913
28790,0.26563296,0.26563296,1e-05,3.13897252,0.22058882
28795,0.2700367,0.2700367,1e-05,4.90726948,0.22062851
28800,0.23573787,0.23573785,1e-05,3.34742093,0.2206682
28805,0.29040694,0.29040694,1e-05,5.33301449,0.22070788
28810,0.32686448,0.32686443,1e-05,4.93124628,0.22074757
28815,0.27190661,0.27190661,1e-05,3.55685186,0.22078726
28820,0.29318018,0.29318018,1e-05,4.68765545,0.22082695
28825,0.30004368,0.30004368,1e-05,3.85424066,0.22086664
28830,0.30831158,0.30831161,1e-05,4.96519899,0.22090633
28835,0.31980357,0.31980357,1e-05,4.75745916,0.22094602
28840,0.24622083,0.24622083,1e-05,4.06667614,0.2209857
28845,0.29238477,0.29238477,1e-05,5.46105146,0.22102539
28850,0.27641115,0.27641118,1e-05,6.10078335,0.22106508
28855,0.23650923,0.23650923,1e-05,5.84968901,0.22110477
28860,0.28661633,0.28661633,1e-05,4.49922895,0.22114446
28865,0.36522975,0.33634842,1e-05,6.35753632,0.22118415
28870,0.27451677,0.27451677,1e-05,4.84649372,0.22122384
28875,0.28510249,0.28510246,1e-05,4.8573842,0.22126352
28880,0.28775368,0.28775368,1e-05,5.70828485,0.22130321
28885,0.27329154,0.27329154,1e-05,6.69240904,0.2213429
28890,0.26442056,0.26442056,1e-05,12.16871166,0.22138259
28895,0.29779382,0.29779382,1e-05,6.83940554,0.22142228
28900,0.24849033,0.24849033,1e-05,5.2462306,0.22146197
28905,0.24099898,0.24099898,1e-05,4.64731646,0.22150166
28910,0.26481087,0.26481087,1e-05,6.40146208,0.22154134
28915,0.29034557,0.29034557,1e-05,4.80177593,0.22158103
28920,0.24119258,0.24119258,1e-05,3.21785235,0.22162072
28925,0.26325774,0.26325772,1e-05,5.27031231,0.22166041
28930,0.28297002,0.28297002,1e-05,4.38460541,0.2217001
28935,0.24646242,0.24646242,1e-05,4.3437624,0.22173979
28940,0.26475344,0.26475346,1e-05,5.1797123,0.22177947
28945,0.30642591,0.30642595,1e-05,14.1065836,0.22181916
28950,0.24754629,0.24754629,1e-05,13.72584057,0.22185885
28955,0.25005128,0.25005126,1e-05,5.06241226,0.22189854
28960,0.27618442,0.27618442,1e-05,4.81630945,0.22193823
28965,0.24790573,0.24790573,1e-05,6.34291077,0.22197792
28970,0.25872388,0.25872388,1e-05,3.98187947,0.22201761
28975,0.28093362,0.28093362,1e-05,3.79712009,0.22205729
28980,0.30422897,0.30422897,1e-05,3.7546885,0.22209698
28985,0.30473564,0.30473561,1e-05,5.9184289,0.22213667
28990,0.28344631,0.28344631,1e-05,5.13638067,0.22217636
28995,0.28568697,0.28568697,1e-05,7.53741503,0.22221605
29000,0.2639164,0.2639164,1e-05,4.78325796,0.22225574
29005,0.34139664,0.34139667,1e-05,3.22701216,0.22229543
29010,0.2335053,0.2335053,1e-05,4.93940783,0.22233511
29015,0.28816199,0.28816199,1e-05,5.50645924,0.2223748
29020,0.23221772,0.23221774,1e-05,3.17273784,0.22241449
29025,0.32152827,0.32152827,1e-05,7.8619628,0.22245418
29030,0.22200246,0.22200246,1e-05,4.17092896,0.22249387
29035,0.2607182,0.2607182,1e-05,4.08008432,0.22253356
29040,0.23397069,0.23397069,1e-05,10.72088718,0.22257325
29045,0.28013513,0.28013515,1e-05,4.52246571,0.22261293
29050,0.21589217,0.21589217,1e-05,3.07025838,0.22265262
29055,0.20819845,0.20819845,1e-05,3.09765434,0.22269231
29060,0.21848485,0.21848483,1e-05,2.97498727,0.222732
29065,0.33254013,0.33254013,1e-05,5.06064129,0.22277169
29070,0.30700035,0.30700035,1e-05,4.66722155,0.22281138
29075,0.25868254,0.25868254,1e-05,6.21617365,0.22285106
29080,0.26879032,0.26879029,1e-05,2.81368709,0.22289075
29085,0.25132174,0.25132174,1e-05,2.8891139,0.22293044
29090,0.24400246,0.24400244,1e-05,4.37200403,0.22297013
29095,0.26171012,0.26171014,1e-05,4.91132689,0.22300982
29100,0.24467578,0.2446758,1e-05,2.86951327,0.22304951
29105,0.27582736,0.27582736,1e-05,3.79754686,0.2230892
29110,0.28809018,0.28809018,1e-05,5.21841908,0.22312888
29115,0.26484342,0.26484342,1e-05,5.22081661,0.22316857
29120,0.24631462,0.24631462,1e-05,3.16467977,0.22320826
29125,0.30859618,0.30859616,1e-05,4.18399334,0.22324795
29130,0.27709184,0.27709184,1e-05,5.27293348,0.22328764
29135,0.24533491,0.24533491,1e-05,4.28061867,0.22332733
29140,0.23346319,0.23346319,1e-05,2.96755648,0.22336702
29145,0.22490101,0.22490101,1e-05,5.31999254,0.2234067
29150,0.27369785,0.27369785,1e-05,4.6953001,0.22344639
29155,0.25201297,0.25201297,1e-05,5.71577883,0.22348608
29160,0.27737775,0.27737772,1e-05,4.85625267,0.22352577
29165,0.27542772,0.27542772,1e-05,5.52152777,0.22356546
29170,0.29785714,0.29785714,1e-05,4.38630676,0.22360515
29175,0.29731319,0.29731319,1e-05,5.53320646,0.22364484
29180,0.34782968,0.33914852,1e-05,4.25394011,0.22368452
29185,0.30978067,0.30978067,1e-05,3.5407722,0.22372421
29190,0.25518653,0.25518651,1e-05,5.96302891,0.2237639
29195,0.27340274,0.27340274,1e-05,5.47025633,0.22380359
29200,0.27329161,0.27329161,1e-05,4.75323725,0.22384328
29205,0.26796355,0.26796358,1e-05,7.39975262,0.22388297
29210,0.26670096,0.26670098,1e-05,5.37091446,0.22392266
29215,0.22886748,0.22886746,1e-05,4.01114416,0.22396234
29220,0.25804899,0.25804896,1e-05,5.12279081,0.22400203
29225,0.27129021,0.27129018,1e-05,5.0552206,0.22404172
29230,0.32439561,0.32439561,1e-05,4.24499846,0.22408141
29235,0.25702081,0.25702083,1e-05,5.45008993,0.2241211
29240,0.28436389,0.28436389,1e-05,5.64134836,0.22416079
29245,0.30892434,0.30892434,1e-05,6.00904512,0.22420047
29250,0.32446661,0.32446663,1e-05,5.85249424,0.22424016
29255,0.26855652,0.2685565,1e-05,4.07251596,0.22427985
29260,0.24137535,0.24137535,1e-05,4.2875371,0.22431954
29265,0.3063401,0.3063401,1e-05,6.12802744,0.22435923
29270,0.30296602,0.30296602,1e-05,5.49291039,0.22439892
29275,0.27841537,0.27841537,1e-05,4.2679677,0.22443861
29280,0.29274492,0.29274492,1e-05,5.34944105,0.22447829
29285,0.33076894,0.33076892,1e-05,9.64486027,0.22451798
29290,0.26585779,0.26585779,1e-05,4.16620445,0.22455767
29295,0.29127522,0.29127522,1e-05,3.99002528,0.22459736
29300,0.31371632,0.31371632,1e-05,4.03688145,0.22463705
29305,0.272894,0.272894,1e-05,5.33051109,0.22467674
29310,0.25381336,0.25381336,1e-05,5.15302515,0.22471643
29315,0.23320024,0.23320022,1e-05,3.5704751,0.22475611
29320,0.27709851,0.27709851,1e-05,3.38938069,0.2247958
29325,0.28863273,0.28863277,1e-05,4.47354507,0.22483549
29330,0.25896418,0.2589642,1e-05,5.14634609,0.22487518
29335,0.26098194,0.26098194,1e-05,3.05176163,0.22491487
29340,0.27536807,0.27536812,1e-05,4.59923172,0.22495456
29345,0.29010744,0.29010749,1e-05,3.91818476,0.22499425
29350,0.25533383,0.25533383,1e-05,4.49233627,0.22503393
29355,0.25628805,0.25628803,1e-05,5.36312962,0.22507362
29360,0.23408303,0.23408306,1e-05,3.65962243,0.22511331
29365,0.32839146,0.32839148,1e-05,5.07087326,0.225153
29370,0.27277288,0.27277291,1e-05,3.95467806,0.22519269
29375,0.27275953,0.27275953,1e-05,3.30434036,0.22523238
29380,0.26332932,0.26332932,1e-05,5.09170294,0.22527206
29385,0.28243423,0.28243423,1e-05,5.30244112,0.22531175
29390,0.26249642,0.26249638,1e-05,3.85864139,0.22535144
29395,0.30966058,0.30966058,1e-05,5.27646351,0.22539113
29400,0.23643413,0.23643413,1e-05,3.72195458,0.22543082
29405,0.3355727,0.33557267,1e-05,4.94045401,0.22547051
29410,0.25956511,0.25956511,1e-05,3.63390183,0.2255102
29415,0.27869191,0.27869191,1e-05,3.87918854,0.22554988
29420,0.26277003,0.26277008,1e-05,4.23564816,0.22558957
29425,0.28936548,0.28936548,1e-05,4.40340948,0.22562926
29430,0.24330411,0.24330411,1e-05,4.95553493,0.22566895
29435,0.27410269,0.27410269,1e-05,4.60963058,0.22570864
29440,0.28941545,0.28941545,1e-05,4.48585129,0.22574833
29445,0.268536,0.268536,1e-05,4.59790993,0.22578802
29450,0.25950499,0.25950499,1e-05,4.03117085,0.2258277
29455,0.32634735,0.3263474,1e-05,6.7918992,0.22586739
29460,0.27088375,0.27088377,1e-05,4.2793293,0.22590708
29465,0.27529428,0.27529428,1e-05,3.79806256,0.22594677
29470,0.25041318,0.25041318,1e-05,6.52035856,0.22598646
29475,0.20580642,0.20580642,1e-05,4.06087112,0.22602615
29480,0.29337149,0.29337149,1e-05,4.71651602,0.22606584
29485,0.2876513,0.2876513,1e-05,5.45130491,0.22610552
29490,0.31527896,0.29258705,1e-05,2.0342145,0.22614521
29495,0.31226912,0.30997601,1e-05,4.40386057,0.2261849
29500,0.32712805,0.32712803,1e-05,3.88902259,0.22622459
29505,0.25165129,0.25165129,1e-05,3.55665278,0.22626428
29510,0.29340022,0.29340022,1e-05,6.25042248,0.22630397
29515,0.25342426,0.25342426,1e-05,3.64550614,0.22634365
29520,0.25911651,0.25911653,1e-05,5.43286467,0.22638334
29525,0.26073947,0.26073947,1e-05,3.46706986,0.22642303
29530,0.27770553,0.27770553,1e-05,5.53364325,0.22646272
29535,0.32423296,0.32423296,1e-05,5.82365513,0.22650241
29540,0.29178529,0.29178524,1e-05,3.97090745,0.2265421
29545,0.26754186,0.26754184,1e-05,6.20640516,0.22658179
29550,0.30982585,0.30982585,1e-05,5.31315279,0.22662147
29555,0.26406522,0.26406522,1e-05,5.17834377,0.22666116
29560,0.24675388,0.24675388,1e-05,4.2816329,0.22670085
29565,0.2381176,0.2381176,1e-05,2.47746253,0.22674054
29570,0.2706254,0.2706254,1e-05,4.39993858,0.22678023
29575,0.28220425,0.28220427,1e-05,3.58202028,0.22681992
29580,0.21538734,0.21538734,1e-05,3.35123849,0.22685961
29585,0.24428649,0.24428649,1e-05,3.98390245,0.22689929
29590,0.24945784,0.24945788,1e-05,8.54746532,0.22693898
29595,0.27161212,0.2716121,1e-05,5.81523037,0.22697867
29600,0.25515325,0.25515325,1e-05,4.7662673,0.22701836
29605,0.25850067,0.25850065,1e-05,5.16454649,0.22705805
29610,0.28666334,0.28666337,1e-05,4.8035531,0.22709774
29615,0.31577806,0.31577806,1e-05,4.16366625,0.22713743
29620,0.25108135,0.25108132,1e-05,5.27536869,0.22717711
29625,0.28269057,0.28269062,1e-05,4.20090723,0.2272168
29630,0.25240407,0.25240407,1e-05,7.19395781,0.22725649
29635,0.25688491,0.25688491,1e-05,6.24796438,0.22729618
29640,0.3017652,0.30176518,1e-05,5.18466759,0.22733587
29645,0.30374393,0.30374396,1e-05,6.99286079,0.22737556
29650,0.24901886,0.24901886,1e-05,4.55132914,0.22741525
29655,0.27095509,0.27095509,1e-05,5.15193605,0.22745493
29660,0.2673193,0.2673193,1e-05,4.22584486,0.22749462
29665,0.29486928,0.29486928,1e-05,4.30369234,0.22753431
29670,0.29668348,0.29668348,1e-05,3.73378086,0.227574
29675,0.27923193,0.27923193,1e-05,4.64371443,0.22761369
29680,0.27324991,0.27324991,1e-05,4.06796503,0.22765338
29685,0.268116,0.26811602,1e-05,4.24067736,0.22769306
29690,0.26721873,0.26721873,1e-05,3.80041862,0.22773275
29695,0.26710601,0.26710601,1e-05,5.04781485,0.22777244
29700,0.25000484,0.25000486,1e-05,4.58646154,0.22781213
29705,0.29060121,0.29060121,1e-05,5.09475327,0.22785182
29710,0.28905134,0.28905134,1e-05,7.16411543,0.22789151
29715,0.30296571,0.30296571,1e-05,6.94504452,0.2279312
29720,0.30159593,0.30159595,1e-05,4.33969641,0.22797088
29725,0.27759237,0.27759237,1e-05,7.34423351,0.22801057
29730,0.31305642,0.31305642,1e-05,4.10556507,0.22805026
29735,0.30234964,0.30234962,1e-05,2.77837729,0.22808995
29740,0.27056413,0.27056415,1e-05,3.47015882,0.22812964
29745,0.31602249,0.31602249,1e-05,4.80856037,0.22816933
29750,0.27411437,0.27411437,1e-05,6.11423969,0.22820902
29755,0.29779642,0.29779644,1e-05,4.89746618,0.2282487
29760,0.30903473,0.30903468,1e-05,5.48634911,0.22828839
29765,0.26865907,0.26865907,1e-05,4.0353303,0.22832808
29770,0.26018093,0.26018095,1e-05,3.90135217,0.22836777
29775,0.22643578,0.2264358,1e-05,4.82275772,0.22840746
29780,0.22940035,0.22940032,1e-05,3.42849803,0.22844715
29785,0.25210166,0.25210166,1e-05,6.22051525,0.22848684
29790,0.29080544,0.29080544,1e-05,3.23423767,0.22852652
29795,0.28584251,0.28584254,1e-05,8.70394707,0.22856621
29800,0.23534427,0.23534427,1e-05,4.46822071,0.2286059
29805,0.37871733,0.34905271,1e-05,3.40772343,0.22864559
29810,0.27942631,0.27942634,1e-05,3.94546413,0.22868528
29815,0.28481793,0.28481793,1e-05,5.51337576,0.22872497
29820,0.27919989,0.27919991,1e-05,4.42745256,0.22876465
29825,0.28092692,0.28092692,1e-05,4.70654964,0.22880434
29830,0.26430736,0.26430736,1e-05,3.09391212,0.22884403
29835,0.25104864,0.25104861,1e-05,5.05541182,0.22888372
29840,0.2447443,0.2447443,1e-05,3.1747086,0.22892341
29845,0.3048547,0.3048547,1e-05,3.46720076,0.2289631
29850,0.26960526,0.26960526,1e-05,4.58067989,0.22900279
29855,0.3016408,0.3016408,1e-05,7.07698631,0.22904247
29860,0.24202361,0.24202361,1e-05,4.7279458,0.22908216
29865,0.23644087,0.2364409,1e-05,5.82825661,0.22912185
29870,0.25934348,0.25934346,1e-05,4.45809221,0.22916154
29875,0.2534801,0.2534801,1e-05,5.32293606,0.22920123
29880,0.33050804,0.33050809,1e-05,5.54886818,0.22924092
29885,0.24868422,0.24868422,1e-05,4.40409994,0.22928061
29890,0.31687467,0.31687465,1e-05,3.44132328,0.22932029
29895,0.29221809,0.29221807,1e-05,4.28882265,0.22935998
29900,0.32293155,0.32293158,1e-05,6.59162855,0.22939967
29905,0.23628657,0.23628657,1e-05,3.04010487,0.22943936
29910,0.23695977,0.23695974,1e-05,3.30450702,0.22947905
29915,0.26929324,0.26929321,1e-05,4.39200163,0.22951874
29920,0.27522557,0.27522559,1e-05,13.54913616,0.22955843
29925,0.27018185,0.27018185,1e-05,19.73002815,0.22959811
29930,0.24834261,0.24834259,1e-05,3.39630556,0.2296378
29935,0.22610185,0.22610185,1e-05,5.00852585,0.22967749
29940,0.28542016,0.28542018,1e-05,2.98170233,0.22971718
29945,0.29250593,0.29250598,1e-05,4.85343456,0.22975687
29950,0.27568769,0.27568769,1e-05,3.985286,0.22979656
29955,0.22250896,0.22250896,1e-05,4.39532709,0.22983625
29960,0.30229313,0.30229316,1e-05,5.46166468,0.22987593
29965,0.29398892,0.29398892,1e-05,3.64866114,0.22991562
29970,0.28695202,0.28695204,1e-05,5.76083279,0.22995531
29975,0.28483446,0.28483443,1e-05,5.4598403,0.229995
29980,0.25452204,0.25452199,1e-05,4.16732597,0.23003469
29985,0.26930192,0.26930189,1e-05,4.05554581,0.23007438
29990,0.2580812,0.2580812,1e-05,3.62401485,0.23011406
29995,0.25464015,0.25464015,1e-05,4.46419573,0.23015375
30000,0.28160748,0.28160748,1e-05,3.98621368,0.23019344
30005,0.29024482,0.29024482,1e-05,4.34155941,0.23023313
30010,0.21213317,0.21213317,1e-05,5.16267872,0.23027282
30015,0.25684571,0.25684569,1e-05,4.2157383,0.23031251
30020,0.28301692,0.28301692,1e-05,4.33178282,0.2303522
30025,0.27751575,0.27751575,1e-05,4.23951578,0.23039188
30030,0.25926843,0.25926843,1e-05,3.64755225,0.23043157
30035,0.3070714,0.30707135,1e-05,6.79286814,0.23047126
30040,0.21850212,0.21850212,1e-05,3.81214619,0.23051095
30045,0.27569389,0.27569389,1e-05,5.17517138,0.23055064
30050,0.29981244,0.29981246,1e-05,4.88179541,0.23059033
30055,0.26982675,0.26982675,1e-05,5.16808367,0.23063002
30060,0.31362441,0.31362443,1e-05,9.7444067,0.2306697
30065,0.30476506,0.30476503,1e-05,4.70009804,0.23070939
30070,0.30002627,0.30002627,1e-05,6.33593225,0.23074908
30075,0.27398863,0.27398863,1e-05,3.51889825,0.23078877
30080,0.30783846,0.30783844,1e-05,3.49657583,0.23082846
30085,0.29119613,0.29119613,1e-05,4.77240705,0.23086815
30090,0.28436313,0.28436313,1e-05,3.75280952,0.23090784
30095,0.27291007,0.27291009,1e-05,4.457335,0.23094752
30100,0.22593081,0.22593079,1e-05,4.08644629,0.23098721
30105,0.31461067,0.31461065,1e-05,6.62204123,0.2310269
30110,0.28471551,0.28471551,1e-05,5.65713835,0.23106659
30115,0.24041693,0.24041693,1e-05,3.65342665,0.23110628
30120,0.36121221,0.33874546,1e-05,5.63977718,0.23114597
30125,0.26503901,0.26503904,1e-05,5.27339506,0.23118565
30130,0.32489283,0.32489281,1e-05,5.7130003,0.23122534
30135,0.31581416,0.31581416,1e-05,3.65692425,0.23126503
30140,0.25461867,0.25461867,1e-05,4.33103657,0.23130472
30145,0.23397174,0.23397174,1e-05,10.31730461,0.23134441
30150,0.27672853,0.27672853,1e-05,9.62926579,0.2313841
30155,0.25558062,0.25558062,1e-05,6.84147501,0.23142379
30160,0.24977918,0.24977918,1e-05,4.72527218,0.23146347
30165,0.23814738,0.23814738,1e-05,3.44342995,0.23150316
30170,0.27871141,0.27871141,1e-05,5.50038481,0.23154285
30175,0.30955014,0.30955009,1e-05,4.91347551,0.23158254
30180,0.29928522,0.29928522,1e-05,4.78797102,0.23162223
30185,0.29988213,0.29988215,1e-05,6.44543505,0.23166192
30190,0.28038797,0.28038795,1e-05,4.46258545,0.23170161
30195,0.25665081,0.25665081,1e-05,6.33995485,0.23174129
30200,0.29825735,0.29825737,1e-05,4.70550632,0.23178098
30205,0.25716548,0.25716543,1e-05,4.73020506,0.23182067
30210,0.22939217,0.22939219,1e-05,3.39847159,0.23186036
30215,0.2398386,0.23983858,1e-05,5.20461512,0.23190005
30220,0.27282958,0.27282953,1e-05,4.64607239,0.23193974
30225,0.25257812,0.25257809,1e-05,5.99093962,0.23197943
30230,0.23110738,0.23110738,1e-05,6.62311411,0.23201911
30235,0.28500495,0.28500495,1e-05,3.29466724,0.2320588
30240,0.26297529,0.26297526,1e-05,3.70804715,0.23209849
30245,0.24873595,0.24873595,1e-05,7.02894354,0.23213818
30250,0.32432404,0.32432401,1e-05,5.25336456,0.23217787
30255,0.34924147,0.34924147,1e-05,4.86926413,0.23221756
30260,0.25768051,0.25768054,1e-05,5.04950237,0.23225725
30265,0.28110151,0.28110149,1e-05,4.82848358,0.23229693
30270,0.26535938,0.2653594,1e-05,9.49012375,0.23233662
30275,0.24572709,0.24572709,1e-05,5.67892361,0.23237631
30280,0.24412558,0.24412558,1e-05,3.16462374,0.232416
30285,0.27838516,0.27838516,1e-05,4.15420723,0.23245569
30290,0.29638762,0.29638767,1e-05,5.22633028,0.23249538
30295,0.25808454,0.25808454,1e-05,4.76540995,0.23253506
30300,0.27155321,0.27155318,1e-05,4.18326139,0.23257475
30305,0.29636915,0.29636917,1e-05,3.96026444,0.23261444
30310,0.30134325,0.30134325,1e-05,4.17696762,0.23265413
30315,0.2490716,0.2490716,1e-05,5.84128141,0.23269382
30320,0.26985798,0.26985798,1e-05,7.16077089,0.23273351
30325,0.28290215,0.2829021,1e-05,7.34938526,0.2327732
30330,0.24080498,0.24080496,1e-05,4.91776943,0.23281288
30335,0.32415614,0.32415614,1e-05,5.95971823,0.23285257
30340,0.31170077,0.31170077,1e-05,4.91957474,0.23289226
30345,0.27825284,0.27825284,1e-05,2.8275733,0.23293195
30350,0.33294449,0.33294449,1e-05,6.43001795,0.23297164
30355,0.29189234,0.29189234,1e-05,4.36770153,0.23301133
30360,0.27059944,0.27059946,1e-05,3.55252719,0.23305102
30365,0.26803708,0.26803708,1e-05,4.54587126,0.2330907
30370,0.30527663,0.30527663,1e-05,5.20815659,0.23313039
30375,0.32828348,0.32828345,1e-05,3.29441619,0.23317008
30380,0.28057775,0.28057775,1e-05,6.6156702,0.23320977
30385,0.30606809,0.30606811,1e-05,6.53165102,0.23324946
30390,0.27465768,0.27465768,1e-05,4.09056568,0.23328915
30395,0.35840225,0.35840225,1e-05,3.14670539,0.23332884
30400,0.27859197,0.27859194,1e-05,3.56284928,0.23336852
30405,0.27829742,0.27829742,1e-05,7.69963598,0.23340821
30410,0.24530241,0.24530244,1e-05,4.73434734,0.2334479
30415,0.27084131,0.27084131,1e-05,4.3284502,0.23348759
30420,0.29614754,0.29614758,1e-05,3.13259459,0.23352728
30425,0.27207398,0.27207398,1e-05,5.81101656,0.23356697
30430,0.36138487,0.34663932,1e-05,1.75816381,0.23360665
30435,0.32165151,0.32292413,1e-05,13.02153111,0.23364634
30440,0.2667021,0.26670213,1e-05,5.02258635,0.23368603
30445,0.27721398,0.27721395,1e-05,3.26974916,0.23372572
30450,0.29235663,0.29235663,1e-05,4.30166054,0.23376541
30455,0.31604323,0.31604326,1e-05,7.30548859,0.2338051
30460,0.31743193,0.31743193,1e-05,5.54016018,0.23384479
30465,0.25850935,0.25850935,1e-05,2.7930553,0.23388447
30470,0.32947545,0.32947545,1e-05,7.12893009,0.23392416
30475,0.29190912,0.29190915,1e-05,4.51983595,0.23396385
30480,0.30951481,0.30951481,1e-05,3.37420368,0.23400354
30485,0.24819674,0.24819674,1e-05,3.99300814,0.23404323
30490,0.30016093,0.30016096,1e-05,6.30295134,0.23408292
30495,0.33156769,0.33156772,1e-05,7.30194807,0.23412261
30500,0.28326759,0.28326757,1e-05,3.4019959,0.23416229
30505,0.269629,0.269629,1e-05,5.60815859,0.23420198
30510,0.28860409,0.28860412,1e-05,4.81441212,0.23424167
30515,0.28091311,0.28091311,1e-05,3.89169383,0.23428136
30520,0.29157295,0.29157295,1e-05,4.88165379,0.23432105
30525,0.25501566,0.25501566,1e-05,4.35091686,0.23436074
30530,0.26823187,0.26823187,1e-05,4.7060132,0.23440043
30535,0.25112884,0.25112884,1e-05,3.74532008,0.23444011
30540,0.24008579,0.24008582,1e-05,3.68075013,0.2344798
30545,0.30343556,0.30343556,1e-05,3.93233442,0.23451949
30550,0.30639691,0.30639694,1e-05,5.15797567,0.23455918
30555,0.26375751,0.26375749,1e-05,3.03978515,0.23459887
30560,0.26434059,0.26434059,1e-05,3.90305758,0.23463856
30565,0.24708962,0.24708962,1e-05,3.40394163,0.23467825
30570,0.31147377,0.31147375,1e-05,4.74896622,0.23471793
30575,0.22557693,0.22557693,1e-05,4.90946817,0.23475762
30580,0.26422856,0.26422856,1e-05,5.76227474,0.23479731
30585,0.29897935,0.29897938,1e-05,4.50644732,0.234837
30590,0.26499934,0.26499934,1e-05,4.34095049,0.23487669
30595,0.28068237,0.28068237,1e-05,5.78511381,0.23491638
30600,0.29469502,0.294695,1e-05,5.48225641,0.23495606
30605,0.31833715,0.31833711,1e-05,3.75982451,0.23499575
30610,0.29267256,0.29267259,1e-05,3.50619078,0.23503544
30615,0.29951596,0.29951596,1e-05,4.1472702,0.23507513
30620,0.31467414,0.31467419,1e-05,4.52049971,0.23511482
30625,0.23706656,0.23706656,1e-05,4.43578529,0.23515451
30630,0.26532826,0.26532822,1e-05,4.00664186,0.2351942
30635,0.30489132,0.3048913,1e-05,4.47382259,0.23523388
30640,0.27610393,0.27610393,1e-05,4.26356459,0.23527357
30645,0.27089121,0.27089119,1e-05,4.83362198,0.23531326
30650,0.26177809,0.26177812,1e-05,4.15274572,0.23535295
30655,0.29029326,0.29029326,1e-05,4.86017466,0.23539264
30660,0.26308098,0.26308098,1e-05,3.59162903,0.23543233
30665,0.29077811,0.29077811,1e-05,6.64950752,0.23547202
30670,0.30377979,0.30377979,1e-05,6.55306625,0.2355117
30675,0.26064558,0.2606456,1e-05,6.58087635,0.23555139
30680,0.3075654,0.3075654,1e-05,4.76803398,0.23559108
30685,0.31152873,0.31152873,1e-05,4.60332966,0.23563077
30690,0.26123824,0.26123824,1e-05,4.87984085,0.23567046
30695,0.26844563,0.26844563,1e-05,3.80047727,0.23571015
30700,0.20263894,0.20263896,1e-05,3.08565879,0.23574984
30705,0.28409114,0.28409116,1e-05,7.74971914,0.23578952
30710,0.26268473,0.26268473,1e-05,5.40646315,0.23582921
30715,0.29334359,0.29334362,1e-05,5.18230534,0.2358689
30720,0.28593585,0.28593588,1e-05,7.09803629,0.23590859
30725,0.23387766,0.23387766,1e-05,4.23194504,0.23594828
30730,0.30242357,0.30242357,1e-05,4.63002443,0.23598797
30735,0.29086695,0.29086695,1e-05,3.03293705,0.23602765
30740,0.26971741,0.26971741,1e-05,4.12805843,0.23606734
30745,0.35080085,0.34151986,1e-05,5.24233532,0.23610703
30750,0.26440482,0.26440482,1e-05,3.94789863,0.23614672
30755,0.30702479,0.30702481,1e-05,4.91670799,0.23618641
30760,0.29418683,0.29418683,1e-05,5.41843224,0.2362261
30765,0.3178308,0.31783078,1e-05,7.69792795,0.23626579
30770,0.26405554,0.26405554,1e-05,4.30098724,0.23630547
30775,0.24434996,0.24434993,1e-05,3.72195196,0.23634516
30780,0.2923502,0.29235017,1e-05,4.87184095,0.23638485
30785,0.29914956,0.29914956,1e-05,4.28366232,0.23642454
30790,0.29126048,0.29126053,1e-05,3.3777554,0.23646423
30795,0.32294946,0.32294946,1e-05,3.19029188,0.23650392
30800,0.30052972,0.30052972,1e-05,4.28473425,0.23654361
30805,0.23851771,0.23851771,1e-05,4.4918766,0.23658329
30810,0.30299516,0.30299516,1e-05,5.78757238,0.23662298
30815,0.24906201,0.24906201,1e-05,3.60616207,0.23666267
30820,0.30222888,0.30222888,1e-05,5.87400913,0.23670236
30825,0.25789514,0.25789514,1e-05,4.53911257,0.23674205
30830,0.32206557,0.32206557,1e-05,5.38400984,0.23678174
30835,0.23593078,0.23593078,1e-05,4.01172209,0.23682143
30840,0.26554008,0.26554008,1e-05,3.36640429,0.23686111
30845,0.24937053,0.24937053,1e-05,4.30365086,0.2369008
30850,0.32251077,0.32251077,1e-05,4.24324369,0.23694049
30855,0.27609768,0.27609768,1e-05,3.26857328,0.23698018
30860,0.26877339,0.26877341,1e-05,4.86845493,0.23701987
30865,0.31093817,0.31093817,1e-05,4.13192081,0.23705956
30870,0.28489003,0.28489003,1e-05,4.63909578,0.23709925
30875,0.23980377,0.23980377,1e-05,39.33998108,0.23713893
30880,0.26838279,0.26838279,1e-05,4.84617138,0.23717862
30885,0.28335574,0.28335576,1e-05,6.18190861,0.23721831
30890,0.23663609,0.23663609,1e-05,4.31000566,0.237258
30895,0.28238363,0.28238366,1e-05,4.92431879,0.23729769
30900,0.32514982,0.32514982,1e-05,5.40623713,0.23733738
30905,0.26966264,0.26966267,1e-05,4.44193935,0.23737706
30910,0.2346982,0.2346982,1e-05,4.49744272,0.23741675
30915,0.255162,0.255162,1e-05,3.79503465,0.23745644
30920,0.27713134,0.27713134,1e-05,5.65471554,0.23749613
30925,0.2609165,0.2609165,1e-05,4.42115593,0.23753582
30930,0.27497849,0.27497849,1e-05,7.62976503,0.23757551
30935,0.30649545,0.30649545,1e-05,3.84821606,0.2376152
30940,0.29053826,0.29053822,1e-05,4.46796942,0.23765488
30945,0.3091486,0.30914857,1e-05,44.09936142,0.23769457
30950,0.22656341,0.22656341,1e-05,6.15779781,0.23773426
30955,0.35454578,0.35454578,1e-05,9.47698593,0.23777395
30960,0.2728147,0.2728147,1e-05,6.82889557,0.23781364
30965,0.29451456,0.29451456,1e-05,4.48002434,0.23785333
30970,0.24740851,0.24740851,1e-05,5.82307816,0.23789302
30975,0.27445953,0.27445951,1e-05,4.42579269,0.2379327
30980,0.22205825,0.22205825,1e-05,4.84662533,0.23797239
30985,0.28967791,0.28967791,1e-05,3.88998985,0.23801208
30990,0.34099457,0.34099457,1e-05,5.68840075,0.23805177
30995,0.26162419,0.26162422,1e-05,4.70702505,0.23809146
31000,0.27408466,0.27408466,1e-05,4.67232037,0.23813115
31005,0.29666412,0.29666409,1e-05,4.13527155,0.23817084
31010,0.27234426,0.27234426,1e-05,5.13273573,0.23821052
31015,0.31647158,0.31647158,1e-05,10.28831959,0.23825021
31020,0.30000854,0.30000854,1e-05,5.1906867,0.2382899
31025,0.27626834,0.27626834,1e-05,5.07843113,0.23832959
31030,0.29228108,0.29228106,1e-05,4.11030912,0.23836928
31035,0.25582962,0.25582962,1e-05,14.66342068,0.23840897
31040,0.23891368,0.23891368,1e-05,3.78368831,0.23844865
31045,0.25181727,0.25181727,1e-05,4.39723539,0.23848834
31050,0.3226167,0.3226167,1e-05,4.44466734,0.23852803
31055,0.27808313,0.27681271,1e-05,4.17821121,0.23856772
31060,0.3519958,0.31870747,1e-05,5.07150745,0.23860741
31065,0.24067831,0.24067829,1e-05,3.38141418,0.2386471
31070,0.27633777,0.27633777,1e-05,5.38648748,0.23868679
31075,0.25045867,0.25045872,1e-05,3.85411501,0.23872647
31080,0.25002685,0.25002685,1e-05,3.71640801,0.23876616
31085,0.24127831,0.24127834,1e-05,2.88042426,0.23880585
31090,0.25960245,0.25960243,1e-05,4.56366253,0.23884554
31095,0.25324621,0.25324621,1e-05,4.23657608,0.23888523
31100,0.28524835,0.28524835,1e-05,5.56281757,0.23892492
31105,0.30803285,0.30803282,1e-05,2.73895454,0.23896461
31110,0.29933167,0.29933167,1e-05,4.05868149,0.23900429
31115,0.30696576,0.30696573,1e-05,4.32323265,0.23904398
31120,0.24236832,0.24236832,1e-05,6.11632395,0.23908367
31125,0.26646295,0.26646295,1e-05,5.15446854,0.23912336
31130,0.3089504,0.30895038,1e-05,5.69070482,0.23916305
31135,0.32931733,0.32931733,1e-05,6.26381874,0.23920274
31140,0.28007412,0.28007412,1e-05,4.70721054,0.23924243
31145,0.2778091,0.2778091,1e-05,5.11760902,0.23928211
31150,0.2776319,0.27763186,1e-05,3.71327138,0.2393218
31155,0.2607229,0.26072292,1e-05,3.42827344,0.23936149
31160,0.29358106,0.29358106,1e-05,7.95139503,0.23940118
31165,0.34759617,0.34759619,1e-05,6.5917511,0.23944087
31170,0.24376297,0.24376297,1e-05,5.09900665,0.23948056
31175,0.28128037,0.28128037,1e-05,3.04771543,0.23952025
31180,0.27166374,0.27166371,1e-05,6.02170229,0.23955993
31185,0.27989509,0.27989507,1e-05,6.41744137,0.23959962
31190,0.21394222,0.21394222,1e-05,4.62858295,0.23963931
31195,0.289851,0.289851,1e-05,5.59064674,0.239679
31200,0.30956442,0.3095644,1e-05,5.05055428,0.23971869
31205,0.24795647,0.24795644,1e-05,5.20919037,0.23975838
31210,0.30867457,0.30867457,1e-05,5.8213172,0.23979806
31215,0.27321601,0.27321601,1e-05,3.91637945,0.23983775
31220,0.27823524,0.27823524,1e-05,4.29884148,0.23987744
31225,0.28496251,0.28496251,1e-05,5.250875,0.23991713
31230,0.25729082,0.25729079,1e-05,4.17936325,0.23995682
31235,0.25022755,0.2502275,1e-05,3.61769247,0.23999651
31240,0.27577338,0.27577338,1e-05,4.76428843,0.2400362
31245,0.22343822,0.22343819,1e-05,4.9668889,0.24007588
31250,0.33474441,0.33474443,1e-05,2.92759633,0.24011557
31255,0.28519917,0.28519917,1e-05,4.46614027,0.24015526
31260,0.2514348,0.2514348,1e-05,4.21622753,0.24019495
31265,0.30210776,0.30210776,1e-05,12.40681362,0.24023464
31270,0.22102776,0.22102776,1e-05,2.93193436,0.24027433
31275,0.26970792,0.26970792,1e-05,3.63588405,0.24031402
31280,0.25895116,0.25895119,1e-05,4.04063749,0.2403537
31285,0.28167539,0.28167539,1e-05,5.03439713,0.24039339
31290,0.27102695,0.27102695,1e-05,4.3418684,0.24043308
31295,0.27862759,0.27862759,1e-05,4.21358538,0.24047277
31300,0.27856517,0.27856519,1e-05,6.09670162,0.24051246
31305,0.2944052,0.29440517,1e-05,3.95355535,0.24055215
31310,0.29119549,0.29119544,1e-05,3.16850519,0.24059184
31315,0.33452001,0.33452001,1e-05,4.07311201,0.24063152
31320,0.29635553,0.29635553,1e-05,4.80483103,0.24067121
31325,0.28376615,0.28376613,1e-05,3.51459789,0.2407109
31330,0.26738729,0.26738729,1e-05,5.319736,0.24075059
31335,0.27336736,0.27336736,1e-05,5.16853666,0.24079028
31340,0.243894,0.243894,1e-05,3.92101336,0.24082997
31345,0.26411977,0.26411974,1e-05,6.51262045,0.24086965
31350,0.29760356,0.29760356,1e-05,6.07905388,0.24090934
31355,0.30094352,0.30094347,1e-05,3.07616162,0.24094903
31360,0.30816669,0.30816669,1e-05,5.16846514,0.24098872
31365,0.27261586,0.27261586,1e-05,5.45661354,0.24102841
31370,0.33793459,0.32508551,1e-05,4.11843395,0.2410681
31375,0.29228437,0.29228439,1e-05,4.50587082,0.24110779
31380,0.257265,0.257265,1e-05,4.04633379,0.24114747
31385,0.30790038,0.30790038,1e-05,4.06329346,0.24118716
31390,0.28447218,0.28447216,1e-05,4.42754269,0.24122685
31395,0.30786157,0.30786161,1e-05,4.49020576,0.24126654
31400,0.2802743,0.2802743,1e-05,3.88033319,0.24130623
31405,0.31873174,0.31873176,1e-05,5.35292387,0.24134592
31410,0.29621935,0.29621935,1e-05,4.59586477,0.24138561
31415,0.25639167,0.25639164,1e-05,4.91142845,0.24142529
31420,0.25749207,0.25749207,1e-05,3.6322341,0.24146498
31425,0.27192969,0.27192969,1e-05,5.40178919,0.24150467
31430,0.2574801,0.25748007,1e-05,4.93265724,0.24154436
31435,0.2945935,0.29459348,1e-05,5.81023312,0.24158405
31440,0.30241992,0.30241992,1e-05,7.80179453,0.24162374
31445,0.21176059,0.21176059,1e-05,3.59153748,0.24166343
31450,0.25070367,0.25070369,1e-05,3.67870021,0.24170311
31455,0.25158305,0.25158303,1e-05,3.88432813,0.2417428
31460,0.29809575,0.29809575,1e-05,4.92046404,0.24178249
31465,0.2901844,0.2901844,1e-05,4.25009298,0.24182218
31470,0.26260252,0.26260254,1e-05,4.54828501,0.24186187
31475,0.2737776,0.27377763,1e-05,4.18325138,0.24190156
31480,0.31872776,0.31872778,1e-05,6.37623453,0.24194125
31485,0.28316879,0.28316879,1e-05,4.68795776,0.24198093
31490,0.23494623,0.2349462,1e-05,3.97171307,0.24202062
31495,0.21843863,0.21843865,1e-05,4.24371719,0.24206031
31500,0.28567743,0.28567746,1e-05,3.8790369,0.2421
31505,0.29637094,0.29637094,1e-05,6.70731926,0.24213969
31510,0.2919224,0.2919224,1e-05,64.94441986,0.24217938
31515,0.2841033,0.2841033,1e-05,5.09503078,0.24221906
31520,0.28292415,0.28292413,1e-05,3.84357882,0.24225875
31525,0.29456997,0.29456995,1e-05,3.9079361,0.24229844
31530,0.23449819,0.23449817,1e-05,2.8797791,0.24233813
31535,0.27687497,0.27687497,1e-05,4.02983952,0.24237782
31540,0.27855353,0.27855353,1e-05,4.98688602,0.24241751
31545,0.24425085,0.24425082,1e-05,3.60928893,0.2424572
31550,0.28487949,0.28487954,1e-05,4.66590261,0.24249688
31555,0.31976566,0.31976566,1e-05,8.19072342,0.24253657
31560,0.27107439,0.27107439,1e-05,5.71751785,0.24257626
31565,0.23239341,0.23239341,1e-05,2.21309185,0.24261595
31570,0.27085619,0.27085624,1e-05,4.12276363,0.24265564
31575,0.23295784,0.23295784,1e-05,2.85161066,0.24269533
31580,0.29990907,0.29990907,1e-05,5.70102072,0.24273502
31585,0.26842804,0.26842802,1e-05,3.42868805,0.2427747
31590,0.30082421,0.30082421,1e-05,5.32999992,0.24281439
31595,0.25999992,0.25999992,1e-05,4.1292243,0.24285408
31600,0.29796498,0.297965,1e-05,5.89182949,0.24289377
31605,0.2691288,0.2691288,1e-05,4.8654108,0.24293346
31610,0.27274802,0.27274802,1e-05,4.38396788,0.24297315
31615,0.28347082,0.28347087,1e-05,3.99588585,0.24301284
31620,0.2649971,0.2649971,1e-05,4.47647715,0.24305252
31625,0.27705922,0.27705922,1e-05,3.97001123,0.24309221
31630,0.2867609,0.2867609,1e-05,5.60059929,0.2431319
31635,0.28202662,0.28202662,1e-05,4.94414139,0.24317159
31640,0.29387674,0.29387674,1e-05,6.48365545,0.24321128
31645,0.25414739,0.25414739,1e-05,5.38667202,0.24325097
31650,0.27769766,0.27769766,1e-05,5.28933764,0.24329065
31655,0.27997236,0.27997236,1e-05,5.84618568,0.24333034
31660,0.30802422,0.30802419,1e-05,4.37170553,0.24337003
31665,0.33501828,0.33501825,1e-05,4.16754627,0.24340972
31670,0.29905953,0.29905953,1e-05,5.55449963,0.24344941
31675,0.31976881,0.31976881,1e-05,5.52698994,0.2434891
31680,0.28457956,0.28457956,1e-05,5.45910406,0.24352879
31685,0.39842179,0.37619086,1e-05,2.93899441,0.24356847
31690,0.30573125,0.30573127,1e-05,5.77353048,0.24360816
31695,0.32653971,0.32653973,1e-05,6.04329252,0.24364785
31700,0.29811215,0.2981122,1e-05,4.9108386,0.24368754
31705,0.24719687,0.24719689,1e-05,4.02464533,0.24372723
31710,0.24319489,0.24319489,1e-05,5.63021851,0.24376692
31715,0.29269562,0.29269562,1e-05,6.8148694,0.24380661
31720,0.25544071,0.25544074,1e-05,5.10504961,0.24384629
31725,0.27306099,0.27306099,1e-05,5.78302097,0.24388598
31730,0.24682207,0.24682205,1e-05,4.73922491,0.24392567
31735,0.27982166,0.27982166,1e-05,4.38492727,0.24396536
31740,0.22531233,0.22531235,1e-05,3.05919337,0.24400505
31745,0.32345319,0.32345319,1e-05,7.2932291,0.24404474
31750,0.23127947,0.23127947,1e-05,5.66400719,0.24408443
31755,0.24334972,0.24334972,1e-05,4.14966059,0.24412411
31760,0.30567565,0.30567565,1e-05,8.35575199,0.2441638
31765,0.31561852,0.31561852,1e-05,10.06867123,0.24420349
31770,0.24737418,0.2473742,1e-05,4.02086782,0.24424318
31775,0.31462407,0.31462409,1e-05,5.24312305,0.24428287
31780,0.26401641,0.26401644,1e-05,4.19632101,0.24432256
31785,0.28223,0.28222997,1e-05,5.31568861,0.24436225
31790,0.2552362,0.2552362,1e-05,4.03552055,0.24440193
31795,0.28042443,0.2804244,1e-05,5.13012409,0.24444162
31800,0.26702898,0.26702898,1e-05,4.87300825,0.24448131
31805,0.22128096,0.22128093,1e-05,4.58624697,0.244521
31810,0.27565336,0.27565336,1e-05,5.94478559,0.24456069
31815,0.28474445,0.28474443,1e-05,4.36931133,0.24460038
31820,0.29093065,0.2909306,1e-05,5.23583841,0.24464006
31825,0.31159942,0.3115994,1e-05,6.39013243,0.24467975
31830,0.27516425,0.27516427,1e-05,4.13246202,0.24471944
31835,0.23640642,0.23640642,1e-05,3.75041914,0.24475913
31840,0.27697077,0.27697077,1e-05,5.15312719,0.24479882
31845,0.26001546,0.26001549,1e-05,3.34835005,0.24483851
31850,0.27112451,0.27112451,1e-05,5.01024675,0.2448782
31855,0.22851214,0.22851212,1e-05,6.31330204,0.24491788
31860,0.25561173,0.25561175,1e-05,2.94524384,0.24495757
31865,0.24750242,0.24750245,1e-05,4.54803324,0.24499726
31870,0.30741844,0.30741849,1e-05,4.15364075,0.24503695
31875,0.27332251,0.27332253,1e-05,5.13814354,0.24507664
31880,0.25776606,0.25776606,1e-05,5.84949875,0.24511633
31885,0.30512538,0.30512538,1e-05,5.2911973,0.24515602
31890,0.27129478,0.27129478,1e-05,6.22264433,0.2451957
31895,0.28452144,0.28452146,1e-05,3.88361597,0.24523539
31900,0.32093463,0.32093463,1e-05,7.15000963,0.24527508
31905,0.27639565,0.27639565,1e-05,4.55347013,0.24531477
31910,0.28247736,0.28247733,1e-05,4.29087877,0.24535446
31915,0.22230372,0.2223037,1e-05,4.85190868,0.24539415
31920,0.29674034,0.29674034,1e-05,4.61083984,0.24543384
31925,0.28916411,0.28916414,1e-05,5.22523308,0.24547352
31930,0.28237033,0.28237033,1e-05,3.97871208,0.24551321
31935,0.29910741,0.29910741,1e-05,5.2933321,0.2455529
31940,0.28309579,0.28309579,1e-05,3.24016714,0.24559259
31945,0.27952054,0.27952054,1e-05,3.52754235,0.24563228
31950,0.28993206,0.28993206,1e-05,5.03295755,0.24567197
31955,0.24297252,0.24297254,1e-05,5.91323709,0.24571165
31960,0.30563548,0.30563548,1e-05,4.68829584,0.24575134
31965,0.25633779,0.25633779,1e-05,3.36655092,0.24579103
31970,0.25923121,0.25923119,1e-05,4.60777473,0.24583072
31975,0.27182779,0.27182784,1e-05,3.56144476,0.24587041
31980,0.28398509,0.28398509,1e-05,4.27722692,0.2459101
31985,0.22930861,0.22930861,1e-05,5.75661325,0.24594979
31990,0.2951422,0.29514217,1e-05,5.79405594,0.24598947
31995,0.32684121,0.3239889,1e-05,4.07760096,0.24602916
32000,0.37781293,0.3542454,1e-05,5.98712349,0.24606885
32005,0.26773305,0.26773303,1e-05,5.90483618,0.24610854
32010,0.28966522,0.2896652,1e-05,4.25901175,0.24614823
32015,0.28325248,0.28325248,1e-05,4.78876257,0.24618792
32020,0.32385299,0.32385297,1e-05,6.47834301,0.24622761
32025,0.26881466,0.26881464,1e-05,4.23448229,0.24626729
32030,0.25178609,0.25178609,1e-05,3.54694915,0.24630698
32035,0.28658094,0.28658099,1e-05,4.85517263,0.24634667
32040,0.30711026,0.30711031,1e-05,4.49384117,0.24638636
32045,0.24376364,0.24376364,1e-05,3.86506653,0.24642605
32050,0.24849639,0.24849639,1e-05,4.5283618,0.24646574
32055,0.24132912,0.24132912,1e-05,4.61945391,0.24650543
32060,0.30283427,0.30283427,1e-05,4.48928118,0.24654511
32065,0.26098785,0.2609879,1e-05,3.62761188,0.2465848
32070,0.28235188,0.28235185,1e-05,4.31669712,0.24662449
32075,0.33701897,0.33701897,1e-05,4.13690472,0.24666418
32080,0.32036986,0.32036984,1e-05,4.9642911,0.24670387
32085,0.29433122,0.29433122,1e-05,4.36133718,0.24674356
32090,0.26562688,0.26562688,1e-05,4.78709364,0.24678325
32095,0.23531568,0.23531566,1e-05,3.97577548,0.24682293
32100,0.28872597,0.288726,1e-05,4.81002235,0.24686262
32105,0.2543848,0.25438478,1e-05,6.21771812,0.24690231
32110,0.27092335,0.27092333,1e-05,5.64411259,0.246942
32115,0.30047719,0.30047719,1e-05,4.24962664,0.24698169
32120,0.34545083,0.34545083,1e-05,4.0960269,0.24702138
32125,0.28524423,0.28524423,1e-05,5.50630522,0.24706106
32130,0.28886836,0.28886836,1e-05,4.25852823,0.24710075
32135,0.31626194,0.31626196,1e-05,6.07070065,0.24714044
32140,0.19854727,0.19854727,1e-05,3.97881269,0.24718013
32145,0.26328697,0.26328697,1e-05,5.31194639,0.24721982
32150,0.26946831,0.26946831,1e-05,4.08281326,0.24725951
32155,0.24690781,0.24690778,1e-05,4.45796871,0.2472992
32160,0.25742519,0.25742517,1e-05,5.77454948,0.24733888
32165,0.25163207,0.25163207,1e-05,4.50297737,0.24737857
32170,0.29865944,0.29865947,1e-05,5.00447941,0.24741826
32175,0.29439278,0.29439278,1e-05,5.81775379,0.24745795
32180,0.27573774,0.27573776,1e-05,5.38291168,0.24749764
32185,0.28423073,0.28423071,1e-05,4.59613895,0.24753733
32190,0.25561562,0.25561566,1e-05,4.16589022,0.24757702
32195,0.30270338,0.30270338,1e-05,3.80934095,0.2476167
32200,0.23791361,0.23791361,1e-05,4.38724375,0.24765639
32205,0.26697073,0.26697073,1e-05,4.66688776,0.24769608
32210,0.2738601,0.27386012,1e-05,5.37811422,0.24773577
32215,0.20747488,0.2074749,1e-05,4.89237881,0.24777546
32220,0.25459609,0.25459609,1e-05,4.07660294,0.24781515
32225,0.27162094,0.27162092,1e-05,5.06119585,0.24785484
32230,0.26965263,0.26965265,1e-05,4.71433544,0.24789452
32235,0.2233954,0.22339542,1e-05,3.70032382,0.24793421
32240,0.30027456,0.30027456,1e-05,4.06043053,0.2479739
32245,0.22298095,0.22298095,1e-05,6.3705616,0.24801359
32250,0.24773192,0.24773192,1e-05,4.14304876,0.24805328
32255,0.31883452,0.31883454,1e-05,6.4433918,0.24809297
32260,0.31991634,0.31991634,1e-05,4.53935099,0.24813265
32265,0.24841909,0.24841909,1e-05,10.48057175,0.24817234
32270,0.26322603,0.26322603,1e-05,4.58862925,0.24821203
32275,0.29807668,0.29807668,1e-05,12.03175735,0.24825172
32280,0.30824468,0.30824471,1e-05,5.02682543,0.24829141
32285,0.26277122,0.2627712,1e-05,4.17324066,0.2483311
32290,0.26296163,0.26296163,1e-05,8.26831055,0.24837079
32295,0.25187178,0.25187182,1e-05,3.86891246,0.24841047
32300,0.29075236,0.29075236,1e-05,5.74780178,0.24845016
32305,0.26029325,0.26029325,1e-05,5.47705269,0.24848985
32310,0.3754482,0.35899654,1e-05,4.72827387,0.24852954
32315,0.33289104,0.33289104,1e-05,6.57252359,0.24856923
32320,0.28197365,0.28197365,1e-05,7.64080429,0.24860892
32325,0.29303133,0.29303131,1e-05,4.19194841,0.24864861
32330,0.29559617,0.29559617,1e-05,5.51015711,0.24868829
32335,0.25397949,0.25397949,1e-05,6.44469738,0.24872798
32340,0.2623003,0.26230028,1e-05,4.46379662,0.24876767
32345,0.28252997,0.28252997,1e-05,4.59285688,0.24880736
32350,0.26364303,0.26364303,1e-05,7.99531269,0.24884705
32355,0.2220588,0.2220588,1e-05,2.47855377,0.24888674
32360,0.24027243,0.24027245,1e-05,4.71058321,0.24892643
32365,0.22251139,0.22251139,1e-05,5.03014231,0.24896611
32370,0.261514,0.261514,1e-05,4.10247374,0.2490058
32375,0.2367233,0.2367233,1e-05,3.57349348,0.24904549
32380,0.26188722,0.26188724,1e-05,5.07119703,0.24908518
32385,0.34252577,0.34252574,1e-05,5.95557117,0.24912487
32390,0.29983053,0.29983053,1e-05,4.47617197,0.24916456
32395,0.24170153,0.24170151,1e-05,4.50882292,0.24920425
32400,0.26131287,0.26131287,1e-05,5.96268177,0.24924393
32405,0.24241478,0.24241481,1e-05,4.75848055,0.24928362
32410,0.29431758,0.29431756,1e-05,5.83182573,0.24932331
32415,0.27983255,0.27983255,1e-05,5.01989508,0.249363
32420,0.26528831,0.26528831,1e-05,5.05438471,0.24940269
32425,0.28279231,0.28279228,1e-05,3.38216758,0.24944238
32430,0.25539379,0.25539379,1e-05,3.96999073,0.24948206
32435,0.27359161,0.27359161,1e-05,3.88805151,0.24952175
32440,0.26099148,0.26099148,1e-05,3.34981179,0.24956144
32445,0.25167961,0.25167961,1e-05,2.56279516,0.24960113
32450,0.31700668,0.31700668,1e-05,5.26207209,0.24964082
32455,0.26517098,0.265171,1e-05,4.27008295,0.24968051
32460,0.29935441,0.29935441,1e-05,3.74824524,0.2497202
32465,0.32056189,0.32056186,1e-05,4.44895554,0.24975988
32470,0.32115583,0.32115583,1e-05,6.54603958,0.24979957
32475,0.24175487,0.24175487,1e-05,8.32735634,0.24983926
32480,0.25739508,0.25739508,1e-05,4.29309464,0.24987895
32485,0.25951614,0.25951614,1e-05,7.83736229,0.24991864
32490,0.28479848,0.28479843,1e-05,4.39025497,0.24995833
32495,0.31554012,0.31554012,1e-05,3.8451283,0.24999802
32500,0.27390938,0.27390938,1e-05,3.19019723,0.2500377
32505,0.31319232,0.31319232,1e-05,5.00249434,0.25007739
32510,0.27363572,0.27363572,1e-05,4.97108936,0.25011708
32515,0.24381747,0.24381747,1e-05,3.52687812,0.25015677
32520,0.28328667,0.28328667,1e-05,7.24539995,0.25019646
32525,0.33697848,0.33697848,1e-05,6.20485497,0.25023615
32530,0.25496757,0.25496757,1e-05,5.56143713,0.25027584
32535,0.31513138,0.31513138,1e-05,5.7154212,0.25031552
32540,0.28887963,0.28887968,1e-05,5.05033255,0.25035521
32545,0.28096876,0.28096876,1e-05,5.39287138,0.2503949
32550,0.30997193,0.3099719,1e-05,4.56315422,0.25043459
32555,0.24014025,0.24014025,1e-05,2.57565904,0.25047428
32560,0.36468751,0.36468749,1e-05,5.13944864,0.25051397
32565,0.253827,0.253827,1e-05,5.34022427,0.25055365
32570,0.27480636,0.2748064,1e-05,4.03259754,0.25059334
32575,0.2916471,0.2916471,1e-05,4.99124098,0.25063303
32580,0.26017833,0.26017835,1e-05,3.78219295,0.25067272
32585,0.24766345,0.24766345,1e-05,5.13756418,0.25071241
32590,0.28291807,0.28291807,1e-05,6.76715374,0.2507521
32595,0.31670322,0.31670325,1e-05,4.50305367,0.25079179
32600,0.30045838,0.30045841,1e-05,4.55160666,0.25083147
32605,0.24791532,0.24791527,1e-05,3.44008183,0.25087116
32610,0.26575456,0.2657546,1e-05,5.69911766,0.25091085
32615,0.27045538,0.27045538,1e-05,4.4662919,0.25095054
32620,0.28764038,0.28764038,1e-05,5.14765358,0.25099023
32625,0.30113921,0.29342877,1e-05,3.65771127,0.25102992
32630,0.27966077,0.27966077,1e-05,3.92702746,0.25106961
32635,0.28353019,0.28353019,1e-05,3.5004189,0.25110929
32640,0.25974307,0.25974309,1e-05,4.47021627,0.25114898
32645,0.26925657,0.26925659,1e-05,4.32289839,0.25118867
32650,0.25340543,0.25340543,1e-05,4.52643347,0.25122836
32655,0.27411933,0.27411933,1e-05,3.67145634,0.25126805
32660,0.27100646,0.27100646,1e-05,3.45795083,0.25130774
32665,0.29426632,0.29426632,1e-05,6.29335117,0.25134743
32670,0.26458781,0.26458778,1e-05,4.83893776,0.25138711
32675,0.28000338,0.28000338,1e-05,4.65332127,0.2514268
32680,0.26530292,0.2653029,1e-05,3.61349487,0.25146649
32685,0.26158438,0.2615844,1e-05,5.4020977,0.25150618
32690,0.29430227,0.29430227,1e-05,6.55730391,0.25154587
32695,0.27396278,0.27396281,1e-05,5.46973181,0.25158556
32700,0.2806581,0.2806581,1e-05,4.39635229,0.25162525
32705,0.29116373,0.29116373,1e-05,6.73363256,0.25166493
32710,0.23449183,0.23449183,1e-05,6.29013157,0.25170462
32715,0.27177334,0.27177336,1e-05,4.56250238,0.25174431
32720,0.25846677,0.25846679,1e-05,5.54630184,0.251784
32725,0.25562944,0.25562944,1e-05,3.81198382,0.25182369
32730,0.26470866,0.26470866,1e-05,4.08436441,0.25186338
32735,0.27116771,0.27116773,1e-05,5.11645746,0.25190306
32740,0.27162342,0.27162344,1e-05,5.65867281,0.25194275
32745,0.30266614,0.30266614,1e-05,3.80917883,0.25198244
32750,0.24314561,0.24314561,1e-05,5.18173027,0.25202213
32755,0.24369993,0.24369991,1e-05,4.03972483,0.25206182
32760,0.2464222,0.2464222,1e-05,3.37660027,0.25210151
32765,0.26869676,0.26869674,1e-05,5.84669638,0.2521412
32770,0.26522856,0.26522856,1e-05,7.25131702,0.25218088
32775,0.27840798,0.27840798,1e-05,3.45327306,0.25222057
32780,0.29661191,0.29661193,1e-05,5.26576996,0.25226026
32785,0.29113486,0.29113486,1e-05,5.19970846,0.25229995
32790,0.29165306,0.29165304,1e-05,4.74885941,0.25233964
32795,0.28060327,0.28060327,1e-05,3.66321659,0.25237933
32800,0.28953695,0.28953693,1e-05,4.45736599,0.25241902
32805,0.31595297,0.31595297,1e-05,5.04220724,0.2524587
32810,0.27762275,0.27762275,1e-05,4.58278799,0.25249839
32815,0.32873273,0.32873273,1e-05,5.0303278,0.25253808
32820,0.24592066,0.24592063,1e-05,5.85396004,0.25257777
32825,0.27160838,0.27160835,1e-05,3.79328632,0.25261746
32830,0.2550282,0.25502822,1e-05,3.64766288,0.25265715
32835,0.23279746,0.23279746,1e-05,5.34895372,0.25269684
32840,0.30050077,0.30050077,1e-05,3.501616,0.25273652
32845,0.30706038,0.30706036,1e-05,4.03465319,0.25277621
32850,0.29431601,0.29431601,1e-05,4.21297359,0.2528159
32855,0.26905851,0.26905854,1e-05,4.63398695,0.25285559
32860,0.2447876,0.2447876,1e-05,3.50856423,0.25289528
32865,0.29555936,0.29555933,1e-05,5.13575506,0.25293497
32870,0.2640501,0.2640501,1e-05,4.94379282,0.25297465
32875,0.25219326,0.25219326,1e-05,12.01550198,0.25301434
32880,0.31590605,0.31590605,1e-05,2.46753955,0.25305403
32885,0.34835429,0.34835429,1e-05,4.58129072,0.25309372
32890,0.27266698,0.27266698,1e-05,4.69873905,0.25313341
32895,0.2646399,0.26463988,1e-05,5.10954809,0.2531731
32900,0.27312691,0.27312691,1e-05,4.90862751,0.25321279
32905,0.294136,0.294136,1e-05,5.67075396,0.25325247
32910,0.23561006,0.23561006,1e-05,3.46396828,0.25329216
32915,0.31644235,0.31644235,1e-05,4.09353352,0.25333185
32920,0.31529691,0.31529694,1e-05,8.5050211,0.25337154
32925,0.32521009,0.32521005,1e-05,4.04739046,0.25341123
32930,0.2844945,0.2844945,1e-05,3.34616542,0.25345092
32935,0.28259418,0.26593783,1e-05,2.62957263,0.25349061
32940,0.33014612,0.33014612,1e-05,6.02668858,0.25353029
32945,0.25367491,0.25367491,1e-05,4.56287098,0.25356998
32950,0.30469346,0.30469346,1e-05,4.35863113,0.25360967
32955,0.28532515,0.28532515,1e-05,5.70496416,0.25364936
32960,0.29862173,0.2986217,1e-05,3.77081609,0.25368905
32965,0.30759091,0.30759091,1e-05,4.80850363,0.25372874
32970,0.30581574,0.30581574,1e-05,4.0457201,0.25376843
32975,0.30303226,0.30303226,1e-05,5.79617405,0.25380811
32980,0.28768849,0.28768849,1e-05,3.98812222,0.2538478
32985,0.31382425,0.31382427,1e-05,5.64805746,0.25388749
32990,0.23381407,0.2338141,1e-05,4.7540102,0.25392718
32995,0.24356711,0.24356711,1e-05,4.84851837,0.25396687
33000,0.26173875,0.26173878,1e-05,4.91151476,0.25400656
33005,0.22611475,0.22611475,1e-05,3.68739152,0.25404625
33010,0.27884669,0.27884669,1e-05,2.79123139,0.25408593
33015,0.29104517,0.29104519,1e-05,5.80948782,0.25412562
33020,0.28543432,0.28543434,1e-05,4.6561079,0.25416531
33025,0.30319777,0.30319777,1e-05,3.4031527,0.254205
33030,0.31063104,0.31063104,1e-05,4.28414297,0.25424469
33035,0.22369661,0.22369657,1e-05,3.30699873,0.25428438
33040,0.27273073,0.27273073,1e-05,5.26568699,0.25432406
33045,0.27822073,0.27822075,1e-05,4.9513793,0.25436375
33050,0.3067004,0.3067004,1e-05,6.88254786,0.25440344
33055,0.27662749,0.27662749,1e-05,7.33087635,0.25444313
33060,0.31550379,0.31550379,1e-05,4.80514574,0.25448282
33065,0.29062834,0.29062829,1e-05,3.89898205,0.25452251
33070,0.27450483,0.27450483,1e-05,5.15839291,0.2545622
33075,0.30631623,0.30631621,1e-05,5.46532488,0.25460188
33080,0.26620336,0.26620336,1e-05,4.04307079,0.25464157
33085,0.28040614,0.28040614,1e-05,4.10792589,0.25468126
33090,0.30766425,0.30766425,1e-05,4.52878761,0.25472095
33095,0.28568826,0.28568826,1e-05,3.43741751,0.25476064
33100,0.30002229,0.30002227,1e-05,3.79704905,0.25480033
33105,0.27028155,0.27028155,1e-05,2.99945784,0.25484002
33110,0.23651931,0.23651929,1e-05,4.77051592,0.2548797
33115,0.27166874,0.27166872,1e-05,5.85616875,0.25491939
33120,0.2918303,0.2918303,1e-05,8.14290524,0.25495908
33125,0.26998065,0.26998067,1e-05,4.07088852,0.25499877
33130,0.26806355,0.26806352,1e-05,5.53168774,0.25503846
33135,0.28376679,0.28376682,1e-05,6.38306475,0.25507815
33140,0.26302073,0.26302071,1e-05,3.45232892,0.25511784
33145,0.28411469,0.28411469,1e-05,4.59468937,0.25515752
33150,0.24690108,0.24690108,1e-05,3.97523999,0.25519721
33155,0.24708271,0.24708271,1e-05,4.69528103,0.2552369
33160,0.27923622,0.27923622,1e-05,4.19183397,0.25527659
33165,0.28189178,0.28189178,1e-05,4.27894163,0.25531628
33170,0.26022074,0.26022072,1e-05,5.85017824,0.25535597
33175,0.27492976,0.27492976,1e-05,6.25559711,0.25539565
33180,0.30801101,0.30801101,1e-05,4.59682465,0.25543534
33185,0.24276154,0.24276154,1e-05,3.41213727,0.25547503
33190,0.27937407,0.27937405,1e-05,4.04013729,0.25551472
33195,0.26619294,0.26619291,1e-05,3.59776306,0.25555441
33200,0.26924031,0.26924028,1e-05,3.28134203,0.2555941
33205,0.25771308,0.25771308,1e-05,4.57314968,0.25563379
33210,0.27726011,0.27726011,1e-05,6.29023266,0.25567347
33215,0.30508275,0.30508275,1e-05,6.56961584,0.25571316
33220,0.31641841,0.31641841,1e-05,3.51832962,0.25575285
33225,0.25773869,0.25773866,1e-05,7.5378871,0.25579254
33230,0.2734575,0.27345748,1e-05,8.58183765,0.25583223
33235,0.31163769,0.31163774,1e-05,5.36548948,0.25587192
33240,0.25818815,0.25818815,1e-05,4.85436726,0.25591161
33245,0.29679885,0.29679885,1e-05,4.49651194,0.25595129
33250,0.36050096,0.35638433,1e-05,6.23859692,0.25599098
33255,0.2927084,0.2927084,1e-05,4.04114342,0.25603067
33260,0.29170713,0.29170713,1e-05,5.44788027,0.25607036
33265,0.28477921,0.28477921,1e-05,3.62887073,0.25611005
33270,0.25689955,0.2568995,1e-05,3.79365969,0.25614974
33275,0.25292997,0.25292997,1e-05,4.83892441,0.25618943
33280,0.27566667,0.27566667,1e-05,6.10335445,0.25622911
33285,0.23826566,0.23826566,1e-05,5.43787813,0.2562688
33290,0.25085785,0.25085785,1e-05,3.85451484,0.25630849
33295,0.28163495,0.28163497,1e-05,6.66852522,0.25634818
33300,0.29506111,0.29506111,1e-05,5.06534386,0.25638787
33305,0.27174177,0.27174177,1e-05,4.45318174,0.25642756
33310,0.25969124,0.25969124,1e-05,3.7294116,0.25646725
33315,0.31383486,0.31383486,1e-05,6.95915365,0.25650693
33320,0.25394771,0.25394773,1e-05,4.06598043,0.25654662
33325,0.27755222,0.27755222,1e-05,5.25425577,0.25658631
33330,0.27417054,0.27417054,1e-05,4.93613052,0.256626
33335,0.29262185,0.29262185,1e-05,3.4759357,0.25666569
33340,0.29299994,0.29299994,1e-05,4.49158287,0.25670538
33345,0.27870681,0.27870679,1e-05,4.44248486,0.25674506
33350,0.27615585,0.27615585,1e-05,4.60608625,0.25678475
33355,0.34097741,0.34097741,1e-05,5.37831211,0.25682444
33360,0.24807732,0.24807732,1e-05,4.41540909,0.25686413
33365,0.24627304,0.24627302,1e-05,3.45496702,0.25690382
33370,0.27045224,0.27045226,1e-05,3.77893448,0.25694351
33375,0.23606076,0.23606076,1e-05,2.53736758,0.2569832
33380,0.27434115,0.27434118,1e-05,4.10544968,0.25702288
33385,0.24975777,0.24975777,1e-05,3.65953326,0.25706257
33390,0.33871548,0.33871551,1e-05,4.74111509,0.25710226
33395,0.28524833,0.28524833,1e-05,5.53125525,0.25714195
33400,0.26632066,0.26632068,1e-05,4.67069626,0.25718164
33405,0.31499758,0.31499763,1e-05,3.56537366,0.25722133
33410,0.24650373,0.24650373,1e-05,3.905972,0.25726102
33415,0.25169244,0.25169244,1e-05,2.99842668,0.2573007
33420,0.30139909,0.30139909,1e-05,3.42333984,0.25734039
33425,0.29011147,0.29011147,1e-05,4.98498821,0.25738008
33430,0.30521674,0.30521672,1e-05,3.58503461,0.25741977
33435,0.26910617,0.2691062,1e-05,4.33631134,0.25745946
33440,0.24417286,0.24417286,1e-05,6.0413723,0.25749915
33445,0.26967936,0.26967936,1e-05,4.89134407,0.25753884
33450,0.27977309,0.27977309,1e-05,8.93089485,0.25757852
33455,0.30071967,0.30071969,1e-05,4.09739304,0.25761821
33460,0.265399,0.26539898,1e-05,7.87118912,0.2576579
33465,0.33246677,0.33246675,1e-05,5.03535604,0.25769759
33470,0.31268289,0.31268289,1e-05,4.31549931,0.25773728
33475,0.23483322,0.23483319,1e-05,4.07812119,0.25777697
33480,0.25226989,0.25226989,1e-05,4.97540092,0.25781665
33485,0.28448949,0.28448949,1e-05,5.48300076,0.25785634
33490,0.28076115,0.28076115,1e-05,4.75834322,0.25789603
33495,0.25330648,0.25330648,1e-05,4.32808828,0.25793572
33500,0.26776628,0.26776628,1e-05,5.23844814,0.25797541
33505,0.31771681,0.31771684,1e-05,4.50775528,0.2580151
33510,0.29956274,0.29956272,1e-05,4.58040667,0.25805479
33515,0.3046536,0.3046536,1e-05,5.67411613,0.25809447
33520,0.30004439,0.30004439,1e-05,6.60427856,0.25813416
33525,0.24778943,0.24778938,1e-05,3.40668011,0.25817385
33530,0.27709763,0.27709763,1e-05,17.21170044,0.25821354
33535,0.27895761,0.27895761,1e-05,6.39293814,0.25825323
33540,0.25539222,0.25539222,1e-05,3.76897407,0.25829292
33545,0.28492408,0.28492408,1e-05,4.50401735,0.25833261
33550,0.28112855,0.28112855,1e-05,4.67245007,0.25837229
33555,0.23254781,0.23254781,1e-05,4.30670834,0.25841198
33560,0.2258882,0.22477796,1e-05,3.33254242,0.25845167
33565,0.39247684,0.37982768,1e-05,5.60585213,0.25849136
33570,0.28010767,0.28010767,1e-05,7.16666937,0.25853105
33575,0.32010198,0.32010198,1e-05,4.3414588,0.25857074
33580,0.26020861,0.26020861,1e-05,4.49354792,0.25861043
33585,0.2740212,0.2740212,1e-05,3.53811717,0.25865011
33590,0.31839724,0.31839724,1e-05,5.70891666,0.2586898
33595,0.3357594,0.33575943,1e-05,4.48227787,0.25872949
33600,0.25812492,0.2581249,1e-05,3.94520736,0.25876918
33605,0.29422545,0.29422543,1e-05,5.70934391,0.25880887
33610,0.2301888,0.2301888,1e-05,4.71715689,0.25884856
33615,0.29402006,0.29402003,1e-05,4.3663311,0.25888825
33620,0.32009158,0.32009156,1e-05,7.38580656,0.25892793
33625,0.26143904,0.26143901,1e-05,3.33770156,0.25896762
33630,0.2565048,0.2565048,1e-05,8.10423565,0.25900731
33635,0.25300725,0.25300725,1e-05,3.25609684,0.259047
33640,0.30577981,0.30577984,1e-05,3.83447099,0.25908669
33645,0.25591245,0.25591245,1e-05,4.24331522,0.25912638
33650,0.32029357,0.32029355,1e-05,4.94945097,0.25916606
33655,0.28223886,0.28223884,1e-05,4.84086227,0.25920575
33660,0.2710748,0.27107477,1e-05,4.49674511,0.25924544
33665,0.25828452,0.25828452,1e-05,3.761374,0.25928513
33670,0.27330322,0.2733032,1e-05,4.91993189,0.25932482
33675,0.28664551,0.28664556,1e-05,4.63924694,0.25936451
33680,0.29267945,0.29267945,1e-05,5.62598896,0.2594042
33685,0.23768678,0.23768678,1e-05,4.65879536,0.25944388
33690,0.26541219,0.26541221,1e-05,6.90090322,0.25948357
33695,0.26623673,0.26623673,1e-05,4.01179552,0.25952326
33700,0.27671025,0.27671027,1e-05,5.85621595,0.25956295
33705,0.29539642,0.2953964,1e-05,3.37397122,0.25960264
33710,0.34037709,0.34037709,1e-05,4.39534378,0.25964233
33715,0.24567757,0.24567757,1e-05,5.87802505,0.25968202
33720,0.22324238,0.22324238,1e-05,4.49635887,0.2597217
33725,0.27399702,0.27399702,1e-05,3.92470455,0.25976139
33730,0.2340555,0.23405547,1e-05,4.27616882,0.25980108
33735,0.2478456,0.2478456,1e-05,4.05121136,0.25984077
33740,0.28299389,0.28299389,1e-05,6.37538815,0.25988046
33745,0.25991995,0.25991995,1e-05,4.26434231,0.25992015
33750,0.28724742,0.28724742,1e-05,3.80559158,0.25995984
33755,0.28879066,0.28879066,1e-05,5.81114244,0.25999952
33760,0.24630797,0.24630799,1e-05,5.08904028,0.26003921
33765,0.3013608,0.3013608,1e-05,3.74492574,0.2600789
33770,0.23314629,0.23314626,1e-05,5.35778809,0.26011859
33775,0.27943773,0.27943771,1e-05,3.59145784,0.26015828
33780,0.24525509,0.24525511,1e-05,4.62271881,0.26019797
33785,0.28693919,0.28693919,1e-05,4.5268364,0.26023765
33790,0.28869472,0.28869472,1e-05,8.15612698,0.26027734
33795,0.29986453,0.29986453,1e-05,5.60362482,0.26031703
33800,0.30502541,0.30502543,1e-05,4.76419783,0.26035672
33805,0.28262959,0.28262959,1e-05,6.21989012,0.26039641
33810,0.27997246,0.27997246,1e-05,4.74556637,0.2604361
33815,0.33067198,0.33067198,1e-05,6.88934898,0.26047579
33820,0.23429887,0.2342989,1e-05,4.51002932,0.26051547
33825,0.2951499,0.2951499,1e-05,5.62803125,0.26055516
33830,0.27845163,0.27845161,1e-05,3.67558408,0.26059485
33835,0.31219008,0.3121901,1e-05,4.414536,0.26063454
33840,0.28537593,0.28537593,1e-05,4.15239716,0.26067423
33845,0.27674298,0.27674298,1e-05,4.13338327,0.26071392
33850,0.31516709,0.31516709,1e-05,4.2928257,0.26075361
33855,0.24093227,0.24093227,1e-05,5.28659534,0.26079329
33860,0.28500147,0.28500147,1e-05,4.25700903,0.26083298
33865,0.22278137,0.22278137,1e-05,2.58824563,0.26087267
33870,0.27947762,0.27947764,1e-05,4.12540722,0.26091236
33875,0.44479961,0.41958024,1e-05,8.54837513,0.26095205
33880,0.29906754,0.29906754,1e-05,7.25386286,0.26099174
33885,0.23481402,0.23481402,1e-05,3.53674889,0.26103143
33890,0.28671286,0.28671284,1e-05,5.40156221,0.26107111
33895,0.29230332,0.29230332,1e-05,5.68664598,0.2611108
33900,0.25366898,0.25366895,1e-05,3.56273675,0.26115049
33905,0.26198511,0.26198511,1e-05,4.60360575,0.26119018
33910,0.24339685,0.24339685,1e-05,3.01972485,0.26122987
33915,0.32126005,0.32126007,1e-05,4.3595252,0.26126956
33920,0.34430861,0.34430861,1e-05,4.81174517,0.26130925
33925,0.27251472,0.2725147,1e-05,6.41930056,0.26134893
33930,0.30100696,0.30100698,1e-05,4.83137655,0.26138862
33935,0.27127767,0.27127767,1e-05,3.31895971,0.26142831
33940,0.30066762,0.30066762,1e-05,4.26775837,0.261468
33945,0.2462059,0.2462059,1e-05,3.61917901,0.26150769
33950,0.22790053,0.22790055,1e-05,3.86692953,0.26154738
33955,0.33121061,0.33121061,1e-05,5.49044943,0.26158706
33960,0.23464279,0.23464279,1e-05,4.15043831,0.26162675
33965,0.25112,0.25112,1e-05,4.37940121,0.26166644
33970,0.24278283,0.24278286,1e-05,3.90343761,0.26170613
33975,0.3100364,0.3100364,1e-05,10.86457443,0.26174582
33980,0.2786077,0.2786077,1e-05,5.3094902,0.26178551
33985,0.29334493,0.29334493,1e-05,4.88012743,0.2618252
33990,0.26048055,0.26048055,1e-05,4.63785982,0.26186488
33995,0.28380568,0.28380566,1e-05,3.45472145,0.26190457
34000,0.26538291,0.26538289,1e-05,3.78598666,0.26194426
34005,0.2695457,0.2695457,1e-05,4.02847099,0.26198395
34010,0.28011138,0.28011136,1e-05,6.48297691,0.26202364
34015,0.23255835,0.23255837,1e-05,4.66775036,0.26206333
34020,0.28561771,0.28561769,1e-05,7.3124404,0.26210302
34025,0.30137708,0.30137708,1e-05,4.68149614,0.2621427
34030,0.32108874,0.32108874,1e-05,5.22310495,0.26218239
34035,0.2795208,0.2795208,1e-05,6.08397007,0.26222208
34040,0.31345215,0.31345217,1e-05,4.67051697,0.26226177
34045,0.35947895,0.35947895,1e-05,7.49405479,0.26230146
34050,0.29103351,0.29103351,1e-05,6.682899,0.26234115
34055,0.24591289,0.24591289,1e-05,4.05974674,0.26238084
34060,0.30434933,0.30434928,1e-05,7.58309937,0.26242052
34065,0.32193646,0.32193646,1e-05,9.84743786,0.26246021
34070,0.28008368,0.28008366,1e-05,7.70763206,0.2624999
34075,0.27371981,0.27371981,1e-05,7.38126945,0.26253959
34080,0.21621075,0.21621075,1e-05,4.15276146,0.26257928
34085,0.32872734,0.32872729,1e-05,5.2099576,0.26261897
34090,0.27875688,0.27875688,1e-05,4.37298822,0.26265865
34095,0.3346904,0.3346904,1e-05,4.71731663,0.26269834
34100,0.29705629,0.29705629,1e-05,6.06937647,0.26273803
34105,0.26339607,0.26339607,1e-05,14.10083389,0.26277772
34110,0.34046576,0.34046574,1e-05,4.05084562,0.26281741
34115,0.3088347,0.3088347,1e-05,5.07343912,0.2628571
34120,0.33294187,0.33294187,1e-05,5.08519793,0.26289679
34125,0.25784919,0.25784919,1e-05,5.15662813,0.26293647
34130,0.24445236,0.24445236,1e-05,4.75939226,0.26297616
34135,0.26777277,0.26777275,1e-05,5.17612696,0.26301585
34140,0.28963628,0.28963628,1e-05,5.2136445,0.26305554
34145,0.31656971,0.31656971,1e-05,4.6681242,0.26309523
34150,0.27671723,0.27671719,1e-05,4.49722862,0.26313492
34155,0.29608579,0.29608579,1e-05,3.5171144,0.26317461
34160,0.34955659,0.34955659,1e-05,4.59612942,0.26321429
34165,0.25424829,0.25424826,1e-05,4.56793547,0.26325398
34170,0.25778861,0.25778866,1e-05,3.47367716,0.26329367
34175,0.26852188,0.26852188,1e-05,3.82869291,0.26333336
34180,0.30287123,0.30287118,1e-05,6.32655191,0.26337305
34185,0.26191278,0.26191278,1e-05,3.62067294,0.26341274
34190,0.34646564,0.3298562,1e-05,6.92248392,0.26345243
34195,0.29209909,0.29209909,1e-05,4.62579918,0.26349211
34200,0.22979898,0.22979896,1e-05,4.86208487,0.2635318
34205,0.30037653,0.30037656,1e-05,5.14646959,0.26357149
34210,0.28873782,0.2887378,1e-05,5.14829874,0.26361118
34215,0.30243669,0.30243664,1e-05,4.78227234,0.26365087
34220,0.29909339,0.29909339,1e-05,4.09058094,0.26369056
34225,0.25936961,0.25936961,1e-05,3.12757277,0.26373025
34230,0.3247077,0.3247077,1e-05,4.43166637,0.26376993
34235,0.28539836,0.28539834,1e-05,4.93000126,0.26380962
34240,0.25753036,0.25753036,1e-05,4.49797535,0.26384931
34245,0.3329442,0.3329442,1e-05,2.99068809,0.263889
34250,0.30487444,0.30487444,1e-05,3.46974778,0.26392869
34255,0.31650674,0.31650677,1e-05,7.0125351,0.26396838
34260,0.27824271,0.27824273,1e-05,4.67384624,0.26400806
34265,0.33556316,0.33556316,1e-05,6.06195402,0.26404775
34270,0.27512145,0.2751214,1e-05,3.9547236,0.26408744
34275,0.24813786,0.24813783,1e-05,3.22124219,0.26412713
34280,0.2093652,0.2093652,1e-05,4.76907158,0.26416682
34285,0.3240962,0.32409618,1e-05,4.00984907,0.26420651
34290,0.25794392,0.25794392,1e-05,4.44077492,0.2642462
34295,0.28813057,0.28813057,1e-05,4.34997463,0.26428588
34300,0.32758577,0.32758579,1e-05,5.67086792,0.26432557
34305,0.27392907,0.27392902,1e-05,5.21416378,0.26436526
34310,0.25673168,0.25673165,1e-05,4.7778635,0.26440495
34315,0.24021213,0.24021215,1e-05,3.49807572,0.26444464
34320,0.26761003,0.26761003,1e-05,4.00967979,0.26448433
34325,0.30916171,0.30916171,1e-05,3.79343867,0.26452402
34330,0.27219882,0.27219882,1e-05,4.70369148,0.2645637
34335,0.27354536,0.27354536,1e-05,5.90970516,0.26460339
34340,0.24063611,0.24063611,1e-05,4.26961708,0.26464308
34345,0.27382588,0.27382586,1e-05,4.7558322,0.26468277
34350,0.21031723,0.21031723,1e-05,2.77329469,0.26472246
34355,0.22592115,0.22592115,1e-05,3.60730815,0.26476215
34360,0.26200328,0.26200328,1e-05,5.04103947,0.26480184
34365,0.30213995,0.30213995,1e-05,5.00848341,0.26484152
34370,0.31381021,0.31381021,1e-05,3.85076118,0.26488121
34375,0.25727024,0.25727024,1e-05,4.98011494,0.2649209
34380,0.26570873,0.26570873,1e-05,6.71127748,0.26496059
34385,0.32077899,0.32077899,1e-05,6.58993244,0.26500028
34390,0.25161443,0.25161443,1e-05,4.39840555,0.26503997
34395,0.32703533,0.32703533,1e-05,4.5924387,0.26507965
34400,0.24692216,0.24692216,1e-05,4.36185122,0.26511934
34405,0.25896416,0.25896416,1e-05,2.83550882,0.26515903
34410,0.27427077,0.27427077,1e-05,4.99509382,0.26519872
34415,0.31482344,0.31482344,1e-05,5.136868,0.26523841
34420,0.26552558,0.26552556,1e-05,3.67727852,0.2652781
34425,0.25784678,0.25784678,1e-05,4.7810235,0.26531779
34430,0.19953907,0.19953905,1e-05,5.82030344,0.26535747
34435,0.31985765,0.31985765,1e-05,4.20340061,0.26539716
34440,0.26419849,0.26419849,1e-05,5.50964689,0.26543685
34445,0.29091754,0.29091754,1e-05,5.21861315,0.26547654
34450,0.2912807,0.2912807,1e-05,5.47207022,0.26551623
34455,0.27622046,0.27622051,1e-05,5.40367508,0.26555592
34460,0.30075605,0.30075607,1e-05,3.28799939,0.26559561
34465,0.2848845,0.28488445,1e-05,9.79350662,0.26563529
34470,0.34281492,0.3428149,1e-05,5.60921669,0.26567498
34475,0.25922956,0.25922956,1e-05,3.62984776,0.26571467
34480,0.25577779,0.25577784,1e-05,4.55149794,0.26575436
34485,0.31741626,0.31741626,1e-05,5.23646212,0.26579405
34490,0.27171578,0.27171578,1e-05,4.95066071,0.26583374
34495,0.25646193,0.25646191,1e-05,2.92535186,0.26587343
34500,0.31665764,0.30525429,1e-05,1.67649972,0.26591311
34505,0.29945276,0.297548,1e-05,4.41763878,0.2659528
34510,0.29178679,0.29178677,1e-05,5.15412998,0.26599249
34515,0.25343914,0.25343914,1e-05,6.55046129,0.26603218
34520,0.31347747,0.31347747,1e-05,5.59944296,0.26607187
34525,0.24925735,0.24925735,1e-05,4.34788179,0.26611156
34530,0.275407,0.27540703,1e-05,5.49645662,0.26615125
34535,0.2876627,0.28766272,1e-05,4.21390724,0.26619093
34540,0.32701399,0.32701402,1e-05,5.53535175,0.26623062
34545,0.2927587,0.29275868,1e-05,4.53698254,0.26627031
34550,0.28675022,0.28675022,1e-05,4.05253696,0.26631
34555,0.26141543,0.26141546,1e-05,6.51597786,0.26634969
34560,0.24503818,0.24503818,1e-05,5.02151728,0.26638938
34565,0.34604607,0.34604607,1e-05,6.28228521,0.26642906
34570,0.26246924,0.26246924,1e-05,3.94704795,0.26646875
34575,0.30513482,0.30513482,1e-05,6.4870677,0.26650844
34580,0.22439959,0.22439961,1e-05,3.59695125,0.26654813
34585,0.24312754,0.24312754,1e-05,3.67886114,0.26658782
34590,0.27706218,0.27706215,1e-05,4.05668545,0.26662751
34595,0.27795019,0.27795019,1e-05,3.40541339,0.2666672
34600,0.28878479,0.28878481,1e-05,5.32276821,0.26670688
34605,0.27354319,0.27354321,1e-05,3.95883799,0.26674657
34610,0.27682271,0.27682271,1e-05,4.00174093,0.26678626
34615,0.28415151,0.28415153,1e-05,4.04676247,0.26682595
34620,0.26922688,0.26922693,1e-05,4.60456276,0.26686564
34625,0.30473464,0.30473464,1e-05,3.27500868,0.26690533
34630,0.27164462,0.27164462,1e-05,6.12491703,0.26694502
34635,0.29703312,0.29703312,1e-05,4.86911392,0.2669847
34640,0.26242771,0.26242771,1e-05,11.81874371,0.26702439
34645,0.24154162,0.24154162,1e-05,4.1070466,0.26706408
34650,0.2773098,0.27730982,1e-05,3.18282104,0.26710377
34655,0.36763034,0.36763031,1e-05,4.11377859,0.26714346
34660,0.24875078,0.24875078,1e-05,4.28381824,0.26718315
34665,0.28590429,0.28590426,1e-05,3.84390616,0.26722284
34670,0.28813469,0.28813467,1e-05,5.67229319,0.26726252
34675,0.33202696,0.33202696,1e-05,6.19239855,0.26730221
34680,0.29063921,0.29063923,1e-05,5.11010742,0.2673419
34685,0.34263685,0.34263685,1e-05,4.1916461,0.26738159
34690,0.2763895,0.2763895,1e-05,5.05939245,0.26742128
34695,0.26321769,0.26321769,1e-05,5.08430815,0.26746097
34700,0.28522317,0.2852232,1e-05,5.68471336,0.26750065
34705,0.28467543,0.28467541,1e-05,7.13202906,0.26754034
34710,0.26490564,0.2649056,1e-05,4.16934824,0.26758003
34715,0.24368317,0.24368315,1e-05,4.71841002,0.26761972
34720,0.26016026,0.26016028,1e-05,3.60778475,0.26765941
34725,0.31502242,0.31502244,1e-05,3.37372303,0.2676991
34730,0.27993348,0.2799335,1e-05,4.43107748,0.26773879
34735,0.31139958,0.31139956,1e-05,6.89550734,0.26777847
34740,0.25527959,0.25527954,1e-05,3.36869526,0.26781816
34745,0.27432461,0.27432458,1e-05,5.77369642,0.26785785
34750,0.27031856,0.27031856,1e-05,3.6399982,0.26789754
34755,0.25342488,0.25342491,1e-05,5.27389097,0.26793723
34760,0.28198838,0.28198836,1e-05,5.45802164,0.26797692
34765,0.30399668,0.30399668,1e-05,3.83072639,0.26801661
34770,0.30069828,0.30069823,1e-05,6.16867542,0.26805629
34775,0.33149638,0.33149638,1e-05,7.50006294,0.26809598
34780,0.23802779,0.23802779,1e-05,3.54708004,0.26813567
34785,0.30173187,0.30173187,1e-05,4.55246019,0.26817536
34790,0.27805817,0.27805812,1e-05,2.40347528,0.26821505
34795,0.28813894,0.28813894,1e-05,5.45917511,0.26825474
34800,0.23405638,0.23405638,1e-05,5.34055758,0.26829443
34805,0.2721652,0.2721652,1e-05,5.05189514,0.26833411
34810,0.29110055,0.29110057,1e-05,3.43162751,0.2683738
34815,0.35567536,0.33876393,1e-05,3.57344031,0.26841349
34820,0.28269739,0.28269739,1e-05,4.00515985,0.26845318
34825,0.28913121,0.28913119,1e-05,3.41150212,0.26849287
34830,0.27860327,0.27860324,1e-05,3.34266424,0.26853256
34835,0.23761239,0.23761239,1e-05,4.19460869,0.26857225
34840,0.27231245,0.27231245,1e-05,3.59975648,0.26861193
34845,0.31985059,0.31985059,1e-05,5.12496662,0.26865162
34850,0.36131883,0.36131885,1e-05,4.57823563,0.26869131
34855,0.26984286,0.26984286,1e-05,4.56825638,0.268731
34860,0.28606229,0.28606226,1e-05,5.31012726,0.26877069
34865,0.25917645,0.25917645,1e-05,4.07668161,0.26881038
34870,0.24736567,0.24736567,1e-05,4.63052607,0.26885006
34875,0.2868382,0.2868382,1e-05,3.37117958,0.26888975
34880,0.27214079,0.27214079,1e-05,4.65663052,0.26892944
34885,0.21161716,0.21161716,1e-05,4.86508942,0.26896913
34890,0.22830296,0.22830296,1e-05,3.49173164,0.26900882
34895,0.31502857,0.31502857,1e-05,5.87000132,0.26904851
34900,0.26020823,0.26020823,1e-05,3.76661062,0.2690882
34905,0.29450431,0.29450431,1e-05,3.9480226,0.26912788
34910,0.26022606,0.26022611,1e-05,2.94088149,0.26916757
34915,0.28762183,0.28762183,1e-05,4.52279472,0.26920726
34920,0.24346712,0.24346714,1e-05,3.77467012,0.26924695
34925,0.29863014,0.29863014,1e-05,5.77952051,0.26928664
34930,0.28955717,0.28955717,1e-05,4.66926813,0.26932633
34935,0.27774172,0.27774172,1e-05,2.94918108,0.26936602
34940,0.23785148,0.23785148,1e-05,4.03007412,0.2694057
34945,0.26639407,0.26639409,1e-05,4.159482,0.26944539
34950,0.3089916,0.30899158,1e-05,4.20932388,0.26948508
34955,0.27408795,0.27408795,1e-05,4.83447695,0.26952477
34960,0.26193738,0.26193743,1e-05,5.81255627,0.26956446
34965,0.22831523,0.22831523,1e-05,3.31027174,0.26960415
34970,0.32253828,0.32253828,1e-05,3.89164972,0.26964384
34975,0.28174496,0.28174498,1e-05,4.21891975,0.26968352
34980,0.27491732,0.27491729,1e-05,4.42344332,0.26972321
34985,0.26247618,0.26247616,1e-05,6.10144424,0.2697629
34990,0.25631447,0.25631447,1e-05,5.18330526,0.26980259
34995,0.30566354,0.30566354,1e-05,4.19461489,0.26984228
35000,0.25839443,0.25839443,1e-05,4.99052286,0.26988197
35005,0.29104304,0.29104304,1e-05,6.04977179,0.26992165
35010,0.27284541,0.27284541,1e-05,4.03784275,0.26996134
35015,0.26699963,0.26699965,1e-05,4.32495117,0.27000103
35020,0.28392496,0.28392498,1e-05,4.61567545,0.27004072
35025,0.28138618,0.28138618,1e-05,5.96162271,0.27008041
35030,0.25117469,0.25117469,1e-05,3.98922157,0.2701201
35035,0.26574917,0.26574917,1e-05,5.08918238,0.27015979
35040,0.32292585,0.32292588,1e-05,4.79639101,0.27019947
35045,0.31556766,0.31556766,1e-05,4.92770195,0.27023916
35050,0.2657408,0.2657408,1e-05,3.4694221,0.27027885
35055,0.27658699,0.27658699,1e-05,3.83956504,0.27031854
35060,0.30696321,0.30696318,1e-05,4.74393082,0.27035823
35065,0.28614249,0.28614252,1e-05,5.38341713,0.27039792
35070,0.31035409,0.31035409,1e-05,3.36926103,0.27043761
35075,0.26502271,0.26502271,1e-05,6.43933201,0.27047729
35080,0.30144956,0.30144958,1e-05,4.11279058,0.27051698
35085,0.24416018,0.24416022,1e-05,4.08238792,0.27055667
35090,0.26292033,0.26292033,1e-05,4.7480073,0.27059636
35095,0.29641337,0.29641337,1e-05,4.71726847,0.27063605
35100,0.28717341,0.28717341,1e-05,3.69782352,0.27067574
35105,0.22948122,0.22948122,1e-05,2.54085684,0.27071543
35110,0.26260753,0.2626075,1e-05,6.34203672,0.27075511
35115,0.27520115,0.27520113,1e-05,3.77913833,0.2707948
35120,0.30319686,0.30319686,1e-05,5.71861744,0.27083449
35125,0.28159189,0.28159187,1e-05,4.85293674,0.27087418
35130,0.34507263,0.32004345,1e-05,3.14075065,0.27091387
35135,0.26209693,0.26209693,1e-05,3.92402005,0.27095356
35140,0.28322635,0.28322635,1e-05,4.7954793,0.27099325
35145,0.22455063,0.22455063,1e-05,6.97445917,0.27103293
35150,0.30288415,0.30288417,1e-05,3.76038408,0.27107262
35155,0.35867333,0.35867333,1e-05,4.68242121,0.27111231
35160,0.29977531,0.29977534,1e-05,4.49174261,0.271152
35165,0.28211288,0.28211288,1e-05,3.72720933,0.27119169
35170,0.32246413,0.32246413,1e-05,6.30810642,0.27123138
35175,0.24924133,0.2492413,1e-05,2.82568836,0.27127106
35180,0.2694488,0.2694488,1e-05,3.49226665,0.27131075
35185,0.32302842,0.32302842,1e-05,5.48118734,0.27135044
35190,0.32455797,0.32455792,1e-05,3.98699093,0.27139013
35195,0.30131679,0.30131679,1e-05,3.66593456,0.27142982
35200,0.21814027,0.21814027,1e-05,2.18085146,0.27146951
35205,0.28022645,0.28022642,1e-05,7.54644108,0.2715092
35210,0.24440646,0.24440646,1e-05,3.25153518,0.27154888
35215,0.31316466,0.31316466,1e-05,5.01449394,0.27158857
35220,0.29166083,0.29166083,1e-05,5.23107004,0.27162826
35225,0.24700265,0.24700265,1e-05,3.26796794,0.27166795
35230,0.27071199,0.27071199,1e-05,3.72760415,0.27170764
35235,0.31878633,0.31878631,1e-05,6.12819529,0.27174733
35240,0.31774838,0.31774836,1e-05,7.33227205,0.27178702
35245,0.26825261,0.26825261,1e-05,4.79433393,0.2718267
35250,0.27026742,0.27026742,1e-05,4.05823946,0.27186639
35255,0.2907043,0.29070427,1e-05,6.75727606,0.27190608
35260,0.27963324,0.27963326,1e-05,4.11505079,0.27194577
35265,0.31055818,0.31055818,1e-05,5.17681885,0.27198546
35270,0.25285239,0.25285242,1e-05,5.01645708,0.27202515
35275,0.32075467,0.32075467,1e-05,4.05910683,0.27206484
35280,0.33333268,0.33333266,1e-05,7.44432688,0.27210452
35285,0.27148385,0.27148387,1e-05,4.32796574,0.27214421
35290,0.31546354,0.31546354,1e-05,7.20556927,0.2721839
35295,0.2776895,0.2776895,1e-05,4.35814428,0.27222359
35300,0.3004782,0.30047817,1e-05,4.25575924,0.27226328
35305,0.26480899,0.26480901,1e-05,3.61932898,0.27230297
35310,0.29916344,0.29916344,1e-05,4.44006443,0.27234265
35315,0.37898428,0.37898431,1e-05,4.01732016,0.27238234
35320,0.26880825,0.26880825,1e-05,5.92698956,0.27242203
35325,0.25931034,0.25931039,1e-05,3.21579099,0.27246172
35330,0.22631857,0.22631855,1e-05,4.19098949,0.27250141
35335,0.28886323,0.28886318,1e-05,6.43028069,0.2725411
35340,0.25282829,0.25282831,1e-05,6.5715704,0.27258079
35345,0.26000476,0.26000476,1e-05,3.96859765,0.27262047
35350,0.26480911,0.26480913,1e-05,6.09760571,0.27266016
35355,0.2917321,0.29173212,1e-05,3.11638641,0.27269985
35360,0.23678949,0.23678946,1e-05,4.05677652,0.27273954
35365,0.30667052,0.30667052,1e-05,3.80386519,0.27277923
35370,0.30770607,0.30770607,1e-05,4.33536196,0.27281892
35375,0.24494762,0.24494762,1e-05,6.08431149,0.27285861
35380,0.24751768,0.2475177,1e-05,13.55809116,0.27289829
35385,0.29578843,0.29578843,1e-05,6.24295092,0.27293798
35390,0.2816524,0.2816524,1e-05,7.36830235,0.27297767
35395,0.27471719,0.27471719,1e-05,5.23854733,0.27301736
35400,0.24842408,0.24842408,1e-05,4.00106478,0.27305705
35405,0.25588183,0.25588186,1e-05,4.14937878,0.27309674
35410,0.2847049,0.28470488,1e-05,4.4353981,0.27313643
35415,0.2937645,0.2937645,1e-05,6.08403444,0.27317611
35420,0.30037162,0.3003716,1e-05,4.40453243,0.2732158
35425,0.34845824,0.34845827,1e-05,5.18757629,0.27325549
35430,0.28596296,0.28596296,1e-05,4.41181517,0.27329518
35435,0.24734669,0.24734671,1e-05,4.37967587,0.27333487
35440,0.35950789,0.34761854,1e-05,5.03675652,0.27337456
35445,0.28000011,0.28000011,1e-05,3.90772343,0.27341425
35450,0.29410944,0.29410944,1e-05,6.9496212,0.27345393
35455,0.26220732,0.26220732,1e-05,4.51290512,0.27349362
35460,0.2416326,0.2416326,1e-05,5.63008833,0.27353331
35465,0.33786407,0.33786409,1e-05,4.46051693,0.273573
35470,0.27367377,0.27367377,1e-05,5.92027569,0.27361269
35475,0.25206432,0.25206432,1e-05,5.06980896,0.27365238
35480,0.30615118,0.3061512,1e-05,4.54536057,0.27369206
35485,0.31035237,0.31035237,1e-05,5.50566864,0.27373175
35490,0.32590327,0.3259033,1e-05,4.08227062,0.27377144
35495,0.30130615,0.30130613,1e-05,5.78260756,0.27381113
35500,0.26552949,0.26552944,1e-05,4.90384912,0.27385082
35505,0.26428046,0.26428046,1e-05,4.27954626,0.27389051
35510,0.30792413,0.30792413,1e-05,4.36606359,0.2739302
35515,0.26422627,0.26422627,1e-05,4.76235485,0.27396988
35520,0.27916231,0.27916231,1e-05,4.33397913,0.27400957
35525,0.25972638,0.25972638,1e-05,3.61555576,0.27404926
35530,0.24644794,0.24644794,1e-05,3.97637439,0.27408895
35535,0.25526857,0.25526855,1e-05,3.84698868,0.27412864
35540,0.3318202,0.3318202,1e-05,5.88844156,0.27416833
35545,0.29310517,0.29310515,1e-05,5.10662031,0.27420802
35550,0.29978268,0.29978266,1e-05,2.59624124,0.2742477
35555,0.25208578,0.25208576,1e-05,7.55070686,0.27428739
35560,0.22901354,0.22901351,1e-05,4.94248247,0.27432708
35565,0.28705816,0.28705816,1e-05,4.31974649,0.27436677
35570,0.30376596,0.30376596,1e-05,4.39030552,0.27440646
35575,0.23723109,0.23723109,1e-05,5.26282549,0.27444615
35580,0.29438162,0.29438162,1e-05,3.95027733,0.27448584
35585,0.27059207,0.27059207,1e-05,4.70767498,0.27452552
35590,0.27703707,0.27703707,1e-05,4.14397383,0.27456521
35595,0.28693485,0.28693485,1e-05,3.80642724,0.2746049
35600,0.32855062,0.32855062,1e-05,6.11072111,0.27464459
35605,0.269558,0.269558,1e-05,3.10606194,0.27468428
35610,0.27978725,0.2797873,1e-05,98.16062927,0.27472397
35615,0.2301223,0.2301223,1e-05,2.03503394,0.27476365
35620,0.26013956,0.26013956,1e-05,4.88540316,0.27480334
35625,0.30810308,0.30810308,1e-05,5.98688745,0.27484303
35630,0.29098995,0.29098997,1e-05,3.36936212,0.27488272
35635,0.28855224,0.28855226,1e-05,4.32487488,0.27492241
35640,0.31409407,0.31409407,1e-05,6.69554949,0.2749621
35645,0.28403854,0.28403854,1e-05,6.91987562,0.27500179
35650,0.27564378,0.27564378,1e-05,3.55685782,0.27504147
35655,0.25580566,0.25580566,1e-05,3.22433138,0.27508116
35660,0.28145795,0.28145795,1e-05,4.71570683,0.27512085
35665,0.31606069,0.31606064,1e-05,5.44974518,0.27516054
35670,0.28139505,0.28139505,1e-05,4.17866421,0.27520023
35675,0.30444298,0.30444298,1e-05,6.31062889,0.27523992
35680,0.26686306,0.26686306,1e-05,5.12431192,0.27527961
35685,0.26470344,0.26470346,1e-05,4.02670622,0.27531929
35690,0.30337338,0.30337343,1e-05,4.89918566,0.27535898
35695,0.29942193,0.29942191,1e-05,4.1456666,0.27539867
35700,0.29223804,0.29223804,1e-05,5.27460146,0.27543836
35705,0.30306842,0.30306842,1e-05,5.20030022,0.27547805
35710,0.26554298,0.26554298,1e-05,35.07420349,0.27551774
35715,0.31368141,0.31368141,1e-05,5.31189728,0.27555743
35720,0.29083474,0.29083476,1e-05,4.5073204,0.27559711
35725,0.20686305,0.20686307,1e-05,3.54636216,0.2756368
35730,0.25851021,0.25851021,1e-05,6.40301704,0.27567649
35735,0.23940725,0.23940725,1e-05,3.60791349,0.27571618
35740,0.25732555,0.25732555,1e-05,4.43885803,0.27575587
35745,0.32599592,0.32599592,1e-05,5.04930925,0.27579556
35750,0.24318085,0.24318085,1e-05,6.69024658,0.27583524
35755,0.4019155,0.39084236,1e-05,3.5127902,0.27587493
35760,0.27746599,0.27746599,1e-05,5.59562397,0.27591462
35765,0.3219327,0.32193267,1e-05,4.97886372,0.27595431
35770,0.27943869,0.27943869,1e-05,5.01257706,0.275994
35775,0.27257018,0.27257018,1e-05,3.0033145,0.27603369
35780,0.25868211,0.25868211,1e-05,3.96133685,0.27607338
35785,0.26816931,0.26816931,1e-05,4.85861874,0.27611306
35790,0.3113615,0.31136148,1e-05,5.91713285,0.27615275
35795,0.26000569,0.26000569,1e-05,3.34394097,0.27619244
35800,0.24694309,0.24694309,1e-05,4.99710798,0.27623213
35805,0.27309258,0.27309256,1e-05,4.12901735,0.27627182
35810,0.26707809,0.26707809,1e-05,3.30586767,0.27631151
35815,0.26424413,0.26424413,1e-05,4.88695431,0.2763512
35820,0.30920274,0.30920274,1e-05,5.80897188,0.27639088
35825,0.2942029,0.29420285,1e-05,5.06311893,0.27643057
35830,0.28436046,0.28436046,1e-05,4.77485895,0.27647026
35835,0.30905142,0.30905142,1e-05,3.70930743,0.27650995
35840,0.32776232,0.32776234,1e-05,4.00595427,0.27654964
35845,0.27617931,0.27617931,1e-05,3.9851222,0.27658933
35850,0.30362687,0.30362687,1e-05,4.59827375,0.27662902
35855,0.31249442,0.31249437,1e-05,5.09689903,0.2766687
35860,0.25315576,0.25315576,1e-05,3.97739649,0.27670839
35865,0.23108683,0.23108683,1e-05,5.99188137,0.27674808
35870,0.2927619,0.29276187,1e-05,4.2159524,0.27678777
35875,0.31806908,0.31806908,1e-05,7.85852432,0.27682746
35880,0.32367558,0.32367554,1e-05,3.9209199,0.27686715
35885,0.29430783,0.29430783,1e-05,3.78205299,0.27690684
35890,0.23915763,0.23915763,1e-05,4.02768707,0.27694652
35895,0.24986424,0.24986424,1e-05,4.15030527,0.27698621
35900,0.32618804,0.32618804,1e-05,6.49500656,0.2770259
35905,0.34685419,0.34685421,1e-05,6.36697865,0.27706559
35910,0.29762418,0.29762421,1e-05,5.53127003,0.27710528
35915,0.29183691,0.29183691,1e-05,4.67185068,0.27714497
35920,0.2587831,0.25878313,1e-05,3.99038458,0.27718465
35925,0.27534535,0.27534533,1e-05,6.12383699,0.27722434
35930,0.2385819,0.2385819,1e-05,3.91022325,0.27726403
35935,0.32205272,0.32205272,1e-05,4.80089188,0.27730372
35940,0.26381388,0.26381388,1e-05,6.1233449,0.27734341
35945,0.25653958,0.25653958,1e-05,2.91788483,0.2773831
35950,0.26833613,0.26833613,1e-05,4.53232622,0.27742279
35955,0.25466471,0.25466471,1e-05,2.96900225,0.27746247
35960,0.27555599,0.27555602,1e-05,5.41389894,0.27750216
35965,0.26701593,0.26701593,1e-05,4.25560856,0.27754185
35970,0.29369826,0.29369829,1e-05,4.77371073,0.27758154
35975,0.30920372,0.30920372,1e-05,4.94702387,0.27762123
35980,0.27262979,0.27262981,1e-05,4.14850426,0.27766092
35985,0.27587087,0.2758709,1e-05,5.58914852,0.27770061
35990,0.25884306,0.25884309,1e-05,3.68743563,0.27774029
35995,0.30838299,0.30838299,1e-05,8.99365425,0.27777998
36000,0.27110901,0.27110903,1e-05,5.43166637,0.27781967
36005,0.28147013,0.28147016,1e-05,4.74458981,0.27785936
36010,0.26153009,0.26153011,1e-05,3.50701332,0.27789905
36015,0.30641172,0.3064117,1e-05,7.13672352,0.27793874
36020,0.31267653,0.3126765,1e-05,3.52415752,0.27797843
36025,0.29668105,0.29668107,1e-05,4.14223862,0.27801811
36030,0.30673299,0.30673294,1e-05,7.51192045,0.2780578
36035,0.28786402,0.28786402,1e-05,5.54772043,0.27809749
36040,0.28158298,0.28158302,1e-05,3.97195673,0.27813718
36045,0.30941682,0.30941677,1e-05,4.08440399,0.27817687
36050,0.32707982,0.3270798,1e-05,3.9716928,0.27821656
36055,0.30374322,0.30374322,1e-05,7.77842045,0.27825624
36060,0.2651165,0.26511652,1e-05,3.82399082,0.27829593
36065,0.34432807,0.33925714,1e-05,1.72778773,0.27833562
36070,0.33165216,0.31144508,1e-05,5.01625443,0.27837531
36075,0.25008738,0.25008738,1e-05,5.80352545,0.278415
36080,0.31429129,0.31429126,1e-05,4.25329351,0.27845469
36085,0.29008884,0.29008884,1e-05,4.89035273,0.27849438
36090,0.27200115,0.27200117,1e-05,3.43355775,0.27853406
36095,0.26413085,0.26413088,1e-05,3.8973217,0.27857375
36100,0.2729157,0.2729157,1e-05,9.49988174,0.27861344
36105,0.25520134,0.25520134,1e-05,6.81686306,0.27865313
36110,0.33767896,0.33767893,1e-05,4.68213654,0.27869282
36115,0.30580053,0.30580051,1e-05,2.92341042,0.27873251
36120,0.31129251,0.31129251,1e-05,5.67787266,0.2787722
36125,0.27845957,0.2784596,1e-05,3.62506342,0.27881188
36130,0.30288844,0.30288842,1e-05,5.29345179,0.27885157
36135,0.29209905,0.29209905,1e-05,3.87643409,0.27889126
36140,0.28900011,0.28900008,1e-05,3.98630643,0.27893095
36145,0.26102576,0.26102576,1e-05,3.4156611,0.27897064
36150,0.33633549,0.33633547,1e-05,6.81767988,0.27901033
36155,0.27452788,0.27452791,1e-05,3.28955436,0.27905002
36160,0.2865391,0.28653913,1e-05,4.10326958,0.2790897
36165,0.28978639,0.28978639,1e-05,6.37681246,0.27912939
36170,0.28568878,0.28568878,1e-05,5.66273689,0.27916908
36175,0.26356316,0.26356316,1e-05,3.86626363,0.27920877
36180,0.26429358,0.26429358,1e-05,4.96718264,0.27924846
36185,0.26533842,0.2653384,1e-05,6.63777494,0.27928815
36190,0.24323125,0.24323125,1e-05,3.88403535,0.27932784
36195,0.31940341,0.31940343,1e-05,3.87751961,0.27936752
36200,0.33418155,0.33418157,1e-05,4.45089912,0.27940721
36205,0.25542841,0.25542841,1e-05,3.44561815,0.2794469
36210,0.24864073,0.24864073,1e-05,5.82205677,0.27948659
36215,0.23043745,0.23043747,1e-05,4.34433699,0.27952628
36220,0.24412956,0.24412956,1e-05,4.43684196,0.27956597
36225,0.30123687,0.30123689,1e-05,4.81395292,0.27960565
36230,0.30199983,0.30199986,1e-05,3.39821506,0.27964534
36235,0.32050767,0.32050767,1e-05,4.30390835,0.27968503
36240,0.26101601,0.26101601,1e-05,4.34582663,0.27972472
36245,0.28135514,0.28135519,1e-05,5.70231485,0.27976441
36250,0.25406494,0.25406494,1e-05,6.01232624,0.2798041
36255,0.30950749,0.30950749,1e-05,5.04384756,0.27984379
36260,0.30197349,0.30197349,1e-05,3.64003468,0.27988347
36265,0.25619545,0.25619545,1e-05,4.75199223,0.27992316
36270,0.30195746,0.30195751,1e-05,4.14715195,0.27996285
36275,0.29802985,0.29802983,1e-05,4.2707324,0.28000254
36280,0.2763093,0.27630925,1e-05,4.0501976,0.28004223
36285,0.28740945,0.28740945,1e-05,5.4667449,0.28008192
36290,0.3034266,0.3034266,1e-05,4.33571672,0.28012161
36295,0.28402891,0.28402894,1e-05,8.35379028,0.28016129
36300,0.27129245,0.27129245,1e-05,6.06218958,0.28020098
36305,0.32888827,0.32888823,1e-05,4.98871422,0.28024067
36310,0.28809266,0.28809264,1e-05,4.8769455,0.28028036
36315,0.26344223,0.26344225,1e-05,4.96829844,0.28032005
36320,0.28497105,0.28497105,1e-05,5.68396711,0.28035974
36325,0.28105106,0.28105104,1e-05,3.16606665,0.28039943
36330,0.26764154,0.26764154,1e-05,5.77995539,0.28043911
36335,0.2949625,0.2949625,1e-05,3.88009787,0.2804788
36340,0.30447216,0.30447216,1e-05,3.99414754,0.28051849
36345,0.27803576,0.27803576,1e-05,5.65948772,0.28055818
36350,0.26268599,0.26268601,1e-05,3.40566969,0.28059787
36355,0.35767865,0.3576787,1e-05,5.34094,0.28063756
36360,0.28878074,0.28878071,1e-05,3.43757868,0.28067724
36365,0.26922345,0.26922345,1e-05,4.00216055,0.28071693
36370,0.27771111,0.27771111,1e-05,3.88049698,0.28075662
36375,0.32941117,0.32941117,1e-05,4.55187273,0.28079631
36380,0.35126946,0.34093433,1e-05,5.09075308,0.280836
36385,0.26395822,0.26395822,1e-05,4.23148632,0.28087569
36390,0.2613245,0.2613245,1e-05,6.47132158,0.28091538
36395,0.28938699,0.28938704,1e-05,4.76086617,0.28095506
36400,0.28661494,0.28661494,1e-05,4.20004606,0.28099475
36405,0.27398989,0.27398987,1e-05,3.81539917,0.28103444
36410,0.27128386,0.27128386,1e-05,4.74899626,0.28107413
36415,0.25941591,0.25941591,1e-05,4.72001696,0.28111382
36420,0.28567805,0.28567805,1e-05,31.64827728,0.28115351
36425,0.29903817,0.29903815,1e-05,4.69522333,0.2811932
36430,0.26402836,0.26402836,1e-05,3.31178856,0.28123288
36435,0.24518013,0.24518013,1e-05,4.68782187,0.28127257
36440,0.30506392,0.30506396,1e-05,4.55595398,0.28131226
36445,0.30197966,0.30197964,1e-05,4.41265106,0.28135195
36450,0.28786352,0.28786354,1e-05,3.93959427,0.28139164
36455,0.24604831,0.24604831,1e-05,3.74905467,0.28143133
36460,0.28556924,0.28556924,1e-05,3.35446978,0.28147102
36465,0.28865519,0.28865519,1e-05,4.51968002,0.2815107
36470,0.29266534,0.29266534,1e-05,3.95844841,0.28155039
36475,0.28154259,0.28154256,1e-05,4.81629562,0.28159008
36480,0.30195155,0.3019515,1e-05,4.22801781,0.28162977
36485,0.26146784,0.26146784,1e-05,4.00325632,0.28166946
36490,0.2987937,0.2987937,1e-05,6.47525787,0.28170915
36495,0.33720942,0.33720939,1e-05,3.76160383,0.28174884
36500,0.28109651,0.28109651,1e-05,7.5872097,0.28178852
36505,0.24574306,0.24574306,1e-05,4.06246853,0.28182821
36510,0.24568357,0.24568357,1e-05,4.83933163,0.2818679
36515,0.26217742,0.26217742,1e-05,8.96813679,0.28190759
36520,0.26158493,0.26158493,1e-05,4.89363861,0.28194728
36525,0.28508937,0.2850894,1e-05,4.14267921,0.28198697
36530,0.24660931,0.24660931,1e-05,5.51760149,0.28202665
36535,0.28973851,0.28973851,1e-05,4.13298082,0.28206634
36540,0.26948714,0.26948714,1e-05,4.52063894,0.28210603
36545,0.25885348,0.25885348,1e-05,4.92765856,0.28214572
36550,0.30826097,0.30826097,1e-05,4.74720526,0.28218541
36555,0.27697861,0.27697859,1e-05,6.08563852,0.2822251
36560,0.28546257,0.28546252,1e-05,3.25549674,0.28226479
36565,0.3639751,0.36397512,1e-05,8.21756458,0.28230447
36570,0.29098973,0.29098973,1e-05,6.1869173,0.28234416
36575,0.28824735,0.28824735,1e-05,4.88579845,0.28238385
36580,0.27150114,0.27150114,1e-05,4.51363945,0.28242354
36585,0.29266605,0.29266605,1e-05,4.82268381,0.28246323
36590,0.31337457,0.31337457,1e-05,3.95566797,0.28250292
36595,0.27574506,0.27574506,1e-05,5.6190505,0.28254261
36600,0.27063437,0.27063437,1e-05,4.50270128,0.28258229
36605,0.24971457,0.24971457,1e-05,4.58444595,0.28262198
36610,0.26551201,0.26551204,1e-05,3.06720209,0.28266167
36615,0.34455004,0.34455004,1e-05,3.90020943,0.28270136
36620,0.27460487,0.27460487,1e-05,4.4399085,0.28274105
36625,0.30313797,0.30313799,1e-05,3.76747131,0.28278074
36630,0.24918556,0.24918556,1e-05,4.44179916,0.28282043
36635,0.23194714,0.23194716,1e-05,4.4927454,0.28286011
36640,0.28421221,0.28421221,1e-05,3.39829779,0.2828998
36645,0.34313486,0.34313483,1e-05,5.25683594,0.28293949
36650,0.23408082,0.23408079,1e-05,5.43503189,0.28297918
36655,0.30268478,0.30268478,1e-05,4.24366093,0.28301887
36660,0.3150162,0.31501617,1e-05,3.99669409,0.28305856
36665,0.27774951,0.27774954,1e-05,3.4162147,0.28309824
36670,0.30132549,0.30132551,1e-05,4.85685444,0.28313793
36675,0.26098745,0.26098745,1e-05,3.95260143,0.28317762
36680,0.23138804,0.23138807,1e-05,4.27804089,0.28321731
36685,0.30726504,0.30726504,1e-05,5.23988867,0.283257
36690,0.254321,0.254321,1e-05,5.63697672,0.28329669
36695,0.3528728,0.3420087,1e-05,3.65494013,0.28333638
36700,0.27158628,0.27158628,1e-05,5.73421049,0.28337606
36705,0.29710305,0.29710302,1e-05,4.45934582,0.28341575
36710,0.25752954,0.25752957,1e-05,3.40347362,0.28345544
36715,0.27752185,0.27752185,1e-05,4.73566723,0.28349513
36720,0.27551272,0.27551274,1e-05,6.99526882,0.28353482
36725,0.30706999,0.30706999,1e-05,3.85623908,0.28357451
36730,0.27531705,0.27531707,1e-05,5.09704161,0.2836142
36735,0.2964828,0.2964828,1e-05,7.55965567,0.28365388
36740,0.25855083,0.25855083,1e-05,4.8532691,0.28369357
36745,0.34367533,0.34367533,1e-05,5.03859711,0.28373326
36750,0.27570062,0.27570062,1e-05,7.77752018,0.28377295
36755,0.2787333,0.27873328,1e-05,3.95252752,0.28381264
36760,0.23343804,0.23343804,1e-05,3.93975067,0.28385233
36765,0.29243505,0.29243505,1e-05,4.54207087,0.28389202
36770,0.28871078,0.28871078,1e-05,8.48377514,0.2839317
36775,0.26203752,0.26203752,1e-05,3.29442692,0.28397139
36780,0.33177299,0.33177299,1e-05,4.39367771,0.28401108
36785,0.27537069,0.27537069,1e-05,5.37095022,0.28405077
36790,0.26037793,0.26037793,1e-05,5.22713709,0.28409046
36795,0.30429635,0.3042964,1e-05,4.64347792,0.28413015
36800,0.29747844,0.29747844,1e-05,5.5646534,0.28416984
36805,0.26243262,0.26243262,1e-05,3.63237762,0.28420952
36810,0.24660902,0.246609,1e-05,4.26742363,0.28424921
36815,0.28500352,0.28500352,1e-05,4.26283741,0.2842889
36820,0.28877139,0.28877134,1e-05,4.10226679,0.28432859
36825,0.30066924,0.30066924,1e-05,7.07661629,0.28436828
36830,0.37623043,0.37623045,1e-05,8.92832661,0.28440797
36835,0.3193655,0.31936553,1e-05,4.76809597,0.28444765
36840,0.26324592,0.26324592,1e-05,3.65761089,0.28448734
36845,0.32452278,0.32452278,1e-05,4.04522276,0.28452703
36850,0.32268429,0.32268426,1e-05,6.33328199,0.28456672
36855,0.25709698,0.25709698,1e-05,4.52440119,0.28460641
36860,0.28659377,0.28659377,1e-05,4.38442612,0.2846461
36865,0.2823894,0.28238938,1e-05,4.94539356,0.28468579
36870,0.29791629,0.29791629,1e-05,5.1496253,0.28472547
36875,0.27467198,0.27467203,1e-05,6.27692366,0.28476516
36880,0.31733832,0.3173383,1e-05,11.50004673,0.28480485
36885,0.27403383,0.27403386,1e-05,3.61607385,0.28484454
36890,0.25759556,0.25759559,1e-05,4.05477476,0.28488423
36895,0.26811259,0.26811256,1e-05,4.33315897,0.28492392
36900,0.23368556,0.23368556,1e-05,4.12802839,0.28496361
36905,0.22917674,0.22917676,1e-05,4.91052818,0.28500329
36910,0.34266851,0.34266849,1e-05,6.28483677,0.28504298
36915,0.21038554,0.21038551,1e-05,3.36758494,0.28508267
36920,0.32847276,0.32847276,1e-05,4.31640148,0.28512236
36925,0.29294987,0.29294987,1e-05,5.3861022,0.28516205
36930,0.32107944,0.32107944,1e-05,6.0656929,0.28520174
36935,0.30608473,0.30608473,1e-05,9.11552334,0.28524143
36940,0.31993732,0.31993732,1e-05,4.34683657,0.28528111
36945,0.26559618,0.2655962,1e-05,3.37503219,0.2853208
36950,0.31039162,0.31039162,1e-05,4.53626394,0.28536049
36955,0.28860474,0.28860474,1e-05,4.54923916,0.28540018
36960,0.34364557,0.34364557,1e-05,5.0098753,0.28543987
36965,0.30908217,0.30908213,1e-05,4.73752928,0.28547956
36970,0.29762983,0.29762981,1e-05,5.01005363,0.28551924
36975,0.26179032,0.26179032,1e-05,3.38046455,0.28555893
36980,0.30591261,0.30591264,1e-05,3.16886544,0.28559862
36985,0.26645627,0.26645627,1e-05,4.78502274,0.28563831
36990,0.31083541,0.31083541,1e-05,7.7258234,0.285678
36995,0.27945504,0.27945507,1e-05,7.54008436,0.28571769
37000,0.29314907,0.29314907,1e-05,5.4892478,0.28575738
37005,0.36408107,0.35059375,1e-05,2.59774566,0.28579706
37010,0.25338593,0.25338593,1e-05,3.50503731,0.28583675
37015,0.2861557,0.28615568,1e-05,3.34876132,0.28587644
37020,0.2348803,0.23488028,1e-05,3.92898726,0.28591613
37025,0.28495317,0.28495317,1e-05,6.70730925,0.28595582
37030,0.29071479,0.29071479,1e-05,5.1879034,0.28599551
37035,0.31497877,0.31497879,1e-05,4.91688013,0.2860352
37040,0.25802636,0.25802634,1e-05,2.93201852,0.28607488
37045,0.30080819,0.30080819,1e-05,4.52020454,0.28611457
37050,0.28622513,0.28622513,1e-05,4.25724602,0.28615426
37055,0.25121527,0.25121527,1e-05,4.07998133,0.28619395
37060,0.32136817,0.32136817,1e-05,4.44497108,0.28623364
37065,0.27709129,0.27709126,1e-05,6.75477552,0.28627333
37070,0.2525142,0.25251422,1e-05,3.85288382,0.28631302
37075,0.25751202,0.257512,1e-05,6.04182434,0.2863527
37080,0.31736121,0.31736121,1e-05,10.01271152,0.28639239
37085,0.34407251,0.34407251,1e-05,5.9843936,0.28643208
37090,0.25604222,0.25604222,1e-05,4.00579739,0.28647177
37095,0.32777195,0.327772,1e-05,4.93647814,0.28651146
37100,0.2955142,0.2955142,1e-05,4.86030674,0.28655115
37105,0.31718369,0.31718369,1e-05,4.17155123,0.28659084
37110,0.26858056,0.26858056,1e-05,5.60714293,0.28663052
37115,0.2700243,0.2700243,1e-05,4.58841705,0.28667021
37120,0.28119934,0.28119936,1e-05,6.14292717,0.2867099
37125,0.27682967,0.27682965,1e-05,3.89225769,0.28674959
37130,0.30048218,0.30048218,1e-05,6.13890934,0.28678928
37135,0.27963951,0.27963951,1e-05,6.87058401,0.28682897
37140,0.30537829,0.30537834,1e-05,3.40873742,0.28686865
37145,0.29809284,0.29809284,1e-05,4.61138725,0.28690834
37150,0.23004606,0.23004606,1e-05,3.96846485,0.28694803
37155,0.29478345,0.29478345,1e-05,4.65536022,0.28698772
37160,0.31114678,0.31114678,1e-05,4.36608934,0.28702741
37165,0.35174124,0.35174127,1e-05,5.708076,0.2870671
37170,0.29756873,0.29756875,1e-05,4.30141973,0.28710679
37175,0.26793275,0.26793275,1e-05,4.39889717,0.28714647
37180,0.27113283,0.27113285,1e-05,4.3557992,0.28718616
37185,0.26634283,0.26634283,1e-05,4.16425991,0.28722585
37190,0.26116562,0.2611656,1e-05,5.20433664,0.28726554
37195,0.29451392,0.29451394,1e-05,4.89614391,0.28730523
37200,0.29873219,0.29873221,1e-05,14.1759901,0.28734492
37205,0.29530363,0.29530361,1e-05,4.37107515,0.28738461
37210,0.32608018,0.32608018,1e-05,4.66658163,0.28742429
37215,0.26753449,0.26753449,1e-05,5.29204798,0.28746398
37220,0.30504994,0.30504994,1e-05,9.33388042,0.28750367
37225,0.29599755,0.29599755,1e-05,4.34220505,0.28754336
37230,0.27183456,0.27183454,1e-05,4.01209879,0.28758305
37235,0.24772372,0.24772367,1e-05,3.83218455,0.28762274
37240,0.32932031,0.32932034,1e-05,4.18042183,0.28766243
37245,0.27678008,0.27678008,1e-05,2.95950031,0.28770211
37250,0.27036972,0.27036972,1e-05,3.95935655,0.2877418
37255,0.32315924,0.32315927,1e-05,4.83948612,0.28778149
37260,0.32557573,0.32557571,1e-05,7.04841709,0.28782118
37265,0.32007418,0.32007418,1e-05,7.66062832,0.28786087
37270,0.25807519,0.25807517,1e-05,4.69165421,0.28790056
37275,0.2747436,0.2747436,1e-05,4.35848379,0.28794024
37280,0.27707994,0.27707994,1e-05,5.77746391,0.28797993
37285,0.29519587,0.29519587,1e-05,4.74093676,0.28801962
37290,0.29726858,0.29726858,1e-05,3.62189245,0.28805931
37295,0.28965728,0.28965726,1e-05,41.80644989,0.288099
37300,0.32996504,0.32996507,1e-05,13.10234737,0.28813869
37305,0.26941888,0.26941886,1e-05,4.98380661,0.28817838
37310,0.26141303,0.261413,1e-05,5.52821445,0.28821806
37315,0.27862105,0.27862103,1e-05,4.51727057,0.28825775
37320,0.32140603,0.29997371,1e-05,4.53468227,0.28829744
37325,0.26871789,0.26871791,1e-05,3.78480339,0.28833713
37330,0.26945438,0.26945438,1e-05,5.20197582,0.28837682
37335,0.33383682,0.33383682,1e-05,4.84889603,0.28841651
37340,0.28138301,0.28138301,1e-05,5.11820412,0.2884562
37345,0.27546196,0.27546191,1e-05,3.26424074,0.28849588
37350,0.27302167,0.27302165,1e-05,4.25674772,0.28853557
37355,0.26182241,0.26182241,1e-05,5.98101997,0.28857526
37360,0.2738867,0.2738867,1e-05,5.04158783,0.28861495
37365,0.27834454,0.27834454,1e-05,5.32548904,0.28865464
37370,0.30643296,0.30643296,1e-05,4.83671427,0.28869433
37375,0.26818888,0.26818891,1e-05,5.04126406,0.28873402
37380,0.29156146,0.29156148,1e-05,4.90097094,0.2887737
37385,0.28900836,0.28900838,1e-05,4.06292915,0.28881339
37390,0.2272316,0.2272316,1e-05,4.192379,0.28885308
37395,0.3646286,0.3646286,1e-05,5.08373594,0.28889277
37400,0.30919237,0.3091924,1e-05,4.20429087,0.28893246
37405,0.26251144,0.26251144,1e-05,7.11466599,0.28897215
37410,0.24860921,0.24860921,1e-05,2.96479583,0.28901184
37415,0.32095687,0.32095687,1e-05,4.55510712,0.28905152
37420,0.2614264,0.2614264,1e-05,6.44436073,0.28909121
37425,0.30457625,0.30457625,1e-05,5.2756815,0.2891309
37430,0.31545749,0.31545749,1e-05,5.61635733,0.28917059
37435,0.30439816,0.30439816,1e-05,7.70503187,0.28921028
37440,0.25687432,0.25687432,1e-05,3.84233856,0.28924997
37445,0.30152402,0.30152402,1e-05,5.95741558,0.28928965
37450,0.29288149,0.29288149,1e-05,3.27141547,0.28932934
37455,0.23715849,0.23715849,1e-05,3.8161273,0.28936903
37460,0.2889019,0.2889019,1e-05,5.26303291,0.28940872
37465,0.30248408,0.30248408,1e-05,5.57681227,0.28944841
37470,0.26212687,0.26212687,1e-05,4.39717007,0.2894881
37475,0.29582016,0.29582019,1e-05,4.35172272,0.28952779
37480,0.32726073,0.32726071,1e-05,3.8108623,0.28956747
37485,0.34817066,0.34817061,1e-05,4.59357119,0.28960716
37490,0.25811887,0.25811882,1e-05,23.88935852,0.28964685
37495,0.34371305,0.34371305,1e-05,4.30588627,0.28968654
37500,0.23744364,0.23744364,1e-05,5.20169687,0.28972623
37505,0.26198163,0.26198161,1e-05,2.55487156,0.28976592
37510,0.32350693,0.32350693,1e-05,5.64344788,0.28980561
37515,0.29707384,0.29707382,1e-05,6.01736212,0.28984529
37520,0.32445412,0.32445414,1e-05,6.58679152,0.28988498
37525,0.27818146,0.27818146,1e-05,5.08730221,0.28992467
37530,0.26717777,0.26717777,1e-05,4.21041584,0.28996436
37535,0.31824486,0.31824489,1e-05,5.65079403,0.29000405
37540,0.27605619,0.27605619,1e-05,4.60712767,0.29004374
37545,0.27464097,0.27464097,1e-05,4.94784164,0.29008343
37550,0.2881391,0.28813908,1e-05,5.01482487,0.29012311
37555,0.30235202,0.30235205,1e-05,4.03050137,0.2901628
37560,0.21637578,0.21637578,1e-05,3.29531431,0.29020249
37565,0.25747046,0.25747046,1e-05,5.1597147,0.29024218
37570,0.31314383,0.31314383,1e-05,5.30145597,0.29028187
37575,0.26935387,0.26935391,1e-05,8.28187752,0.29032156
37580,0.3214695,0.32146952,1e-05,5.27341223,0.29036124
37585,0.28949103,0.28949103,1e-05,4.24110556,0.29040093
37590,0.27189317,0.27189319,1e-05,5.36081266,0.29044062
37595,0.31702886,0.31702886,1e-05,5.44802809,0.29048031
37600,0.29603167,0.29603162,1e-05,3.27991676,0.29052
37605,0.27456293,0.27456293,1e-05,3.67121983,0.29055969
37610,0.29405427,0.29405427,1e-05,4.51490784,0.29059938
37615,0.24559011,0.24559011,1e-05,2.94125152,0.29063906
37620,0.29028292,0.29028294,1e-05,4.08897209,0.29067875
37625,0.27246127,0.27246127,1e-05,4.46374464,0.29071844
37630,0.28952332,0.28892927,1e-05,2.61877728,0.29075813
37635,0.35065188,0.30923191,1e-05,5.89960432,0.29079782
37640,0.28674319,0.28674316,1e-05,3.76883411,0.29083751
37645,0.23662562,0.23662562,1e-05,5.22898483,0.2908772
37650,0.30360894,0.30360897,1e-05,3.98458934,0.29091688
37655,0.27896452,0.27896452,1e-05,5.67618513,0.29095657
37660,0.29938073,0.29938073,1e-05,4.09331846,0.29099626
37665,0.2757884,0.27578843,1e-05,4.6771512,0.29103595
37670,0.29775634,0.29775634,1e-05,4.45167685,0.29107564
37675,0.31238992,0.3123899,1e-05,4.67301083,0.29111533
37680,0.23974328,0.23974328,1e-05,4.08885384,0.29115502
37685,0.27426076,0.27426076,1e-05,3.97260976,0.2911947
37690,0.25759258,0.25759258,1e-05,3.38043451,0.29123439
37695,0.23828707,0.23828704,1e-05,4.58914185,0.29127408
37700,0.30968292,0.30968294,1e-05,4.33989477,0.29131377
37705,0.27525077,0.27525079,1e-05,5.13240051,0.29135346
37710,0.32263374,0.32263374,1e-05,5.31369638,0.29139315
37715,0.26991396,0.26991396,1e-05,4.36584711,0.29143284
37720,0.24540431,0.24540434,1e-05,3.61288023,0.29147252
37725,0.2586731,0.2586731,1e-05,4.49929142,0.29151221
37730,0.27784574,0.27784576,1e-05,4.28278399,0.2915519
37735,0.28600225,0.28600228,1e-05,3.66461873,0.29159159
37740,0.32423501,0.32423506,1e-05,5.36254072,0.29163128
37745,0.2663928,0.2663928,1e-05,3.09688067,0.29167097
37750,0.28339238,0.28339238,1e-05,6.62788391,0.29171065
37755,0.25357256,0.25357258,1e-05,7.51656914,0.29175034
37760,0.27660856,0.27660856,1e-05,3.917485,0.29179003
37765,0.2423666,0.24236658,1e-05,3.47091174,0.29182972
37770,0.27367582,0.27367582,1e-05,5.02332449,0.29186941
37775,0.3021297,0.30212972,1e-05,6.13322735,0.2919091
37780,0.28024583,0.28024583,1e-05,5.54302168,0.29194879
37785,0.37325439,0.37325435,1e-05,4.92391682,0.29198847
37790,0.25973554,0.25973554,1e-05,4.34400368,0.29202816
37795,0.26101375,0.26101375,1e-05,7.72438765,0.29206785
37800,0.29200218,0.2920022,1e-05,4.9863205,0.29210754
37805,0.25622759,0.25622759,1e-05,5.17180634,0.29214723
37810,0.32544403,0.32544405,1e-05,8.29904079,0.29218692
37815,0.25827973,0.25827973,1e-05,4.74995613,0.29222661
37820,0.32456083,0.32456083,1e-05,6.43011236,0.29226629
37825,0.29792752,0.29792752,1e-05,5.21386385,0.29230598
37830,0.27480793,0.27480793,1e-05,4.13305902,0.29234567
37835,0.24167895,0.24167893,1e-05,3.95725441,0.29238536
37840,0.2796061,0.2796061,1e-05,7.18411398,0.29242505
37845,0.3354538,0.3354538,1e-05,3.37858748,0.29246474
37850,0.27166877,0.27166877,1e-05,7.74339581,0.29250443
37855,0.34187171,0.34187174,1e-05,3.97497869,0.29254411
37860,0.2189034,0.21890342,1e-05,5.77550316,0.2925838
37865,0.30581565,0.30581567,1e-05,4.72433472,0.29262349
37870,0.24327426,0.24327428,1e-05,3.65568304,0.29266318
37875,0.22880552,0.22880552,1e-05,2.61070347,0.29270287
37880,0.25701129,0.25701129,1e-05,4.37558889,0.29274256
37885,0.29139831,0.29139829,1e-05,4.97537708,0.29278224
37890,0.26874843,0.26874845,1e-05,4.57634735,0.29282193
37895,0.29475513,0.29475513,1e-05,4.83277941,0.29286162
37900,0.25471849,0.25471852,1e-05,3.89129114,0.29290131
37905,0.3114162,0.3114162,1e-05,3.07560444,0.292941
37910,0.31589067,0.31589069,1e-05,3.87745047,0.29298069
37915,0.2561152,0.2561152,1e-05,4.0669589,0.29302038
37920,0.29277475,0.29277477,1e-05,4.12589836,0.29306006
37925,0.26311483,0.26311483,1e-05,3.14303565,0.29309975
37930,0.27920537,0.27920539,1e-05,4.8775382,0.29313944
37935,0.3027051,0.3027051,1e-05,4.94832182,0.29317913
37940,0.28810439,0.28810439,1e-05,5.4649663,0.29321882
37945,0.37178738,0.35892576,1e-05,4.35995579,0.29325851
37950,0.27621274,0.27621274,1e-05,4.21211815,0.2932982
37955,0.29775567,0.29775567,1e-05,4.71120405,0.29333788
37960,0.29637842,0.29637842,1e-05,4.61544466,0.29337757
37965,0.26005721,0.26005721,1e-05,5.27135944,0.29341726
37970,0.27819257,0.27819257,1e-05,4.30835724,0.29345695
37975,0.2940331,0.2940331,1e-05,3.87489533,0.29349664
37980,0.30794032,0.30794032,1e-05,5.44825745,0.29353633
37985,0.33622932,0.3362293,1e-05,4.83828735,0.29357602
37990,0.2532346,0.25323458,1e-05,9.0896759,0.2936157
37995,0.34531164,0.34531167,1e-05,6.72071314,0.29365539
38000,0.26580634,0.26580639,1e-05,5.06109285,0.29369508
38005,0.27193727,0.27193727,1e-05,4.34058666,0.29373477
38010,0.27436404,0.27436404,1e-05,5.04491377,0.29377446
38015,0.30585217,0.30585217,1e-05,5.40517998,0.29381415
38020,0.3161263,0.3161263,1e-05,6.6517787,0.29385384
38025,0.2652745,0.26527448,1e-05,4.47626114,0.29389352
38030,0.24778018,0.24778018,1e-05,2.89815855,0.29393321
38035,0.25520363,0.25520363,1e-05,3.70563221,0.2939729
38040,0.34273071,0.34273071,1e-05,5.48120165,0.29401259
38045,0.24561372,0.24561372,1e-05,5.29167366,0.29405228
38050,0.23832254,0.23832254,1e-05,6.08594656,0.29409197
38055,0.30554883,0.30554883,1e-05,3.73633623,0.29413165
38060,0.29133835,0.29133835,1e-05,3.97578955,0.29417134
38065,0.29650812,0.29650812,1e-05,6.92686224,0.29421103
38070,0.27239475,0.27239475,1e-05,4.31269836,0.29425072
38075,0.28525381,0.28525381,1e-05,6.27703524,0.29429041
38080,0.2760705,0.2760705,1e-05,3.93044829,0.2943301
38085,0.26492243,0.26492243,1e-05,5.6143527,0.29436979
38090,0.25795226,0.25795228,1e-05,5.07752895,0.29440947
38095,0.33321581,0.33321579,1e-05,6.08183718,0.29444916
38100,0.32607462,0.32607462,1e-05,4.61890602,0.29448885
38105,0.29091835,0.29091837,1e-05,4.83892488,0.29452854
38110,0.26127577,0.26127577,1e-05,4.21599674,0.29456823
38115,0.24340749,0.24340749,1e-05,5.72906685,0.29460792
38120,0.29440002,0.29440002,1e-05,8.2457304,0.29464761
38125,0.31049294,0.31049294,1e-05,3.16701221,0.29468729
38130,0.26186604,0.261866,1e-05,6.63922834,0.29472698
38135,0.25653219,0.25653219,1e-05,6.26367998,0.29476667
38140,0.26970425,0.26970425,1e-05,5.18208551,0.29480636
38145,0.21264992,0.21264992,1e-05,3.49999952,0.29484605
38150,0.25398474,0.25398479,1e-05,5.01308727,0.29488574
38155,0.31148639,0.31148639,1e-05,3.10930538,0.29492543
38160,0.28116748,0.28116751,1e-05,4.54926586,0.29496511
38165,0.27195568,0.27195568,1e-05,4.53660154,0.2950048
38170,0.31664786,0.31664791,1e-05,4.87130976,0.29504449
38175,0.28539381,0.28539381,1e-05,5.75527954,0.29508418
38180,0.28299561,0.28299561,1e-05,7.97862196,0.29512387
38185,0.27177625,0.27177625,1e-05,4.28665733,0.29516356
38190,0.27946477,0.27946475,1e-05,4.40773535,0.29520324
38195,0.23832817,0.23832817,1e-05,3.09547305,0.29524293
38200,0.33721426,0.33721428,1e-05,6.24433374,0.29528262
38205,0.22699456,0.22699456,1e-05,4.88074732,0.29532231
38210,0.29735055,0.29735055,1e-05,4.32604265,0.295362
38215,0.31379838,0.31379836,1e-05,3.90461373,0.29540169
38220,0.27421646,0.27421644,1e-05,4.82376051,0.29544138
38225,0.29233122,0.29233122,1e-05,3.75728297,0.29548106
38230,0.3072679,0.30726788,1e-05,5.93654537,0.29552075
38235,0.31644616,0.31644619,1e-05,5.90674019,0.29556044
38240,0.29364169,0.29364171,1e-05,3.49776936,0.29560013
38245,0.2666872,0.26668718,1e-05,3.98438549,0.29563982
38250,0.27261882,0.27261884,1e-05,7.66355944,0.29567951
38255,0.24909596,0.24909599,1e-05,2.65263343,0.2957192
38260,0.33003137,0.31489664,1e-05,5.44860601,0.29575888
38265,0.19822178,0.19822178,1e-05,3.31600833,0.29579857
38270,0.31137476,0.31137474,1e-05,4.89285564,0.29583826
38275,0.29221158,0.29221158,1e-05,4.95581293,0.29587795
38280,0.25675502,0.25675502,1e-05,4.99699783,0.29591764
38285,0.25610886,0.25610886,1e-05,4.41235209,0.29595733
38290,0.30077076,0.30077074,1e-05,7.79128933,0.29599702
38295,0.30734286,0.30734286,1e-05,4.71786308,0.2960367
38300,0.24642186,0.24642186,1e-05,3.24802065,0.29607639
38305,0.2727282,0.27272818,1e-05,3.50558162,0.29611608
38310,0.25639155,0.25639155,1e-05,3.52913666,0.29615577
38315,0.28245001,0.28245001,1e-05,4.6628623,0.29619546
38320,0.2814115,0.2814115,1e-05,3.88985252,0.29623515
38325,0.2268492,0.2268492,1e-05,4.4154892,0.29627484
38330,0.26914663,0.26914663,1e-05,3.54338884,0.29631452
38335,0.28419206,0.28419209,1e-05,4.40506601,0.29635421
38340,0.31887565,0.31887565,1e-05,4.72913599,0.2963939
38345,0.27299862,0.27299862,1e-05,4.511168,0.29643359
38350,0.2917697,0.2917697,1e-05,5.86139297,0.29647328
38355,0.28331881,0.28331883,1e-05,5.71899939,0.29651297
38360,0.27538218,0.27538221,1e-05,8.21754551,0.29655265
38365,0.30818102,0.30818102,1e-05,2.89055467,0.29659234
38370,0.26206555,0.26206555,1e-05,4.7762351,0.29663203
38375,0.28096385,0.28096383,1e-05,3.5290885,0.29667172
38380,0.27081931,0.27081928,1e-05,3.24693012,0.29671141
38385,0.31841664,0.31841664,1e-05,3.57961702,0.2967511
38390,0.32546353,0.32546353,1e-05,5.84991837,0.29679079
38395,0.27978592,0.27978592,1e-05,6.0915103,0.29683047
38400,0.31096926,0.31096926,1e-05,27.01632309,0.29687016
38405,0.31285214,0.3128521,1e-05,4.43727875,0.29690985
38410,0.25307159,0.25307159,1e-05,6.47643805,0.29694954
38415,0.27434235,0.27434239,1e-05,5.21653414,0.29698923
38420,0.3329859,0.33298593,1e-05,8.82531738,0.29702892
38425,0.31470094,0.31470094,1e-05,6.34566784,0.29706861
38430,0.27828851,0.27828853,1e-05,4.33048964,0.29710829
38435,0.30814385,0.30814385,1e-05,5.78659439,0.29714798
38440,0.26296601,0.26296601,1e-05,4.53641224,0.29718767
38445,0.24989991,0.24989991,1e-05,5.36585379,0.29722736
38450,0.22635674,0.22635674,1e-05,3.86327696,0.29726705
38455,0.24435709,0.24435709,1e-05,6.12580872,0.29730674
38460,0.27709923,0.27709925,1e-05,4.26404762,0.29734643
38465,0.28770795,0.28770792,1e-05,3.22759008,0.29738611
38470,0.22836924,0.22836926,1e-05,3.39782953,0.2974258
38475,0.29124827,0.29124827,1e-05,5.11145592,0.29746549
38480,0.25310066,0.25310066,1e-05,3.12685251,0.29750518
38485,0.2886878,0.2886878,1e-05,4.31368685,0.29754487
38490,0.24097011,0.24097011,1e-05,3.84400296,0.29758456
38495,0.3247735,0.32477348,1e-05,4.54687929,0.29762424
38500,0.29502826,0.29502826,1e-05,5.56629896,0.29766393
38505,0.26939518,0.26939516,1e-05,4.05422163,0.29770362
38510,0.32471709,0.32471709,1e-05,4.70496988,0.29774331
38515,0.27138391,0.27138393,1e-05,5.19732666,0.297783
38520,0.30182178,0.30182178,1e-05,5.43770504,0.29782269
38525,0.27979493,0.27979493,1e-05,5.40603065,0.29786238
38530,0.33925192,0.3392519,1e-05,6.66429472,0.29790206
38535,0.26774158,0.26774158,1e-05,3.36409068,0.29794175
38540,0.25527251,0.25527253,1e-05,3.81079698,0.29798144
38545,0.28610878,0.28610883,1e-05,5.46458769,0.29802113
38550,0.31469941,0.31469941,1e-05,5.91640091,0.29806082
38555,0.2762969,0.2762969,1e-05,4.14725065,0.29810051
38560,0.25409586,0.25409584,1e-05,3.98332524,0.2981402
38565,0.27144399,0.27144399,1e-05,3.70068669,0.29817988
38570,0.32724316,0.3104953,1e-05,1.74374712,0.29821957
38575,0.28942368,0.28971194,1e-05,3.61813807,0.29825926
38580,0.31447258,0.31447258,1e-05,7.06091213,0.29829895
38585,0.29749207,0.29749207,1e-05,4.91205597,0.29833864
38590,0.24861722,0.24861722,1e-05,4.04564428,0.29837833
38595,0.27709994,0.27709994,1e-05,3.32999158,0.29841802
38600,0.32235694,0.32235694,1e-05,8.503829,0.2984577
38605,0.28759632,0.2875963,1e-05,3.97404861,0.29849739
38610,0.26713462,0.26713462,1e-05,4.75193882,0.29853708
38615,0.30769987,0.30769987,1e-05,5.13425875,0.29857677
38620,0.31795135,0.31795135,1e-05,4.44420385,0.29861646
38625,0.25794821,0.25794821,1e-05,4.47310781,0.29865615
38630,0.29068632,0.29068632,1e-05,4.91833735,0.29869584
38635,0.30185103,0.30185103,1e-05,5.17917633,0.29873552
38640,0.25499368,0.25499368,1e-05,4.34023809,0.29877521
38645,0.3299022,0.3299022,1e-05,5.72925138,0.2988149
38650,0.28129473,0.28129473,1e-05,5.24060488,0.29885459
38655,0.26185098,0.261851,1e-05,4.13794899,0.29889428
38660,0.26090755,0.26090755,1e-05,6.232512,0.29893397
38665,0.28509045,0.28509045,1e-05,6.01616478,0.29897365
38670,0.25759768,0.25759768,1e-05,4.8893981,0.29901334
38675,0.28565836,0.28565836,1e-05,3.84222198,0.29905303
38680,0.27065544,0.27065544,1e-05,6.53631735,0.29909272
38685,0.30104618,0.3010462,1e-05,5.19445181,0.29913241
38690,0.28072414,0.28072417,1e-05,3.47463799,0.2991721
38695,0.27254102,0.272541,1e-05,4.2666564,0.29921179
38700,0.28600769,0.28600771,1e-05,4.31031275,0.29925147
38705,0.30996897,0.30996897,1e-05,3.44384933,0.29929116
38710,0.30767717,0.30767717,1e-05,4.88630724,0.29933085
38715,0.27981122,0.27981122,1e-05,4.05111742,0.29937054
38720,0.31024675,0.31024675,1e-05,2.46644163,0.29941023
38725,0.26671073,0.26671071,1e-05,4.78256845,0.29944992
38730,0.27545638,0.27545638,1e-05,6.32492352,0.29948961
38735,0.29086561,0.29086561,1e-05,4.90384674,0.29952929
38740,0.26723781,0.26723783,1e-05,3.75229287,0.29956898
38745,0.26925666,0.26925666,1e-05,3.52686667,0.29960867
38750,0.27622745,0.27622745,1e-05,4.42687082,0.29964836
38755,0.25640771,0.25640774,1e-05,5.25718403,0.29968805
38760,0.28684142,0.28684144,1e-05,3.99959564,0.29972774
38765,0.25390484,0.25390482,1e-05,4.23449612,0.29976743
38770,0.28349049,0.28349051,1e-05,4.13689899,0.29980711
38775,0.26385527,0.26385524,1e-05,3.85430813,0.2998468
38780,0.31166401,0.31166406,1e-05,4.83948803,0.29988649
38785,0.31043861,0.31043859,1e-05,4.94819593,0.29992618
38790,0.3555331,0.35553312,1e-05,3.95925999,0.29996587
38795,0.22628088,0.22628088,1e-05,5.81049109,0.30000556
38800,0.28337603,0.28337603,1e-05,6.4784112,0.30004524
38805,0.24797668,0.24797668,1e-05,4.82258224,0.30008493
38810,0.36018209,0.36018209,1e-05,6.02598381,0.30012462
38815,0.31531534,0.31531534,1e-05,4.31129885,0.30016431
38820,0.32038169,0.32038167,1e-05,7.23879099,0.300204
38825,0.27901275,0.27901278,1e-05,7.04412651,0.30024369
38830,0.2818485,0.2818485,1e-05,5.6118331,0.30028338
38835,0.29760871,0.29760869,1e-05,13.4958086,0.30032306
38840,0.27622209,0.27622206,1e-05,5.34602261,0.30036275
38845,0.30805016,0.30805016,1e-05,4.46973276,0.30040244
38850,0.25180378,0.25180378,1e-05,4.72810268,0.30044213
38855,0.26307955,0.26307957,1e-05,5.5027256,0.30048182
38860,0.35512214,0.35512209,1e-05,3.65542054,0.30052151
38865,0.23571017,0.23571017,1e-05,5.68173361,0.3005612
38870,0.32758675,0.32758675,1e-05,5.34815073,0.30060088
38875,0.25981245,0.25981245,1e-05,2.74624419,0.30064057
38880,0.30339785,0.30339785,1e-05,4.52550077,0.30068026
38885,0.36481242,0.35845757,1e-05,3.89247227,0.30071995
38890,0.27207108,0.27207108,1e-05,5.26276064,0.30075964
38895,0.3042872,0.30428724,1e-05,4.48884392,0.30079933
38900,0.2561974,0.2561974,1e-05,3.93688846,0.30083902
38905,0.33679461,0.33679461,1e-05,4.48814201,0.3008787
38910,0.32285361,0.32285364,1e-05,5.20485067,0.30091839
38915,0.31005399,0.31005397,1e-05,5.46952724,0.30095808
38920,0.27796149,0.27796149,1e-05,6.15803194,0.30099777
38925,0.29729853,0.29729853,1e-05,5.14010382,0.30103746
38930,0.3073071,0.3073071,1e-05,4.86253309,0.30107715
38935,0.34748988,0.34748988,1e-05,4.85729218,0.30111684
38940,0.27258778,0.27258778,1e-05,4.20749426,0.30115652
38945,0.29437876,0.29437876,1e-05,5.88255119,0.30119621
38950,0.27550437,0.27550435,1e-05,3.74569917,0.3012359
38955,0.29174094,0.29174094,1e-05,6.33269644,0.30127559
38960,0.29524846,0.29524846,1e-05,4.78468132,0.30131528
38965,0.2722877,0.2722877,1e-05,3.45247889,0.30135497
38970,0.23071723,0.23071723,1e-05,5.34712362,0.30139465
38975,0.26307416,0.26307416,1e-05,4.41187382,0.30143434
38980,0.32347465,0.32347469,1e-05,4.485291,0.30147403
38985,0.30619435,0.30619435,1e-05,5.12469673,0.30151372
38990,0.26102171,0.26102173,1e-05,3.24776793,0.30155341
38995,0.31793137,0.31793139,1e-05,4.41348743,0.3015931
39000,0.30919576,0.30919576,1e-05,4.32266188,0.30163279
39005,0.32592382,0.32592382,1e-05,5.29495335,0.30167247
39010,0.36179068,0.3617907,1e-05,4.56165838,0.30171216
39015,0.2618578,0.26185782,1e-05,3.80279374,0.30175185
39020,0.31925664,0.31925664,1e-05,4.91939688,0.30179154
39025,0.26431484,0.26431484,1e-05,3.81850243,0.30183123
39030,0.27146096,0.27146096,1e-05,4.41760492,0.30187092
39035,0.31555719,0.31555719,1e-05,6.08221817,0.30191061
39040,0.25736747,0.25736747,1e-05,4.13277388,0.30195029
39045,0.28100061,0.28100061,1e-05,4.9689126,0.30198998
39050,0.30416155,0.3041615,1e-05,3.70063996,0.30202967
39055,0.24649742,0.24649739,1e-05,4.40882826,0.30206936
39060,0.32620592,0.32620592,1e-05,4.7341671,0.30210905
39065,0.2997057,0.2997057,1e-05,5.57183504,0.30214874
39070,0.25450292,0.25450292,1e-05,5.76305532,0.30218843
39075,0.32651019,0.32651019,1e-05,5.78541136,0.30222811
39080,0.23638721,0.23638721,1e-05,4.83640814,0.3022678
39085,0.31107836,0.31107841,1e-05,6.02263546,0.30230749
39090,0.31633081,0.31633081,1e-05,5.4765048,0.30234718
39095,0.32003026,0.32003026,1e-05,3.87547946,0.30238687
39100,0.29602211,0.29602213,1e-05,3.93209195,0.30242656
39105,0.29437628,0.29437633,1e-05,4.88168383,0.30246624
39110,0.24588318,0.24588318,1e-05,4.69465256,0.30250593
39115,0.39163837,0.39163833,1e-05,4.99118757,0.30254562
39120,0.25190573,0.25190573,1e-05,3.82073212,0.30258531
39125,0.28582435,0.28582435,1e-05,4.90131855,0.302625
39130,0.26459198,0.26459198,1e-05,19.64999008,0.30266469
39135,0.28299804,0.28299806,1e-05,4.52641106,0.30270438
39140,0.2591466,0.25914655,1e-05,11.01850605,0.30274406
39145,0.32678976,0.32678976,1e-05,6.30162477,0.30278375
39150,0.266751,0.266751,1e-05,3.99704504,0.30282344
39155,0.25278354,0.25278354,1e-05,4.45801926,0.30286313
39160,0.31352816,0.31352811,1e-05,5.3280077,0.30290282
39165,0.27661977,0.27661972,1e-05,4.06242466,0.30294251
39170,0.26160011,0.26160011,1e-05,5.40019369,0.3029822
39175,0.23331504,0.23331504,1e-05,3.19843769,0.30302188
39180,0.27504969,0.27504969,1e-05,5.16933393,0.30306157
39185,0.28782392,0.28782396,1e-05,7.15478277,0.30310126
39190,0.24178202,0.24178202,1e-05,4.78971481,0.30314095
39195,0.33008766,0.33046215,1e-05,4.99700642,0.30318064
39200,0.33833392,0.32166485,1e-05,4.52993393,0.30322033
39205,0.25415983,0.25415986,1e-05,4.26517057,0.30326002
39210,0.24980888,0.24980886,1e-05,5.05616474,0.3032997
39215,0.23803174,0.23803177,1e-05,3.86373687,0.30333939
39220,0.31719365,0.31719368,1e-05,8.18977451,0.30337908
39225,0.29262676,0.29262676,1e-05,5.92659187,0.30341877
39230,0.28046484,0.28046484,1e-05,4.94582272,0.30345846
39235,0.2792223,0.2792223,1e-05,4.53676844,0.30349815
39240,0.28877034,0.28877029,1e-05,4.22520065,0.30353784
39245,0.30184517,0.30184517,1e-05,4.71569729,0.30357752
39250,0.29705329,0.29705331,1e-05,8.59681034,0.30361721
39255,0.3238656,0.32386565,1e-05,4.67935658,0.3036569
39260,0.32476475,0.32476478,1e-05,5.49558258,0.30369659
39265,0.28432417,0.28432417,1e-05,4.58393431,0.30373628
39270,0.25533068,0.25533068,1e-05,3.87375879,0.30377597
39275,0.31880364,0.3188036,1e-05,5.31142139,0.30381565
39280,0.29373457,0.29373457,1e-05,5.23415613,0.30385534
39285,0.32294152,0.32294154,1e-05,4.18175459,0.30389503
39290,0.30398459,0.30398459,1e-05,4.6429019,0.30393472
39295,0.27727008,0.27727008,1e-05,7.41880655,0.30397441
39300,0.35011401,0.35011399,1e-05,4.16980505,0.3040141
39305,0.27025728,0.27025728,1e-05,4.2364521,0.30405379
39310,0.25967822,0.25967822,1e-05,3.25536656,0.30409347
39315,0.26960807,0.26960807,1e-05,3.92557716,0.30413316
39320,0.26852019,0.26852019,1e-05,5.40581942,0.30417285
39325,0.30383673,0.30383673,1e-05,6.6839509,0.30421254
39330,0.29686117,0.29686117,1e-05,3.52789044,0.30425223
39335,0.25724478,0.2572448,1e-05,4.09298754,0.30429192
39340,0.28743753,0.28743756,1e-05,4.14281034,0.30433161
39345,0.26636405,0.26636403,1e-05,3.93233943,0.30437129
39350,0.28278294,0.28278294,1e-05,3.83218646,0.30441098
39355,0.296,0.29600005,1e-05,4.10794973,0.30445067
39360,0.28664494,0.28664494,1e-05,3.84150553,0.30449036
39365,0.31471357,0.31471362,1e-05,8.6421299,0.30453005
39370,0.26663609,0.26663609,1e-05,4.63893461,0.30456974
39375,0.31704452,0.31704452,1e-05,4.25645447,0.30460943
39380,0.31687503,0.31687503,1e-05,5.30368614,0.30464911
39385,0.29238238,0.29238241,1e-05,4.50008965,0.3046888
39390,0.31750832,0.31750832,1e-05,5.70714235,0.30472849
39395,0.28267283,0.28267288,1e-05,14.38836288,0.30476818
39400,0.32443969,0.32443972,1e-05,4.89316511,0.30480787
39405,0.31721992,0.31721992,1e-05,4.42281723,0.30484756
39410,0.28208475,0.28208475,1e-05,3.76969719,0.30488724
39415,0.24892232,0.24892232,1e-05,5.83613443,0.30492693
39420,0.2987287,0.2987287,1e-05,4.58398247,0.30496662
39425,0.3063585,0.30635853,1e-05,4.30956841,0.30500631
39430,0.21830878,0.21830878,1e-05,3.53470397,0.305046
39435,0.31724737,0.31724737,1e-05,4.79642153,0.30508569
39440,0.26619244,0.26619244,1e-05,6.08005285,0.30512538
39445,0.25604429,0.25604432,1e-05,4.56180286,0.30516506
39450,0.30346842,0.30346842,1e-05,6.17155409,0.30520475
39455,0.27403693,0.27403693,1e-05,4.96567631,0.30524444
39460,0.26022253,0.26022253,1e-05,4.61762667,0.30528413
39465,0.27175841,0.27175841,1e-05,2.81779766,0.30532382
39470,0.31477618,0.31477621,1e-05,5.69160986,0.30536351
39475,0.21837313,0.21837311,1e-05,4.10343027,0.3054032
39480,0.2999361,0.2999361,1e-05,3.95723534,0.30544288
39485,0.29195333,0.29195333,1e-05,2.94711423,0.30548257
39490,0.30220308,0.30220308,1e-05,7.99262381,0.30552226
39495,0.29036746,0.29036746,1e-05,2.82177758,0.30556195
39500,0.25434291,0.25434291,1e-05,3.34383464,0.30560164
39505,0.30241461,0.30241461,1e-05,4.09277678,0.30564133
39510,0.34400134,0.32893114,1e-05,6.91614866,0.30568102
39515,0.28204098,0.28204098,1e-05,3.73016024,0.3057207
39520,0.27562451,0.27562451,1e-05,5.79908943,0.30576039
39525,0.26548729,0.26548729,1e-05,4.97569752,0.30580008
39530,0.28025622,0.28025622,1e-05,8.72412014,0.30583977
39535,0.27296214,0.27296219,1e-05,3.10437322,0.30587946
39540,0.32861166,0.32861161,1e-05,3.44195795,0.30591915
39545,0.26292388,0.26292384,1e-05,4.48962164,0.30595884
39550,0.2964757,0.29647572,1e-05,4.90243387,0.30599852
39555,0.26078796,0.26078796,1e-05,5.17953968,0.30603821
39560,0.25089612,0.25089612,1e-05,6.40463352,0.3060779
39565,0.29372625,0.29372625,1e-05,4.47294521,0.30611759
39570,0.29131632,0.29131632,1e-05,5.15075493,0.30615728
39575,0.27616849,0.27616849,1e-05,3.87593794,0.30619697
39580,0.32987976,0.32987976,1e-05,9.62807083,0.30623665
39585,0.33373549,0.33373549,1e-05,5.90894842,0.30627634
39590,0.29070754,0.29070754,1e-05,5.01892042,0.30631603
39595,0.28365355,0.28365355,1e-05,3.29365945,0.30635572
39600,0.28747222,0.28747225,1e-05,5.02270269,0.30639541
39605,0.30229878,0.30229878,1e-05,7.36912155,0.3064351
39610,0.28669968,0.28669968,1e-05,4.74312115,0.30647479
39615,0.30362,0.30362003,1e-05,4.30198812,0.30651447
39620,0.26813872,0.26813872,1e-05,4.12076092,0.30655416
39625,0.27517686,0.27517686,1e-05,3.46081591,0.30659385
39630,0.30679638,0.30679636,1e-05,3.91452599,0.30663354
39635,0.23581662,0.2358166,1e-05,4.10501528,0.30667323
39640,0.35077429,0.35077429,1e-05,4.04472542,0.30671292
39645,0.30427225,0.30427222,1e-05,4.17584896,0.30675261
39650,0.29985852,0.2998585,1e-05,3.91234207,0.30679229
39655,0.27963448,0.27963445,1e-05,4.15180731,0.30683198
39660,0.30462425,0.30462425,1e-05,8.05010128,0.30687167
39665,0.28890407,0.28890405,1e-05,4.78203154,0.30691136
39670,0.32303615,0.32303615,1e-05,7.55733299,0.30695105
39675,0.23966823,0.23966825,1e-05,4.14910507,0.30699074
39680,0.24532943,0.24532938,1e-05,5.47398663,0.30703043
39685,0.3299367,0.32993667,1e-05,5.53723431,0.30707011
39690,0.25889826,0.25889826,1e-05,2.9363277,0.3071098
39695,0.31174855,0.31174855,1e-05,4.48705721,0.30714949
39700,0.36010768,0.36010771,1e-05,5.60034466,0.30718918
39705,0.22991483,0.22991483,1e-05,4.66109085,0.30722887
39710,0.30852952,0.30852952,1e-05,4.36186981,0.30726856
39715,0.29456775,0.29456775,1e-05,4.85582113,0.30730824
39720,0.32592788,0.32592783,1e-05,5.0360117,0.30734793
39725,0.28040757,0.28040757,1e-05,5.62243891,0.30738762
39730,0.25960069,0.25960069,1e-05,3.86217165,0.30742731
39735,0.31102967,0.31102965,1e-05,5.77026033,0.307467
39740,0.31705477,0.31705475,1e-05,4.04184389,0.30750669
39745,0.3101366,0.3101366,1e-05,3.80085421,0.30754638
39750,0.33608217,0.33608217,1e-05,4.4560132,0.30758606
39755,0.32320364,0.32320361,1e-05,6.59221649,0.30762575
39760,0.27917895,0.27917895,1e-05,3.33900118,0.30766544
39765,0.24044189,0.24044189,1e-05,5.61153269,0.30770513
39770,0.35243771,0.35243769,1e-05,3.77286935,0.30774482
39775,0.25562294,0.25562296,1e-05,4.09743929,0.30778451
39780,0.29786024,0.29786026,1e-05,3.84360719,0.3078242
39785,0.30447762,0.30447762,1e-05,5.47527027,0.30786388
39790,0.31450286,0.31450286,1e-05,6.51391888,0.30790357
39795,0.31342168,0.31342163,1e-05,3.60088301,0.30794326
39800,0.21091878,0.21091878,1e-05,3.83119488,0.30798295
39805,0.31345453,0.31345453,1e-05,4.16441631,0.30802264
39810,0.28014226,0.28014226,1e-05,3.92221856,0.30806233
39815,0.2555192,0.2555192,1e-05,4.41270304,0.30810202
39820,0.30973206,0.30973206,1e-05,4.60640001,0.3081417
39825,0.40753098,0.38596382,1e-05,4.32586098,0.30818139
39830,0.26712086,0.26712086,1e-05,6.2030077,0.30822108
39835,0.27581973,0.27581973,1e-05,4.13975048,0.30826077
39840,0.32166562,0.32166557,1e-05,5.02295971,0.30830046
39845,0.31562624,0.31562622,1e-05,3.6640892,0.30834015
39850,0.36615043,0.36615047,1e-05,6.52837324,0.30837984
39855,0.29935555,0.29935555,1e-05,4.9322052,0.30841952
39860,0.29675083,0.29675083,1e-05,5.46990681,0.30845921
39865,0.30833983,0.30833983,1e-05,4.43512821,0.3084989
39870,0.32340629,0.32340631,1e-05,5.0113945,0.30853859
39875,0.27585642,0.27585642,1e-05,3.71507645,0.30857828
39880,0.25813737,0.25813737,1e-05,4.87855148,0.30861797
39885,0.3528399,0.35283992,1e-05,4.87419224,0.30865765
39890,0.31468935,0.31468935,1e-05,3.56710005,0.30869734
39895,0.30272551,0.30272548,1e-05,6.330019,0.30873703
39900,0.30230405,0.30230408,1e-05,6.17198277,0.30877672
39905,0.3101594,0.31015944,1e-05,5.03228855,0.30881641
39910,0.30330231,0.30330229,1e-05,4.0486393,0.3088561
39915,0.31804123,0.31804121,1e-05,4.26179314,0.30889579
39920,0.32350116,0.32350111,1e-05,4.66978121,0.30893547
39925,0.38128972,0.3812897,1e-05,4.82763243,0.30897516
39930,0.30522921,0.30522919,1e-05,4.67554092,0.30901485
39935,0.26341085,0.26341085,1e-05,3.13077068,0.30905454
39940,0.25965362,0.25965359,1e-05,6.92697191,0.30909423
39945,0.27083218,0.2708322,1e-05,7.06193829,0.30913392
39950,0.3075928,0.30759282,1e-05,5.13872623,0.30917361
39955,0.26457348,0.26457348,1e-05,4.34107542,0.30921329
39960,0.20232716,0.20232716,1e-05,4.93133259,0.30925298
39965,0.22947822,0.22947822,1e-05,4.91637945,0.30929267
39970,0.27805231,0.27805231,1e-05,5.70764303,0.30933236
39975,0.31311803,0.31311798,1e-05,5.2524972,0.30937205
39980,0.25926905,0.25926905,1e-05,5.18435478,0.30941174
39985,0.24817662,0.24817662,1e-05,6.47962475,0.30945143
39990,0.23236389,0.23236389,1e-05,3.38788748,0.30949111
39995,0.28397074,0.28397076,1e-05,4.89183903,0.3095308
40000,0.30727808,0.30727808,1e-05,3.06639433,0.30957049
40005,0.26021061,0.26021063,1e-05,5.08564234,0.30961018
40010,0.29121723,0.29121723,1e-05,6.2423954,0.30964987
40015,0.24880011,0.24880013,1e-05,4.2352128,0.30968956
40020,0.33490701,0.33490701,1e-05,4.23334837,0.30972924
40025,0.26004663,0.26004667,1e-05,3.32353115,0.30976893
40030,0.24034686,0.24034686,1e-05,4.06614304,0.30980862
40035,0.26765025,0.26765022,1e-05,5.40836096,0.30984831
40040,0.27297902,0.27297907,1e-05,5.06088734,0.309888
40045,0.32002468,0.32002468,1e-05,9.50938606,0.30992769
40050,0.26263852,0.26263852,1e-05,3.60098147,0.30996738
40055,0.24596438,0.24596436,1e-05,4.61263227,0.31000706
40060,0.24813395,0.24813395,1e-05,4.97430611,0.31004675
40065,0.33101282,0.33101285,1e-05,3.5538497,0.31008644
40070,0.3203558,0.32035577,1e-05,3.06425738,0.31012613
40075,0.33911085,0.33911088,1e-05,6.95532846,0.31016582
40080,0.27953057,0.27953057,1e-05,5.67543888,0.31020551
40085,0.31660843,0.31660843,1e-05,22.44218636,0.3102452
40090,0.27083557,0.27083554,1e-05,5.77186346,0.31028488
40095,0.26196289,0.26196289,1e-05,3.86230898,0.31032457
40100,0.31914854,0.31914849,1e-05,4.39761353,0.31036426
40105,0.30006475,0.30006475,1e-05,4.81804085,0.31040395
40110,0.29668248,0.2966825,1e-05,9.63870144,0.31044364
40115,0.33761907,0.33761907,1e-05,7.09434366,0.31048333
40120,0.26165137,0.26165142,1e-05,3.5331502,0.31052302
40125,0.29486444,0.29486446,1e-05,4.80107307,0.3105627
40130,0.24150579,0.24150579,1e-05,4.41090441,0.31060239
40135,0.3527256,0.33021535,1e-05,2.18141341,0.31064208
40140,0.24880629,0.24994859,1e-05,3.8477788,0.31068177
40145,0.29738412,0.29738412,1e-05,6.24092531,0.31072146
40150,0.29016271,0.29016271,1e-05,3.18169165,0.31076115
40155,0.2532372,0.2532372,1e-05,4.52014303,0.31080084
40160,0.31856184,0.31856184,1e-05,4.87208366,0.31084052
40165,0.30831933,0.30831933,1e-05,4.21365261,0.31088021
40170,0.31109533,0.31109533,1e-05,6.41780519,0.3109199
40175,0.30140719,0.30140719,1e-05,4.47023344,0.31095959
40180,0.29164047,0.29164047,1e-05,6.97147465,0.31099928
40185,0.34785447,0.34785447,1e-05,4.84724903,0.31103897
40190,0.30873237,0.30873234,1e-05,5.79401445,0.31107865
40195,0.33195689,0.33195689,1e-05,2.82203174,0.31111834
40200,0.30147104,0.30147107,1e-05,3.87165117,0.31115803
40205,0.28879809,0.28879814,1e-05,5.03571606,0.31119772
40210,0.24425397,0.24425397,1e-05,3.88735652,0.31123741
40215,0.29046259,0.29046254,1e-05,4.64105988,0.3112771
40220,0.31926625,0.31926625,1e-05,4.62232685,0.31131679
40225,0.30280845,0.30280845,1e-05,6.78486538,0.31135647
40230,0.29428222,0.2942822,1e-05,4.76872969,0.31139616
40235,0.27533541,0.27533541,1e-05,4.18137026,0.31143585
40240,0.26428404,0.26428399,1e-05,4.41223288,0.31147554
40245,0.32742105,0.32742105,1e-05,4.14583635,0.31151523
40250,0.29467301,0.29467297,1e-05,3.72615337,0.31155492
40255,0.24399834,0.24399836,1e-05,3.17507339,0.31159461
40260,0.28748598,0.28748596,1e-05,5.1126442,0.31163429
40265,0.29278414,0.29278417,1e-05,9.41344452,0.31167398
40270,0.28274789,0.28274789,1e-05,3.01111364,0.31171367
40275,0.31923957,0.31923957,1e-05,9.16667557,0.31175336
40280,0.24063044,0.24063044,1e-05,3.8242259,0.31179305
40285,0.25693727,0.25693731,1e-05,3.18288398,0.31183274
40290,0.310918,0.310918,1e-05,4.96857119,0.31187243
40295,0.3499403,0.3499403,1e-05,5.06242657,0.31191211
40300,0.27772985,0.27772985,1e-05,5.44608784,0.3119518
40305,0.29909608,0.29909608,1e-05,3.5421102,0.31199149
40310,0.24830823,0.24830823,1e-05,7.00274515,0.31203118
40315,0.29521222,0.29521222,1e-05,5.15137768,0.31207087
40320,0.30142632,0.30142632,1e-05,3.98679066,0.31211056
40325,0.30575066,0.30575068,1e-05,4.3407197,0.31215024
40330,0.28641238,0.28641238,1e-05,4.91949892,0.31218993
40335,0.25805578,0.25805578,1e-05,4.04609203,0.31222962
40340,0.26608377,0.26608381,1e-05,2.87162042,0.31226931
40345,0.29358654,0.29358654,1e-05,6.15131855,0.312309
40350,0.28214788,0.28214791,1e-05,5.77267838,0.31234869
40355,0.3329288,0.33292882,1e-05,12.95074749,0.31238838
40360,0.29819031,0.29819036,1e-05,4.27718449,0.31242806
40365,0.30313735,0.30313733,1e-05,4.72133303,0.31246775
40370,0.32634354,0.32634351,1e-05,4.81379223,0.31250744
40375,0.26304436,0.26304436,1e-05,3.50383806,0.31254713
40380,0.27109528,0.2710953,1e-05,4.09273863,0.31258682
40385,0.24734902,0.24734902,1e-05,6.05725622,0.31262651
40390,0.30222926,0.30222931,1e-05,2.29263496,0.3126662
40395,0.29830642,0.29830642,1e-05,3.72209692,0.31270588
40400,0.32617054,0.32617054,1e-05,3.86563277,0.31274557
40405,0.27387958,0.27387958,1e-05,4.08983326,0.31278526
40410,0.25575743,0.25575738,1e-05,3.24761152,0.31282495
40415,0.27276554,0.27276554,1e-05,4.50660515,0.31286464
40420,0.29374404,0.29374404,1e-05,5.31401968,0.31290433
40425,0.21787915,0.2178792,1e-05,2.80470085,0.31294402
40430,0.29565487,0.29565487,1e-05,4.65470076,0.3129837
40435,0.32294867,0.32294865,1e-05,5.76728678,0.31302339
40440,0.25880718,0.25880721,1e-05,3.97525883,0.31306308
40445,0.29151001,0.29151003,1e-05,3.55472779,0.31310277
40450,0.30173941,0.28871938,1e-05,2.97015643,0.31314246
40455,0.32838848,0.32838845,1e-05,6.02955008,0.31318215
40460,0.27921133,0.27921135,1e-05,5.08900785,0.31322184
40465,0.267168,0.26716802,1e-05,4.45629454,0.31326152
40470,0.22454691,0.22454693,1e-05,4.37187672,0.31330121
40475,0.31065292,0.31065292,1e-05,4.74243879,0.3133409
40480,0.29243097,0.29243097,1e-05,5.73504066,0.31338059
40485,0.30799603,0.30799606,1e-05,5.24702454,0.31342028
40490,0.28449533,0.28449533,1e-05,5.12689114,0.31345997
40495,0.28322906,0.28322904,1e-05,4.14961147,0.31349965
40500,0.31361952,0.31361952,1e-05,3.46707344,0.31353934
40505,0.29589183,0.29589181,1e-05,4.35941696,0.31357903
40510,0.26943989,0.26943989,1e-05,4.16136789,0.31361872
40515,0.23186312,0.23186309,1e-05,2.94970918,0.31365841
40520,0.28736072,0.28736074,1e-05,3.35302782,0.3136981
40525,0.31606469,0.31606469,1e-05,3.3688333,0.31373779
40530,0.30062399,0.30062399,1e-05,5.64475441,0.31377747
40535,0.20903974,0.20903974,1e-05,3.31024313,0.31381716
40540,0.30247407,0.30247407,1e-05,5.49442339,0.31385685
40545,0.28578167,0.28578167,1e-05,4.14632177,0.31389654
40550,0.26843784,0.26843781,1e-05,3.67471194,0.31393623
40555,0.3076458,0.3076458,1e-05,3.85551143,0.31397592
40560,0.25961404,0.25961406,1e-05,4.491539,0.31401561
40565,0.29859655,0.29859653,1e-05,5.59309816,0.31405529
40570,0.27514181,0.27514181,1e-05,3.3861897,0.31409498
40575,0.34139285,0.34139283,1e-05,4.33607626,0.31413467
40580,0.30764468,0.3076447,1e-05,5.05945921,0.31417436
40585,0.288346,0.288346,1e-05,3.91757727,0.31421405
40590,0.26024165,0.26024165,1e-05,3.36157298,0.31425374
40595,0.27292669,0.27292671,1e-05,4.9919281,0.31429343
40600,0.3156353,0.31563528,1e-05,4.27986336,0.31433311
40605,0.33429618,0.33429618,1e-05,8.16230583,0.3143728
40610,0.27818687,0.27818685,1e-05,4.01455021,0.31441249
40615,0.30924146,0.30924144,1e-05,6.45040703,0.31445218
40620,0.29502883,0.29502883,1e-05,4.82552814,0.31449187
40625,0.24067371,0.24067371,1e-05,4.41739082,0.31453156
40630,0.30108275,0.30108275,1e-05,3.06282997,0.31457124
40635,0.33845992,0.33845992,1e-05,6.68476725,0.31461093
40640,0.26433082,0.26433082,1e-05,4.68426561,0.31465062
40645,0.28528771,0.28528769,1e-05,8.33705807,0.31469031
40650,0.33898625,0.33898625,1e-05,2.89940214,0.31473
40655,0.27839742,0.27839742,1e-05,5.3710289,0.31476969
40660,0.28507395,0.28507395,1e-05,3.39344287,0.31480938
40665,0.28886199,0.28886197,1e-05,6.52359104,0.31484906
40670,0.29848881,0.29848883,1e-05,6.90272903,0.31488875
40675,0.30034776,0.30034776,1e-05,4.4045372,0.31492844
40680,0.28142304,0.28142304,1e-05,3.82169437,0.31496813
40685,0.2993928,0.2993928,1e-05,6.04666567,0.31500782
40690,0.31341457,0.31341455,1e-05,4.24033499,0.31504751
40695,0.27082496,0.27082496,1e-05,3.75541925,0.3150872
40700,0.29363179,0.29363179,1e-05,7.02172375,0.31512688
40705,0.31338894,0.31338897,1e-05,4.96557188,0.31516657
40710,0.26993208,0.26993208,1e-05,4.5381074,0.31520626
40715,0.28697653,0.28697653,1e-05,4.1271615,0.31524595
40720,0.3061111,0.30611107,1e-05,4.16337061,0.31528564
40725,0.2922102,0.2922102,1e-05,5.35162878,0.31532533
40730,0.27732921,0.27732921,1e-05,5.57019281,0.31536502
40735,0.34697952,0.34697955,1e-05,6.10730743,0.3154047
40740,0.319541,0.31954098,1e-05,3.60874724,0.31544439
40745,0.3503902,0.3503902,1e-05,4.275455,0.31548408
40750,0.25848351,0.25848348,1e-05,3.42286754,0.31552377
40755,0.32625048,0.32625051,1e-05,4.79680014,0.31556346
40760,0.31822963,0.31834018,1e-05,3.50807452,0.31560315
40765,0.35886478,0.3465111,1e-05,4.68810558,0.31564284
40770,0.26915169,0.26915169,1e-05,4.29487228,0.31568252
40775,0.24722791,0.24722791,1e-05,3.73805094,0.31572221
40780,0.30077333,0.30077333,1e-05,3.0783844,0.3157619
40785,0.23968034,0.23968034,1e-05,4.67086363,0.31580159
40790,0.28553474,0.28553472,1e-05,7.07175493,0.31584128
40795,0.27262759,0.27262762,1e-05,4.2946043,0.31588097
40800,0.34318552,0.3431855,1e-05,5.73788691,0.31592065
40805,0.31910346,0.31910346,1e-05,6.65881824,0.31596034
40810,0.27388268,0.27388268,1e-05,2.9037745,0.31600003
40815,0.32319856,0.32319853,1e-05,5.13335276,0.31603972
40820,0.24638343,0.24638343,1e-05,4.0731988,0.31607941
40825,0.29821854,0.29821854,1e-05,4.11824179,0.3161191
40830,0.29125519,0.29125519,1e-05,3.99504423,0.31615879
40835,0.22742987,0.22742984,1e-05,4.43308973,0.31619847
40840,0.25556226,0.25556226,1e-05,3.82969904,0.31623816
40845,0.31436887,0.31436889,1e-05,6.98400259,0.31627785
40850,0.32103105,0.32103105,1e-05,9.670084,0.31631754
40855,0.22389984,0.22389984,1e-05,5.01065207,0.31635723
40860,0.27700908,0.27700908,1e-05,5.04430532,0.31639692
40865,0.27648206,0.27648206,1e-05,5.01619387,0.31643661
40870,0.33137896,0.33137894,1e-05,3.72857094,0.31647629
40875,0.26965082,0.26965084,1e-05,2.58627629,0.31651598
40880,0.21940551,0.21940548,1e-05,4.96986771,0.31655567
40885,0.31038642,0.31038637,1e-05,4.96836281,0.31659536
40890,0.3055136,0.3055136,1e-05,3.40732598,0.31663505
40895,0.2858079,0.2858079,1e-05,4.46125078,0.31667474
40900,0.28366218,0.28366218,1e-05,3.53550529,0.31671443
40905,0.3534739,0.35347395,1e-05,4.55827093,0.31675411
40910,0.26603334,0.26603334,1e-05,4.08257151,0.3167938
40915,0.29166274,0.29166274,1e-05,2.84380078,0.31683349
40920,0.31159725,0.31159725,1e-05,4.41566849,0.31687318
40925,0.30737329,0.30737329,1e-05,5.04811192,0.31691287
40930,0.37115083,0.37115083,1e-05,4.72374439,0.31695256
40935,0.30556962,0.30556962,1e-05,4.79232025,0.31699224
40940,0.33078163,0.33078163,1e-05,6.28189707,0.31703193
40945,0.26603332,0.26603332,1e-05,6.9412899,0.31707162
40950,0.2792202,0.2792202,1e-05,4.4399004,0.31711131
40955,0.27365823,0.27365823,1e-05,5.0932641,0.317151
40960,0.28555236,0.28555236,1e-05,4.57819557,0.31719069
40965,0.26909318,0.26909318,1e-05,4.37952518,0.31723038
40970,0.27396317,0.27396317,1e-05,3.40421391,0.31727006
40975,0.32743983,0.32743983,1e-05,7.35625553,0.31730975
40980,0.30509315,0.30509315,1e-05,6.60313225,0.31734944
40985,0.36429939,0.36429944,1e-05,5.04857492,0.31738913
40990,0.30548494,0.30548491,1e-05,5.30441046,0.31742882
40995,0.25542984,0.25542984,1e-05,2.81128478,0.31746851
41000,0.27373505,0.27373507,1e-05,5.3773818,0.3175082
41005,0.31178417,0.3117842,1e-05,6.17331171,0.31754788
41010,0.27013063,0.27013066,1e-05,4.37341309,0.31758757
41015,0.30640306,0.30640304,1e-05,4.37391853,0.31762726
41020,0.32920754,0.32920752,1e-05,4.88539743,0.31766695
41025,0.35452819,0.35452816,1e-05,5.21413612,0.31770664
41030,0.21686378,0.21686378,1e-05,3.00999999,0.31774633
41035,0.31629372,0.31629369,1e-05,6.85547924,0.31778602
41040,0.29751303,0.29751301,1e-05,6.05871487,0.3178257
41045,0.25324864,0.25324864,1e-05,6.67236519,0.31786539
41050,0.32608504,0.32608504,1e-05,4.07945108,0.31790508
41055,0.33444958,0.33444955,1e-05,4.58682394,0.31794477
41060,0.24438615,0.24438615,1e-05,3.0706346,0.31798446
41065,0.30804417,0.30804415,1e-05,5.07068729,0.31802415
41070,0.29485216,0.29485214,1e-05,3.63680339,0.31806384
41075,0.37581916,0.34134508,1e-05,3.16994333,0.31810352
41080,0.2591006,0.2591006,1e-05,3.98261952,0.31814321
41085,0.31155205,0.31155205,1e-05,2.61008215,0.3181829
41090,0.31030684,0.31030684,1e-05,4.48341179,0.31822259
41095,0.34241533,0.34241533,1e-05,3.66409254,0.31826228
41100,0.28200202,0.28200202,1e-05,5.57691097,0.31830197
41105,0.33652568,0.33652565,1e-05,4.77183533,0.31834165
41110,0.25119238,0.25119238,1e-05,3.3874681,0.31838134
41115,0.29306388,0.29306388,1e-05,2.63824224,0.31842103
41120,0.25881619,0.25881619,1e-05,4.48844147,0.31846072
41125,0.32138715,0.32138715,1e-05,11.77823162,0.31850041
41130,0.25799222,0.25799222,1e-05,4.32552052,0.3185401
41135,0.29176869,0.29176872,1e-05,5.71213007,0.31857979
41140,0.30370669,0.30370669,1e-05,4.00783348,0.31861947
41145,0.29272513,0.29272513,1e-05,3.44569802,0.31865916
41150,0.29083357,0.29083357,1e-05,9.33036613,0.31869885
41155,0.28361173,0.28361173,1e-05,5.50401688,0.31873854
41160,0.29568048,0.29568048,1e-05,4.41017628,0.31877823
41165,0.29750834,0.29750834,1e-05,3.86116791,0.31881792
41170,0.29486012,0.2948601,1e-05,5.47389507,0.31885761
41175,0.26278858,0.26278858,1e-05,7.23686457,0.31889729
41180,0.33771415,0.33771415,1e-05,6.04754066,0.31893698
41185,0.29439845,0.29439845,1e-05,3.67130637,0.31897667
41190,0.32445195,0.32445197,1e-05,4.8951025,0.31901636
41195,0.276704,0.27670403,1e-05,6.43520498,0.31905605
41200,0.28178473,0.28178473,1e-05,4.36889219,0.31909574
41205,0.31109686,0.31109691,1e-05,4.77862978,0.31913543
41210,0.26863437,0.26863434,1e-05,5.74688148,0.31917511
41215,0.30978239,0.30978236,1e-05,4.39749289,0.3192148
41220,0.27703042,0.27703042,1e-05,2.78737545,0.31925449
41225,0.28705609,0.28705606,1e-05,5.73157215,0.31929418
41230,0.28082473,0.28082476,1e-05,4.5543313,0.31933387
41235,0.29303811,0.29303808,1e-05,4.8085289,0.31937356
41240,0.25796394,0.25796394,1e-05,3.21412873,0.31941324
41245,0.31509919,0.31509917,1e-05,4.99758482,0.31945293
41250,0.29089615,0.29089618,1e-05,4.58348417,0.31949262
41255,0.33061628,0.33061631,1e-05,4.98713923,0.31953231
41260,0.29253185,0.29253187,1e-05,5.01294327,0.319572
41265,0.2757663,0.27576628,1e-05,3.3982811,0.31961169
41270,0.28417468,0.28417466,1e-05,3.69855952,0.31965138
41275,0.25664499,0.25664496,1e-05,3.94282603,0.31969106
41280,0.31614265,0.31614263,1e-05,4.69350624,0.31973075
41285,0.30307324,0.30307326,1e-05,3.94672465,0.31977044
41290,0.27962554,0.27962551,1e-05,3.65704632,0.31981013
41295,0.29304616,0.29304614,1e-05,4.62098694,0.31984982
41300,0.27399108,0.27399108,1e-05,4.5566988,0.31988951
41305,0.26429777,0.26429777,1e-05,4.7377615,0.3199292
41310,0.3031441,0.30314412,1e-05,5.77072334,0.31996888
41315,0.31791179,0.31791182,1e-05,3.68428087,0.32000857
41320,0.29829221,0.29829223,1e-05,5.92976618,0.32004826
41325,0.28968382,0.28968382,1e-05,5.1645875,0.32008795
41330,0.29138172,0.29138169,1e-05,4.56717062,0.32012764
41335,0.24949999,0.24949994,1e-05,4.09672642,0.32016733
41340,0.29738367,0.29738364,1e-05,3.44219613,0.32020702
41345,0.27332892,0.27332892,1e-05,4.47815609,0.3202467
41350,0.37115366,0.37115369,1e-05,5.02418423,0.32028639
41355,0.27514303,0.275143,1e-05,3.85961485,0.32032608
41360,0.27805209,0.27805209,1e-05,3.82807136,0.32036577
41365,0.25059218,0.25059218,1e-05,6.30911207,0.32040546
41370,0.29366803,0.29366808,1e-05,3.18921709,0.32044515
41375,0.24363625,0.24363625,1e-05,3.39810157,0.32048484
41380,0.26446815,0.2644681,1e-05,5.61827755,0.32052452
41385,0.35781221,0.35781221,1e-05,3.93601561,0.32056421
41390,0.36576154,0.33774,1e-05,4.97716141,0.3206039
41395,0.30759325,0.30759325,1e-05,3.16347432,0.32064359
41400,0.29974813,0.29974813,1e-05,4.52535534,0.32068328
41405,0.30181832,0.30181832,1e-05,4.62158585,0.32072297
41410,0.28453596,0.28453596,1e-05,2.93239045,0.32076265
41415,0.29140818,0.29140816,1e-05,5.37577534,0.32080234
41420,0.23196726,0.23196726,1e-05,3.63502002,0.32084203
41425,0.27167959,0.27167962,1e-05,4.67492104,0.32088172
41430,0.28395963,0.28395958,1e-05,3.27287221,0.32092141
41435,0.32547274,0.32547276,1e-05,6.42202091,0.3209611
41440,0.26241565,0.26241565,1e-05,5.66500616,0.32100079
41445,0.29036407,0.29036407,1e-05,6.55713463,0.32104047
41450,0.26575305,0.26575305,1e-05,9.57982349,0.32108016
41455,0.28348479,0.28348479,1e-05,4.34470034,0.32111985
41460,0.36514521,0.36514521,1e-05,6.01404762,0.32115954
41465,0.30029473,0.30029473,1e-05,4.69551086,0.32119923
41470,0.23418093,0.23418093,1e-05,3.37171626,0.32123892
41475,0.28552547,0.28552547,1e-05,6.28990507,0.32127861
41480,0.29110098,0.29110103,1e-05,5.39965487,0.32131829
41485,0.26428075,0.26428075,1e-05,4.79681063,0.32135798
41490,0.29650862,0.2965086,1e-05,4.38572788,0.32139767
41495,0.3018362,0.30183623,1e-05,3.90105367,0.32143736
41500,0.30219765,0.30219765,1e-05,5.47199726,0.32147705
41505,0.30299938,0.30299935,1e-05,7.69140577,0.32151674
41510,0.27638617,0.27638617,1e-05,7.08479404,0.32155643
41515,0.35414023,0.35414023,1e-05,4.14895725,0.32159611
41520,0.28330865,0.28330865,1e-05,4.48301458,0.3216358
41525,0.29931412,0.29931409,1e-05,4.16068935,0.32167549
41530,0.33051062,0.33051062,1e-05,6.89076948,0.32171518
41535,0.30144529,0.30144529,1e-05,6.62925911,0.32175487
41540,0.2891902,0.2891902,1e-05,3.99809384,0.32179456
41545,0.27838364,0.27838361,1e-05,8.6075182,0.32183424
41550,0.31262286,0.31262288,1e-05,5.13630486,0.32187393
41555,0.28139064,0.28139067,1e-05,3.54287124,0.32191362
41560,0.30871596,0.30871599,1e-05,5.93941641,0.32195331
41565,0.30370836,0.30370834,1e-05,5.88462162,0.321993
41570,0.31229432,0.31229429,1e-05,3.843889,0.32203269
41575,0.30220809,0.30220809,1e-05,4.3433423,0.32207238
41580,0.24656148,0.24656148,1e-05,4.90973568,0.32211206
41585,0.31428025,0.31428022,1e-05,4.28710985,0.32215175
41590,0.36227367,0.36227369,1e-05,8.23236561,0.32219144
41595,0.2901792,0.2901792,1e-05,4.67843342,0.32223113
41600,0.28421712,0.28421714,1e-05,4.43011761,0.32227082
41605,0.28017731,0.28017728,1e-05,4.16522932,0.32231051
41610,0.27388759,0.27388759,1e-05,4.58630753,0.3223502
41615,0.3032321,0.3032321,1e-05,3.74780083,0.32238988
41620,0.32883162,0.32883162,1e-05,5.63743544,0.32242957
41625,0.27290034,0.27290032,1e-05,5.31391382,0.32246926
41630,0.32332504,0.32332501,1e-05,4.98738623,0.32250895
41635,0.27221127,0.27221127,1e-05,4.09221649,0.32254864
41640,0.34241884,0.34241884,1e-05,4.23954391,0.32258833
41645,0.30722673,0.30722671,1e-05,4.91641569,0.32262802
41650,0.28148384,0.28148386,1e-05,8.97302341,0.3226677
41655,0.28944964,0.28944962,1e-05,4.76782465,0.32270739
41660,0.28237016,0.28237019,1e-05,5.35114288,0.32274708
41665,0.30326991,0.30326996,1e-05,4.28445053,0.32278677
41670,0.27532985,0.27532985,1e-05,4.54778719,0.32282646
41675,0.33001795,0.33001795,1e-05,4.73763752,0.32286615
41680,0.24979267,0.24979267,1e-05,3.74221039,0.32290584
41685,0.35529838,0.35529835,1e-05,4.08177471,0.32294552
41690,0.2757329,0.2757329,1e-05,5.17638922,0.32298521
41695,0.29726579,0.29726582,1e-05,3.36502838,0.3230249
41700,0.33896804,0.30127295,1e-05,2.20594549,0.32306459
41705,0.3123039,0.3080362,1e-05,3.8151834,0.32310428
41710,0.31069536,0.31069536,1e-05,4.01267529,0.32314397
41715,0.26903207,0.2690321,1e-05,3.76421356,0.32318365
41720,0.30772028,0.30772028,1e-05,11.02072334,0.32322334
41725,0.26289411,0.26289415,1e-05,4.76889515,0.32326303
41730,0.29495554,0.29495554,1e-05,4.91516447,0.32330272
41735,0.28594635,0.28594635,1e-05,4.82976341,0.32334241
41740,0.34515891,0.34515891,1e-05,7.48933935,0.3233821
41745,0.29656906,0.29656909,1e-05,3.43441606,0.32342179
41750,0.40027466,0.40027466,1e-05,3.95088935,0.32346147
41755,0.24394879,0.24394882,1e-05,4.50516796,0.32350116
41760,0.26100755,0.26100755,1e-05,3.38552856,0.32354085
41765,0.30585017,0.30585022,1e-05,5.5040946,0.32358054
41770,0.31057866,0.31057866,1e-05,4.25243902,0.32362023
41775,0.29620676,0.29620676,1e-05,5.42709208,0.32365992
41780,0.33992846,0.33992844,1e-05,4.57482958,0.32369961
41785,0.30316467,0.30316467,1e-05,4.20384598,0.32373929
41790,0.28878124,0.28878126,1e-05,5.1158824,0.32377898
41795,0.29863629,0.29863627,1e-05,3.97705102,0.32381867
41800,0.26445117,0.26445117,1e-05,7.29303551,0.32385836
41805,0.30382931,0.30382929,1e-05,5.38605022,0.32389805
41810,0.27242718,0.27242718,1e-05,7.13394499,0.32393774
41815,0.28524704,0.28524704,1e-05,3.92541695,0.32397743
41820,0.30057859,0.30057857,1e-05,3.70512938,0.32401711
41825,0.25227733,0.25227733,1e-05,5.23678064,0.3240568
41830,0.25185585,0.25185583,1e-05,3.47644854,0.32409649
41835,0.30503421,0.30503421,1e-05,9.7161293,0.32413618
41840,0.31216111,0.31216111,1e-05,4.30317926,0.32417587
41845,0.25315735,0.25315735,1e-05,3.35217762,0.32421556
41850,0.31625097,0.31625094,1e-05,6.96419859,0.32425524
41855,0.26295266,0.26295266,1e-05,4.50785542,0.32429493
41860,0.24376273,0.24376273,1e-05,4.63153028,0.32433462
41865,0.37033248,0.3703325,1e-05,6.40993881,0.32437431
41870,0.27239408,0.27239408,1e-05,6.11848927,0.324414
41875,0.30496335,0.30496335,1e-05,3.86676431,0.32445369
41880,0.25568874,0.25568874,1e-05,4.1440239,0.32449338
41885,0.28207421,0.28207421,1e-05,5.10043192,0.32453306
41890,0.27519569,0.27519572,1e-05,4.56835747,0.32457275
41895,0.26907058,0.26907058,1e-05,3.77227831,0.32461244
41900,0.31063042,0.31063042,1e-05,6.31735182,0.32465213
41905,0.3003036,0.3003036,1e-05,4.61981153,0.32469182
41910,0.27098436,0.27098436,1e-05,4.51066303,0.32473151
41915,0.2391746,0.2391746,1e-05,4.11686039,0.3247712
41920,0.30784602,0.30784602,1e-05,4.50910759,0.32481088
41925,0.32523956,0.32523956,1e-05,3.26057649,0.32485057
41930,0.3360178,0.3360178,1e-05,6.25473118,0.32489026
41935,0.30424175,0.30424175,1e-05,5.97376537,0.32492995
41940,0.2801017,0.2801017,1e-05,3.86012268,0.32496964
41945,0.3021868,0.30218678,1e-05,3.97302246,0.32500933
41950,0.27766676,0.27766676,1e-05,5.73386574,0.32504902
41955,0.26392031,0.26392031,1e-05,3.46630526,0.3250887
41960,0.37881002,0.37881005,1e-05,5.09783888,0.32512839
41965,0.28321223,0.28321226,1e-05,6.73921633,0.32516808
41970,0.28268538,0.28268538,1e-05,3.6546104,0.32520777
41975,0.23620944,0.23620944,1e-05,4.15188599,0.32524746
41980,0.25974901,0.25974903,1e-05,5.43213177,0.32528715
41985,0.27661664,0.27661662,1e-05,3.81442451,0.32532683
41990,0.30335004,0.30335002,1e-05,3.65485811,0.32536652
41995,0.30780082,0.30780082,1e-05,4.10480261,0.32540621
42000,0.33061147,0.33061147,1e-05,5.61493254,0.3254459
42005,0.23675117,0.23675117,1e-05,8.15435696,0.32548559
42010,0.26541975,0.26541975,1e-05,5.9851017,0.32552528
42015,0.37462306,0.36585775,1e-05,3.92816114,0.32556497
42020,0.24745967,0.24745965,1e-05,4.67243814,0.32560465
42025,0.28400304,0.28400302,1e-05,4.25438213,0.32564434
42030,0.32336965,0.32336969,1e-05,3.99503636,0.32568403
42035,0.26761377,0.26761379,1e-05,3.88809323,0.32572372
42040,0.31369691,0.31369691,1e-05,4.71945333,0.32576341
42045,0.34010973,0.34010973,1e-05,4.2310915,0.3258031
42050,0.26303711,0.26303711,1e-05,4.8191905,0.32584279
42055,0.23879976,0.23879974,1e-05,4.23297739,0.32588247
42060,0.31030664,0.31030667,1e-05,3.89613128,0.32592216
42065,0.30489969,0.30489969,1e-05,2.52666426,0.32596185
42070,0.24670525,0.24670525,1e-05,4.21917677,0.32600154
42075,0.29619479,0.29619479,1e-05,4.80190992,0.32604123
42080,0.33021545,0.33021548,1e-05,4.34945393,0.32608092
42085,0.28613894,0.28613887,1e-05,4.19060421,0.32612061
42090,0.29411843,0.29411843,1e-05,6.0903883,0.32616029
42095,0.32088242,0.32088242,1e-05,4.52409315,0.32619998
42100,0.26350307,0.26350307,1e-05,3.8174901,0.32623967
42105,0.2980942,0.29809422,1e-05,3.63758683,0.32627936
42110,0.24021037,0.24021034,1e-05,3.50770092,0.32631905
42115,0.32455223,0.32455225,1e-05,4.87266827,0.32635874
42120,0.25234785,0.25234785,1e-05,8.96765709,0.32639843
42125,0.26235774,0.26235771,1e-05,2.72658753,0.32643811
42130,0.31862445,0.31862447,1e-05,2.57386374,0.3264778
42135,0.26797724,0.26797724,1e-05,6.61389732,0.32651749
42140,0.31134405,0.31134405,1e-05,6.96619034,0.32655718
42145,0.29978199,0.29978199,1e-05,4.59203005,0.32659687
42150,0.27554245,0.27554245,1e-05,5.30574179,0.32663656
42155,0.24835224,0.24835224,1e-05,4.95658922,0.32667624
42160,0.30453033,0.30453033,1e-05,4.61941481,0.32671593
42165,0.28451197,0.28451197,1e-05,4.16981411,0.32675562
42170,0.28528028,0.28528025,1e-05,6.33500957,0.32679531
42175,0.30293951,0.30293953,1e-05,5.36507797,0.326835
42180,0.26327918,0.2632792,1e-05,3.36775422,0.32687469
42185,0.33236322,0.3323632,1e-05,5.54676485,0.32691438
42190,0.27200942,0.27200942,1e-05,3.34309983,0.32695406
42195,0.33110728,0.33110733,1e-05,5.18648863,0.32699375
42200,0.2930387,0.29303875,1e-05,5.68092918,0.32703344
42205,0.26113997,0.26113997,1e-05,3.75023341,0.32707313
42210,0.2777678,0.2777678,1e-05,4.06261158,0.32711282
42215,0.28518689,0.28518689,1e-05,5.4639349,0.32715251
42220,0.25117719,0.25117717,1e-05,3.52582884,0.3271922
42225,0.32096639,0.32096639,1e-05,5.79030228,0.32723188
42230,0.29831667,0.29831667,1e-05,4.05059099,0.32727157
42235,0.26905031,0.26905031,1e-05,3.95661116,0.32731126
42240,0.28731556,0.28731556,1e-05,3.85393,0.32735095
42245,0.25997691,0.25997689,1e-05,3.27777267,0.32739064
42250,0.26675224,0.26675224,1e-05,4.76303387,0.32743033
42255,0.27533736,0.27533736,1e-05,6.48734999,0.32747002
42260,0.30231638,0.30231638,1e-05,4.62302303,0.3275097
42265,0.33816705,0.33816705,1e-05,6.22571898,0.32754939
42270,0.26841202,0.26841204,1e-05,5.93466902,0.32758908
42275,0.31361704,0.31361701,1e-05,7.15956116,0.32762877
42280,0.32141891,0.32141891,1e-05,4.16784859,0.32766846
42285,0.34110713,0.34110713,1e-05,6.35912228,0.32770815
42290,0.27815242,0.27815239,1e-05,5.26584053,0.32774783
42295,0.24538379,0.24538379,1e-05,4.42108965,0.32778752
42300,0.30670567,0.30670564,1e-05,5.0154047,0.32782721
42305,0.32640989,0.32640989,1e-05,4.55853176,0.3278669
42310,0.33039265,0.33039269,1e-05,6.07858992,0.32790659
42315,0.31878228,0.31878231,1e-05,11.21096134,0.32794628
42320,0.28401012,0.28401012,1e-05,3.84132314,0.32798597
42325,0.28392034,0.28392036,1e-05,4.51811695,0.32802565
42330,0.35877836,0.34799153,1e-05,17.42531013,0.32806534
42335,0.32735276,0.32735276,1e-05,5.46369123,0.32810503
42340,0.35297971,0.35297971,1e-05,7.24373341,0.32814472
42345,0.29316998,0.29316998,1e-05,5.83608723,0.32818441
42350,0.28822062,0.28822064,1e-05,4.26543093,0.3282241
42355,0.24826238,0.24826236,1e-05,4.443542,0.32826379
42360,0.31132808,0.31132808,1e-05,6.23142385,0.32830347
42365,0.23978536,0.23978534,1e-05,3.36724591,0.32834316
42370,0.28794184,0.28794184,1e-05,5.275599,0.32838285
42375,0.29471145,0.29471147,1e-05,5.35656166,0.32842254
42380,0.25153923,0.25153923,1e-05,6.23165655,0.32846223
42385,0.32073402,0.320734,1e-05,3.93635821,0.32850192
42390,0.29835458,0.29835458,1e-05,2.90826797,0.32854161
42395,0.29748881,0.29748881,1e-05,5.7150526,0.32858129
42400,0.31039252,0.3103925,1e-05,3.96652842,0.32862098
42405,0.31968682,0.31968682,1e-05,5.139925,0.32866067
42410,0.30910473,0.30910473,1e-05,5.85048723,0.32870036
42415,0.29360631,0.29360628,1e-05,5.9915185,0.32874005
42420,0.31279213,0.31279216,1e-05,3.43327212,0.32877974
42425,0.25586448,0.2558645,1e-05,3.95803189,0.32881943
42430,0.26194673,0.26194673,1e-05,4.35522175,0.32885911
42435,0.28065381,0.28065381,1e-05,5.62971306,0.3288988
42440,0.27317297,0.27317295,1e-05,4.59894657,0.32893849
42445,0.32737787,0.32737787,1e-05,3.76753592,0.32897818
42450,0.2780973,0.2780973,1e-05,4.2364316,0.32901787
42455,0.26443176,0.26443179,1e-05,4.1877141,0.32905756
42460,0.30551114,0.30551114,1e-05,6.33132839,0.32909724
42465,0.29339128,0.2933913,1e-05,3.66001749,0.32913693
42470,0.27853761,0.27853763,1e-05,4.25657177,0.32917662
42475,0.33484154,0.33484154,1e-05,4.37345791,0.32921631
42480,0.26732481,0.26732478,1e-05,4.36862373,0.329256
42485,0.29129753,0.29129751,1e-05,4.57442617,0.32929569
42490,0.25992146,0.25992146,1e-05,4.12531233,0.32933538
42495,0.31464753,0.31464753,1e-05,4.3961935,0.32937506
42500,0.28156703,0.28156703,1e-05,6.13637781,0.32941475
42505,0.30038941,0.30038943,1e-05,2.99061871,0.32945444
42510,0.26348417,0.26348417,1e-05,4.76445007,0.32949413
42515,0.34011571,0.34011574,1e-05,5.33690929,0.32953382
42520,0.26800685,0.26800687,1e-05,3.95493484,0.32957351
42525,0.33377123,0.33377123,1e-05,6.92672539,0.3296132
42530,0.30028715,0.30028715,1e-05,2.88979125,0.32965288
42535,0.33468449,0.33468449,1e-05,3.66664624,0.32969257
42540,0.24170532,0.24170527,1e-05,4.22141361,0.32973226
42545,0.24120944,0.24120944,1e-05,3.76683998,0.32977195
42550,0.30909572,0.30909572,1e-05,3.73524261,0.32981164
42555,0.33874049,0.33874049,1e-05,4.14380741,0.32985133
42560,0.28121619,0.28121619,1e-05,4.88768482,0.32989102
42565,0.28716488,0.28716488,1e-05,3.22344112,0.3299307
42570,0.24299088,0.24299088,1e-05,4.85745621,0.32997039
42575,0.30712261,0.30712261,1e-05,3.88006043,0.33001008
42580,0.26502643,0.26502643,1e-05,4.75612259,0.33004977
42585,0.3283637,0.3283637,1e-05,5.89621687,0.33008946
42590,0.35370238,0.35370235,1e-05,3.98919487,0.33012915
42595,0.33427494,0.33427491,1e-05,4.43968296,0.33016883
42600,0.33663378,0.33663378,1e-05,3.9768765,0.33020852
42605,0.31393349,0.31393347,1e-05,4.11240625,0.33024821
42610,0.31213231,0.31213226,1e-05,6.0498085,0.3302879
42615,0.34137368,0.34137371,1e-05,4.29393196,0.33032759
42620,0.23871753,0.23871756,1e-05,4.01414967,0.33036728
42625,0.26777103,0.26777105,1e-05,4.27491665,0.33040697
42630,0.27909534,0.27909532,1e-05,5.49220181,0.33044665
42635,0.27143803,0.27143803,1e-05,4.63177299,0.33048634
42640,0.39284022,0.38190062,1e-05,9.11022282,0.33052603
42645,0.28836451,0.28836451,1e-05,4.95265913,0.33056572
42650,0.27479043,0.27479045,1e-05,4.57876635,0.33060541
42655,0.33785286,0.33785288,1e-05,6.78548384,0.3306451
42660,0.29554749,0.29554749,1e-05,3.52756858,0.33068479
42665,0.28379707,0.28379707,1e-05,4.82262564,0.33072447
42670,0.22134442,0.22134442,1e-05,3.64662528,0.33076416
42675,0.32240529,0.32240529,1e-05,3.8456974,0.33080385
42680,0.29544895,0.29544892,1e-05,4.55250883,0.33084354
42685,0.35857334,0.35857334,1e-05,6.40517378,0.33088323
42690,0.30808263,0.30808263,1e-05,5.01961613,0.33092292
42695,0.32911282,0.32911282,1e-05,4.01735687,0.33096261
42700,0.23130102,0.23130102,1e-05,5.54995012,0.33100229
42705,0.29440072,0.29440069,1e-05,5.15476704,0.33104198
42710,0.32228017,0.32228017,1e-05,6.28896809,0.33108167
42715,0.32503502,0.32503502,1e-05,3.80210185,0.33112136
42720,0.32602351,0.32602348,1e-05,5.63551521,0.33116105
42725,0.27317879,0.27317882,1e-05,5.06668615,0.33120074
42730,0.24785585,0.24785585,1e-05,4.9541173,0.33124043
42735,0.31966901,0.31966901,1e-05,4.17725611,0.33128011
42740,0.26588371,0.26588373,1e-05,5.98171806,0.3313198
42745,0.28942909,0.28942909,1e-05,5.16934013,0.33135949
42750,0.28736877,0.28736877,1e-05,3.91722059,0.33139918
42755,0.30300686,0.30300684,1e-05,4.05447674,0.33143887
42760,0.30427454,0.30427454,1e-05,5.13747025,0.33147856
42765,0.27670832,0.27670832,1e-05,4.98182058,0.33151824
42770,0.26498141,0.26498141,1e-05,5.30098534,0.33155793
42775,0.27797685,0.27797682,1e-05,5.71439362,0.33159762
42780,0.28853884,0.28853884,1e-05,4.83749914,0.33163731
42785,0.28812451,0.28812451,1e-05,3.63554668,0.331677
42790,0.2480937,0.2480937,1e-05,6.72104216,0.33171669
42795,0.30376244,0.30376244,1e-05,9.05098057,0.33175638
42800,0.27476535,0.27476535,1e-05,5.01790714,0.33179606
42805,0.29476962,0.29476962,1e-05,5.44746351,0.33183575
42810,0.27043672,0.27043672,1e-05,3.96316886,0.33187544
42815,0.29337149,0.29337149,1e-05,4.30740213,0.33191513
42820,0.31936808,0.31936808,1e-05,8.50059605,0.33195482
42825,0.35740066,0.35740063,1e-05,5.05563354,0.33199451
42830,0.30068007,0.30068009,1e-05,5.20267487,0.3320342
42835,0.23139842,0.23139839,1e-05,4.89577675,0.33207388
42840,0.29668198,0.29668198,1e-05,3.5063076,0.33211357
42845,0.28789787,0.2878979,1e-05,5.83340502,0.33215326
42850,0.3359637,0.3359637,1e-05,4.35756588,0.33219295
42855,0.2684149,0.2684149,1e-05,4.6332407,0.33223264
42860,0.25427999,0.25427999,1e-05,3.79490757,0.33227233
42865,0.24205151,0.24205151,1e-05,3.57674527,0.33231202
42870,0.27047501,0.27047501,1e-05,3.9593935,0.3323517
42875,0.31494842,0.31494842,1e-05,5.23906612,0.33239139
42880,0.26274333,0.26274333,1e-05,4.28325558,0.33243108
42885,0.27594337,0.27594335,1e-05,3.8684268,0.33247077
42890,0.28745694,0.28745694,1e-05,2.76566768,0.33251046
42895,0.28343091,0.28343096,1e-05,6.50913906,0.33255015
42900,0.2686337,0.2686337,1e-05,4.22656965,0.33258983
42905,0.27236075,0.27236075,1e-05,10.6452961,0.33262952
42910,0.31787732,0.31787732,1e-05,4.7832799,0.33266921
42915,0.2688334,0.2688334,1e-05,4.0356946,0.3327089
42920,0.26458197,0.26458197,1e-05,5.73112583,0.33274859
42925,0.32251048,0.32251048,1e-05,5.63195753,0.33278828
42930,0.24544754,0.24544754,1e-05,4.18856144,0.33282797
42935,0.26642165,0.26642165,1e-05,3.25396132,0.33286765
42940,0.27507372,0.27507377,1e-05,3.90440059,0.33290734
42945,0.35314603,0.35314603,1e-05,6.17082262,0.33294703
42950,0.31147962,0.31147962,1e-05,3.70256901,0.33298672
42955,0.33965416,0.33437311,1e-05,5.09340858,0.33302641
42960,0.2708082,0.27080822,1e-05,4.46471548,0.3330661
42965,0.3037308,0.30373077,1e-05,5.8127985,0.33310579
42970,0.33972495,0.33972492,1e-05,4.88622856,0.33314547
42975,0.28268983,0.28268983,1e-05,3.66122389,0.33318516
42980,0.36663532,0.36663532,1e-05,7.28469849,0.33322485
42985,0.28830976,0.28830976,1e-05,4.89524412,0.33326454
42990,0.28049178,0.28049178,1e-05,4.67723036,0.33330423
42995,0.27240486,0.27240486,1e-05,3.79498649,0.33334392
43000,0.2902777,0.2902777,1e-05,7.09475327,0.33338361
43005,0.28188157,0.28188159,1e-05,6.17496777,0.33342329
43010,0.31412706,0.31412702,1e-05,4.01949453,0.33346298
43015,0.33688571,0.33688571,1e-05,7.61699724,0.33350267
43020,0.3282378,0.3282378,1e-05,4.51206923,0.33354236
43025,0.28702707,0.28702707,1e-05,4.05332613,0.33358205
43030,0.28846908,0.2884691,1e-05,3.43187523,0.33362174
43035,0.28741727,0.28741727,1e-05,4.28396988,0.33366143
43040,0.28861241,0.28861241,1e-05,4.37793589,0.33370111
43045,0.36370397,0.36370397,1e-05,6.7959466,0.3337408
43050,0.30864861,0.30864859,1e-05,3.6253643,0.33378049
43055,0.34187512,0.34187512,1e-05,5.29973507,0.33382018
43060,0.31864862,0.31864867,1e-05,3.05075932,0.33385987
43065,0.28552132,0.28552134,1e-05,3.2856648,0.33389956
43070,0.31995206,0.31995206,1e-05,3.57316327,0.33393924
43075,0.37429056,0.37429056,1e-05,2.48855829,0.33397893
43080,0.31508164,0.31508164,1e-05,3.51453733,0.33401862
43085,0.29993353,0.29993353,1e-05,4.80782557,0.33405831
43090,0.29927974,0.29927976,1e-05,4.85905504,0.334098
43095,0.28654566,0.28654563,1e-05,3.62365651,0.33413769
43100,0.29602633,0.29602633,1e-05,5.426054,0.33417738
43105,0.28230076,0.28230076,1e-05,5.47043705,0.33421706
43110,0.24809017,0.2480902,1e-05,4.98503828,0.33425675
43115,0.27534394,0.27534394,1e-05,4.75421906,0.33429644
43120,0.31433635,0.31433635,1e-05,5.06031418,0.33433613
43125,0.26697974,0.26697974,1e-05,5.55268574,0.33437582
43130,0.26471848,0.26471848,1e-05,5.38450432,0.33441551
43135,0.36027279,0.36027279,1e-05,5.88524961,0.3344552
43140,0.27080202,0.27080202,1e-05,30.27127266,0.33449488
43145,0.28029609,0.28029609,1e-05,6.84023094,0.33453457
43150,0.29260755,0.29260755,1e-05,4.46771526,0.33457426
43155,0.27588739,0.27588739,1e-05,4.76572752,0.33461395
43160,0.32573876,0.32573874,1e-05,4.18790627,0.33465364
43165,0.31739089,0.31739092,1e-05,6.00524569,0.33469333
43170,0.28097692,0.28097692,1e-05,4.40441895,0.33473302
43175,0.33421326,0.33421326,1e-05,5.12951279,0.3347727
43180,0.23763359,0.23763361,1e-05,4.39620638,0.33481239
43185,0.2819078,0.2819078,1e-05,5.69863939,0.33485208
43190,0.3452462,0.34524622,1e-05,5.74844313,0.33489177
43195,0.28128002,0.28128004,1e-05,3.9698658,0.33493146
43200,0.25745337,0.25745335,1e-05,3.42276263,0.33497115
43205,0.29812515,0.29812515,1e-05,4.14429379,0.33501083
43210,0.27291851,0.27291851,1e-05,4.0318675,0.33505052
43215,0.27641473,0.27641478,1e-05,4.50044823,0.33509021
43220,0.30146248,0.30146251,1e-05,5.85496855,0.3351299
43225,0.27425694,0.27425694,1e-05,4.46443462,0.33516959
43230,0.2388865,0.2388865,1e-05,7.24300337,0.33520928
43235,0.28326387,0.28326387,1e-05,5.33793259,0.33524897
43240,0.32237563,0.32237563,1e-05,4.85468674,0.33528865
43245,0.29996181,0.29996181,1e-05,5.79024839,0.33532834
43250,0.28984923,0.28984919,1e-05,5.62573051,0.33536803
43255,0.30577035,0.30577037,1e-05,3.91204715,0.33540772
43260,0.26543705,0.26543705,1e-05,4.66518593,0.33544741
43265,0.34512987,0.34026496,1e-05,1.80358446,0.3354871
43270,0.34515674,0.28769524,1e-05,5.66142988,0.33552679
43275,0.28404961,0.28404956,1e-05,4.65993404,0.33556647
43280,0.31695867,0.31695867,1e-05,4.60135889,0.33560616
43285,0.26642818,0.26642816,1e-05,3.01020646,0.33564585
43290,0.329773,0.329773,1e-05,6.16767311,0.33568554
43295,0.31639333,0.31639335,1e-05,4.62508631,0.33572523
43300,0.29443605,0.29443605,1e-05,4.7514205,0.33576492
43305,0.30678768,0.30678773,1e-05,9.57959843,0.33580461
43310,0.26867275,0.26867278,1e-05,5.28256321,0.33584429
43315,0.25908604,0.25908604,1e-05,10.85612202,0.33588398
43320,0.29015255,0.29015257,1e-05,4.13551617,0.33592367
43325,0.29255016,0.29255018,1e-05,3.52448559,0.33596336
43330,0.30728769,0.30728769,1e-05,5.16326332,0.33600305
43335,0.32298489,0.32298489,1e-05,7.9981389,0.33604274
43340,0.27903724,0.27903724,1e-05,5.30843973,0.33608243
43345,0.31617198,0.31617193,1e-05,4.97485876,0.33612211
43350,0.26822944,0.26822944,1e-05,3.3309381,0.3361618
43355,0.33489411,0.33489411,1e-05,7.50075006,0.33620149
43360,0.30131736,0.30131736,1e-05,7.10718966,0.33624118
43365,0.28400915,0.28400917,1e-05,4.12003326,0.33628087
43370,0.25168905,0.25168905,1e-05,5.30590963,0.33632056
43375,0.34643555,0.34643555,1e-05,4.54348421,0.33636024
43380,0.28824401,0.28824401,1e-05,4.79424715,0.33639993
43385,0.26180377,0.26180377,1e-05,10.52991867,0.33643962
43390,0.27538464,0.27538464,1e-05,2.67611456,0.33647931
43395,0.33268526,0.33268523,1e-05,5.01465225,0.336519
43400,0.22781537,0.22781537,1e-05,3.32070661,0.33655869
43405,0.31859667,0.31859667,1e-05,7.07236147,0.33659838
43410,0.29137673,0.29137678,1e-05,4.76920033,0.33663806
43415,0.29097283,0.29097283,1e-05,6.02843046,0.33667775
43420,0.31289501,0.31289501,1e-05,3.62202644,0.33671744
43425,0.31126022,0.31126027,1e-05,4.53418779,0.33675713
43430,0.35717661,0.35717664,1e-05,6.59878397,0.33679682
43435,0.31788979,0.31788979,1e-05,5.60503054,0.33683651
43440,0.28956916,0.28956919,1e-05,3.35156322,0.3368762
43445,0.2681077,0.26810768,1e-05,3.74725008,0.33691588
43450,0.32765346,0.32765346,1e-05,4.41436815,0.33695557
43455,0.30814047,0.30814044,1e-05,11.05521107,0.33699526
43460,0.31637607,0.31637607,1e-05,4.36885357,0.33703495
43465,0.3149857,0.31498568,1e-05,5.34203053,0.33707464
43470,0.30212126,0.30212126,1e-05,5.35936308,0.33711433
43475,0.33354597,0.33354602,1e-05,4.9510808,0.33715402
43480,0.28502054,0.28502052,1e-05,3.84590387,0.3371937
43485,0.31550975,0.31550972,1e-05,3.86258268,0.33723339
43490,0.30953405,0.30953405,1e-05,4.32210732,0.33727308
43495,0.32293527,0.32293525,1e-05,4.48812866,0.33731277
43500,0.29568858,0.29568858,1e-05,4.04225588,0.33735246
43505,0.28904099,0.28904099,1e-05,5.80847406,0.33739215
43510,0.28664494,0.28664494,1e-05,3.76122665,0.33743183
43515,0.24763916,0.24763913,1e-05,3.93544483,0.33747152
43520,0.28429048,0.28429046,1e-05,4.0080657,0.33751121
43525,0.27577231,0.27577233,1e-05,4.71420383,0.3375509
43530,0.32194362,0.32194362,1e-05,4.29977846,0.33759059
43535,0.2723474,0.2723474,1e-05,7.80881405,0.33763028
43540,0.31483154,0.31483154,1e-05,4.08592892,0.33766997
43545,0.30897193,0.30897193,1e-05,4.78420067,0.33770965
43550,0.30681019,0.30681019,1e-05,4.14253569,0.33774934
43555,0.35450559,0.35450561,1e-05,3.47852492,0.33778903
43560,0.28936195,0.28936195,1e-05,4.93634415,0.33782872
43565,0.3219599,0.32195992,1e-05,4.4593792,0.33786841
43570,0.32018852,0.3201885,1e-05,5.12795401,0.3379081
43575,0.33218524,0.33218524,1e-05,5.12005424,0.33794779
43580,0.36008532,0.33624256,1e-05,4.48684359,0.33798747
43585,0.25882926,0.25882926,1e-05,4.37408781,0.33802716
43590,0.34519517,0.3451952,1e-05,6.80561781,0.33806685
43595,0.2718142,0.2718142,1e-05,4.41358662,0.33810654
43600,0.28290863,0.28290863,1e-05,4.51760006,0.33814623
43605,0.28122048,0.28122048,1e-05,6.48511934,0.33818592
43610,0.28751407,0.28751407,1e-05,4.21051884,0.33822561
43615,0.30118296,0.30118294,1e-05,4.07196522,0.33826529
43620,0.33290467,0.33290467,1e-05,6.7002244,0.33830498
43625,0.32969589,0.32969589,1e-05,3.91216493,0.33834467
43630,0.29358015,0.29358017,1e-05,3.74279046,0.33838436
43635,0.34731808,0.34731805,1e-05,3.14653015,0.33842405
43640,0.30723662,0.30723662,1e-05,3.75746799,0.33846374
43645,0.25462713,0.25462713,1e-05,3.94567227,0.33850343
43650,0.31142478,0.31142478,1e-05,5.14558697,0.33854311
43655,0.28207049,0.28207049,1e-05,5.3934598,0.3385828
43660,0.2907135,0.2907135,1e-05,5.27723312,0.33862249
43665,0.34077921,0.34077923,1e-05,4.22546816,0.33866218
43670,0.29095073,0.29095075,1e-05,4.16302538,0.33870187
43675,0.2836905,0.2836905,1e-05,2.99619269,0.33874156
43680,0.23653486,0.23653486,1e-05,3.91454673,0.33878124
43685,0.31327553,0.31327553,1e-05,6.32826662,0.33882093
43690,0.30946336,0.30946336,1e-05,4.01437092,0.33886062
43695,0.25970945,0.25970945,1e-05,4.17869329,0.33890031
43700,0.30399995,0.30399995,1e-05,6.10039997,0.33894
43705,0.24654701,0.24654703,1e-05,4.52495003,0.33897969
43710,0.28015895,0.28015895,1e-05,4.97286558,0.33901938
43715,0.28155594,0.28155594,1e-05,4.24006605,0.33905906
43720,0.28085513,0.28085513,1e-05,5.02622843,0.33909875
43725,0.32006803,0.32006803,1e-05,4.49651909,0.33913844
43730,0.29425697,0.29425693,1e-05,4.78861284,0.33917813
43735,0.27712359,0.27712359,1e-05,4.21782064,0.33921782
43740,0.30247583,0.30247588,1e-05,5.36721611,0.33925751
43745,0.24259531,0.24259534,1e-05,5.55588102,0.3392972
43750,0.31417263,0.3141726,1e-05,3.95202756,0.33933688
43755,0.29295783,0.29295783,1e-05,6.96289539,0.33937657
43760,0.28303888,0.28303885,1e-05,5.02327251,0.33941626
43765,0.2707058,0.2707058,1e-05,5.60756826,0.33945595
43770,0.29327562,0.29327564,1e-05,3.8904314,0.33949564
43775,0.30571089,0.30571089,1e-05,5.22531843,0.33953533
43780,0.30645528,0.30645525,1e-05,5.47504663,0.33957502
43785,0.30000308,0.3000031,1e-05,5.66357613,0.3396147
43790,0.29496927,0.29496927,1e-05,7.07509995,0.33965439
43795,0.34962478,0.3496248,1e-05,4.74186516,0.33969408
43800,0.32350993,0.32350993,1e-05,4.03980732,0.33973377
43805,0.2711041,0.27110412,1e-05,5.00039625,0.33977346
43810,0.3045974,0.30459738,1e-05,3.67733192,0.33981315
43815,0.29170384,0.29170384,1e-05,11.32593632,0.33985283
43820,0.32687352,0.32687352,1e-05,7.22016907,0.33989252
43825,0.31297197,0.31297197,1e-05,5.52356434,0.33993221
43830,0.28338513,0.28338513,1e-05,5.84848213,0.3399719
43835,0.28876562,0.28876562,1e-05,5.97545242,0.34001159
43840,0.34075432,0.34075429,1e-05,4.99906301,0.34005128
43845,0.28380375,0.28380375,1e-05,4.65977907,0.34009097
43850,0.3021255,0.30212555,1e-05,4.94829416,0.34013065
43855,0.32552505,0.32552505,1e-05,5.95188189,0.34017034
43860,0.29606228,0.29606228,1e-05,5.49927378,0.34021003
43865,0.32958055,0.32958055,1e-05,3.5137074,0.34024972
43870,0.26270995,0.26270995,1e-05,4.04362774,0.34028941
43875,0.32353649,0.32353652,1e-05,4.74480772,0.3403291
43880,0.30487323,0.30487323,1e-05,14.68338966,0.34036879
43885,0.35942879,0.35942879,1e-05,5.07142496,0.34040847
43890,0.30426791,0.30426791,1e-05,3.63593173,0.34044816
43895,0.37679358,0.35437846,1e-05,4.32881975,0.34048785
43900,0.27925687,0.27925684,1e-05,4.42123652,0.34052754
43905,0.29673798,0.29673803,1e-05,5.39305115,0.34056723
43910,0.31535859,0.31535859,1e-05,3.66083312,0.34060692
43915,0.3329401,0.33294008,1e-05,3.38668728,0.34064661
43920,0.34598455,0.34598453,1e-05,4.85191393,0.34068629
43925,0.22813144,0.22813141,1e-05,7.46195269,0.34072598
43930,0.26194582,0.26194582,1e-05,6.90659571,0.34076567
43935,0.31614299,0.31614299,1e-05,8.73345661,0.34080536
43940,0.25498366,0.25498366,1e-05,4.90494919,0.34084505
43945,0.28874781,0.28874784,1e-05,3.90586782,0.34088474
43950,0.33971393,0.33971391,1e-05,12.7191391,0.34092443
43955,0.3486927,0.3486927,1e-05,5.52687407,0.34096411
43960,0.38127527,0.38127527,1e-05,5.57194424,0.3410038
43965,0.28587005,0.28587003,1e-05,3.7153244,0.34104349
43970,0.28086746,0.28086743,1e-05,3.56572413,0.34108318
43975,0.31541028,0.31541028,1e-05,5.47632933,0.34112287
43980,0.3002002,0.30020018,1e-05,4.07893229,0.34116256
43985,0.274616,0.274616,1e-05,5.85714149,0.34120224
43990,0.30937693,0.30937693,1e-05,3.40011787,0.34124193
43995,0.2973424,0.29734242,1e-05,5.46586704,0.34128162
44000,0.28735986,0.28735986,1e-05,5.12846661,0.34132131
44005,0.25456395,0.25456395,1e-05,5.55175877,0.341361
44010,0.28783684,0.28783684,1e-05,3.60839295,0.34140069
44015,0.32641153,0.32641153,1e-05,5.73691702,0.34144038
44020,0.29861326,0.29861324,1e-05,5.77752066,0.34148006
44025,0.27775235,0.27775235,1e-05,20.31809044,0.34151975
44030,0.25759614,0.25759614,1e-05,13.97451782,0.34155944
44035,0.26914101,0.26914105,1e-05,4.0586586,0.34159913
44040,0.33984132,0.33984129,1e-05,4.95940781,0.34163882
44045,0.33561301,0.33561301,1e-05,10.35311317,0.34167851
44050,0.26388636,0.26388638,1e-05,4.03235674,0.3417182
44055,0.25189598,0.25189595,1e-05,2.91754198,0.34175788
44060,0.30249295,0.30249295,1e-05,5.16010857,0.34179757
44065,0.28110211,0.28110211,1e-05,5.89942265,0.34183726
44070,0.29369149,0.29369149,1e-05,4.64195967,0.34187695
44075,0.26823659,0.26823659,1e-05,9.33850956,0.34191664
44080,0.32275512,0.32275512,1e-05,3.70671678,0.34195633
44085,0.31970534,0.31970534,1e-05,5.12084627,0.34199602
44090,0.27734952,0.27734952,1e-05,5.62700081,0.3420357
44095,0.32626569,0.32626567,1e-05,4.38670492,0.34207539
44100,0.29955497,0.29955497,1e-05,4.46766949,0.34211508
44105,0.30189054,0.30189056,1e-05,3.41541624,0.34215477
44110,0.27987661,0.27987661,1e-05,8.58046436,0.34219446
44115,0.26370955,0.26370955,1e-05,6.37857819,0.34223415
44120,0.29742737,0.29742734,1e-05,4.86129951,0.34227383
44125,0.26523595,0.26523595,1e-05,5.09358501,0.34231352
44130,0.31538377,0.31538377,1e-05,5.57247972,0.34235321
44135,0.3047931,0.30479312,1e-05,4.1854496,0.3423929
44140,0.34681675,0.34681673,1e-05,4.13861799,0.34243259
44145,0.25621099,0.25621099,1e-05,3.65731788,0.34247228
44150,0.29563484,0.29563484,1e-05,3.48318863,0.34251197
44155,0.3087256,0.3087256,1e-05,4.78662634,0.34255165
44160,0.35422587,0.3542259,1e-05,6.19298792,0.34259134
44165,0.31255603,0.31255598,1e-05,4.25980091,0.34263103
44170,0.26888988,0.2688899,1e-05,4.65926886,0.34267072
44175,0.2620892,0.2620892,1e-05,2.21348691,0.34271041
44180,0.30525646,0.30525646,1e-05,3.87796998,0.3427501
44185,0.30675423,0.30675426,1e-05,4.48274374,0.34278979
44190,0.3447042,0.34470425,1e-05,7.41026211,0.34282947
44195,0.27446942,0.27446942,1e-05,5.44100523,0.34286916
44200,0.3082588,0.30825877,1e-05,5.47344875,0.34290885
44205,0.38975368,0.38809704,1e-05,2.11629605,0.34294854
44210,0.30428967,0.30441581,1e-05,6.03052139,0.34298823
44215,0.32437205,0.32437201,1e-05,4.5683918,0.34302792
44220,0.29302855,0.29302855,1e-05,6.0172863,0.34306761
44225,0.32233868,0.32233865,1e-05,4.65880108,0.34310729
44230,0.30623088,0.3062309,1e-05,5.31077719,0.34314698
44235,0.3239948,0.32399478,1e-05,5.53055096,0.34318667
44240,0.26405709,0.26405709,1e-05,4.95335007,0.34322636
44245,0.28542099,0.28542099,1e-05,3.74673557,0.34326605
44250,0.2924917,0.29249172,1e-05,3.81705189,0.34330574
44255,0.26080809,0.26080809,1e-05,3.56192636,0.34334543
44260,0.30509622,0.30509622,1e-05,2.95748425,0.34338511
44265,0.32637019,0.32637019,1e-05,2.98707008,0.3434248
44270,0.30180757,0.30180759,1e-05,6.54855061,0.34346449
44275,0.31633894,0.31633897,1e-05,5.56107664,0.34350418
44280,0.26170702,0.26170702,1e-05,4.5955615,0.34354387
44285,0.3558099,0.35580993,1e-05,4.83170271,0.34358356
44290,0.32358027,0.32358027,1e-05,5.03086758,0.34362324
44295,0.28119898,0.28119898,1e-05,5.2989502,0.34366293
44300,0.31285768,0.31285768,1e-05,5.09552193,0.34370262
44305,0.27729614,0.27729611,1e-05,3.3596611,0.34374231
44310,0.28134828,0.28134823,1e-05,5.69132662,0.343782
44315,0.28036244,0.28036242,1e-05,6.26982927,0.34382169
44320,0.28406453,0.28406451,1e-05,5.03887892,0.34386138
44325,0.31925621,0.31925621,1e-05,4.1298871,0.34390106
44330,0.32008915,0.32008913,1e-05,4.71096992,0.34394075
44335,0.29314556,0.29314556,1e-05,6.47880936,0.34398044
44340,0.31127281,0.31127281,1e-05,6.60777712,0.34402013
44345,0.33360498,0.33360498,1e-05,4.62638569,0.34405982
44350,0.34279442,0.34279442,1e-05,5.22841835,0.34409951
44355,0.29465246,0.29465246,1e-05,3.32407594,0.3441392
44360,0.26494045,0.26494045,1e-05,5.08532286,0.34417888
44365,0.27800217,0.27800219,1e-05,5.4642868,0.34421857
44370,0.25046544,0.25046544,1e-05,4.26198339,0.34425826
44375,0.26078272,0.26078272,1e-05,4.33686686,0.34429795
44380,0.31034787,0.31034784,1e-05,4.6944232,0.34433764
44385,0.34054799,0.34054799,1e-05,5.83933544,0.34437733
44390,0.31934233,0.31934233,1e-05,5.19951057,0.34441702
44395,0.27331235,0.27331235,1e-05,7.9172473,0.3444567
44400,0.27738941,0.27738943,1e-05,4.32347488,0.34449639
44405,0.3149363,0.3149363,1e-05,3.67044926,0.34453608
44410,0.26978347,0.26978347,1e-05,5.99144936,0.34457577
44415,0.27528598,0.27528601,1e-05,4.92920542,0.34461546
44420,0.27109756,0.27109761,1e-05,4.99360514,0.34465515
44425,0.31570926,0.31570926,1e-05,4.8154726,0.34469483
44430,0.31481011,0.31481011,1e-05,3.67577648,0.34473452
44435,0.27621269,0.27621267,1e-05,4.10739279,0.34477421
44440,0.33040426,0.33040426,1e-05,12.76716805,0.3448139
44445,0.26021156,0.26021156,1e-05,5.98582077,0.34485359
44450,0.31587241,0.31587243,1e-05,4.07959223,0.34489328
44455,0.31879587,0.3187959,1e-05,4.75722933,0.34493297
44460,0.28356898,0.28356895,1e-05,4.80864286,0.34497265
44465,0.27069747,0.2706975,1e-05,5.61358404,0.34501234
44470,0.28488169,0.28488169,1e-05,4.94876003,0.34505203
44475,0.30752759,0.30752761,1e-05,6.87429905,0.34509172
44480,0.31536798,0.31536798,1e-05,4.73999548,0.34513141
44485,0.29611361,0.29611361,1e-05,4.65511656,0.3451711
44490,0.31099494,0.31099496,1e-05,5.03484201,0.34521079
44495,0.29698877,0.29698875,1e-05,5.13842297,0.34525047
44500,0.33352132,0.33352134,1e-05,4.86547518,0.34529016
44505,0.27901144,0.27901142,1e-05,3.81689167,0.34532985
44510,0.29853203,0.29853203,1e-05,5.9618988,0.34536954
44515,0.30113854,0.30113854,1e-05,5.80243492,0.34540923
44520,0.33268471,0.3315724,1e-05,5.46418715,0.34544892
44525,0.32140508,0.32140508,1e-05,4.70631313,0.34548861
44530,0.29360671,0.29360676,1e-05,4.46567822,0.34552829
44535,0.29197381,0.29197378,1e-05,5.39375639,0.34556798
44540,0.31665726,0.31665726,1e-05,4.60750389,0.34560767
44545,0.27278776,0.27278779,1e-05,3.31700611,0.34564736
44550,0.38330591,0.38330591,1e-05,6.94077635,0.34568705
44555,0.3236439,0.3236439,1e-05,4.31166077,0.34572674
44560,0.27969964,0.27969966,1e-05,4.83982897,0.34576643
44565,0.28839493,0.28839493,1e-05,6.64738703,0.34580611
44570,0.25383973,0.25383973,1e-05,5.37329721,0.3458458
44575,0.28908274,0.28908272,1e-05,4.8058877,0.34588549
44580,0.29205673,0.2920567,1e-05,8.14443207,0.34592518
44585,0.35816195,0.35816197,1e-05,5.44108343,0.34596487
44590,0.22978415,0.22978415,1e-05,4.09875631,0.34600456
44595,0.30793576,0.30793576,1e-05,4.4735055,0.34604424
44600,0.3276835,0.32768352,1e-05,4.79741049,0.34608393
44605,0.31436789,0.31436787,1e-05,4.74974251,0.34612362
44610,0.30519662,0.30519662,1e-05,4.83744431,0.34616331
44615,0.30349815,0.30349817,1e-05,3.66332722,0.346203
44620,0.28417525,0.28417525,1e-05,4.8110795,0.34624269
44625,0.27143538,0.27143536,1e-05,5.78035927,0.34628238
44630,0.30155468,0.30155468,1e-05,5.21998358,0.34632206
44635,0.31708217,0.31708217,1e-05,5.15824747,0.34636175
44640,0.25692854,0.25692852,1e-05,4.56367683,0.34640144
44645,0.31167033,0.3116703,1e-05,4.80272102,0.34644113
44650,0.29470162,0.29470162,1e-05,4.16468573,0.34648082
44655,0.27451878,0.27451878,1e-05,9.91450119,0.34652051
44660,0.29419928,0.29419928,1e-05,8.0617466,0.3465602
44665,0.22704511,0.22704511,1e-05,6.05690622,0.34659988
44670,0.38397431,0.38397427,1e-05,4.86347866,0.34663957
44675,0.25719619,0.25719619,1e-05,3.93301439,0.34667926
44680,0.30843194,0.30843191,1e-05,4.74411774,0.34671895
44685,0.31510916,0.31510916,1e-05,9.89622211,0.34675864
44690,0.27705927,0.27705927,1e-05,6.16963482,0.34679833
44695,0.29929709,0.29929712,1e-05,6.19511318,0.34683802
44700,0.29625888,0.29625888,1e-05,3.3793242,0.3468777
44705,0.2655339,0.26553392,1e-05,4.35200024,0.34691739
44710,0.31626251,0.31626251,1e-05,5.53293324,0.34695708
44715,0.29795344,0.29795346,1e-05,3.5977366,0.34699677
44720,0.2995821,0.29958212,1e-05,5.85840464,0.34703646
44725,0.28734548,0.28734546,1e-05,5.34520054,0.34707615
44730,0.34640436,0.34640431,1e-05,6.90327311,0.34711583
44735,0.31595054,0.31595054,1e-05,7.17614031,0.34715552
44740,0.31209054,0.31209054,1e-05,3.99639344,0.34719521
44745,0.34331076,0.34331079,1e-05,5.00351238,0.3472349
44750,0.31528282,0.31528282,1e-05,5.10750866,0.34727459
44755,0.30001168,0.30001168,1e-05,4.30278349,0.34731428
44760,0.30998831,0.30998831,1e-05,7.02969265,0.34735397
44765,0.36719811,0.36719811,1e-05,14.70753956,0.34739365
44770,0.30688856,0.30688853,1e-05,5.13545561,0.34743334
44775,0.26418324,0.26418324,1e-05,4.52653837,0.34747303
44780,0.32933719,0.32933722,1e-05,11.07209682,0.34751272
44785,0.3271162,0.3271162,1e-05,7.42434645,0.34755241
44790,0.28416791,0.28416791,1e-05,3.01848197,0.3475921
44795,0.34531784,0.34531784,1e-05,5.12084293,0.34763179
44800,0.32240686,0.32240689,1e-05,6.76970053,0.34767147
44805,0.26903324,0.26903324,1e-05,6.17712593,0.34771116
44810,0.26166658,0.26166656,1e-05,4.1746521,0.34775085
44815,0.29903169,0.29903166,1e-05,5.80908537,0.34779054
44820,0.28204982,0.28204985,1e-05,3.17898917,0.34783023
44825,0.25425041,0.25425041,1e-05,4.95222378,0.34786992
44830,0.33977928,0.33977923,1e-05,4.3685627,0.34790961
44835,0.37436657,0.36391817,1e-05,5.19944286,0.34794929
44840,0.30743494,0.30743494,1e-05,4.70635509,0.34798898
44845,0.2808311,0.2808311,1e-05,4.22022915,0.34802867
44850,0.38080215,0.38080215,1e-05,6.82745504,0.34806836
44855,0.30490074,0.30490072,1e-05,6.20627975,0.34810805
44860,0.28273606,0.28273606,1e-05,6.98864698,0.34814774
44865,0.33126757,0.33126755,1e-05,4.00942183,0.34818743
44870,0.29861827,0.29861827,1e-05,5.33462,0.34822711
44875,0.28080263,0.28080268,1e-05,5.1438117,0.3482668
44880,0.26096613,0.26096611,1e-05,3.95252442,0.34830649
44885,0.29403071,0.29403071,1e-05,6.40414953,0.34834618
44890,0.25613475,0.25613475,1e-05,11.66386986,0.34838587
44895,0.33916125,0.33916121,1e-05,5.35802841,0.34842556
44900,0.3106802,0.3106802,1e-05,4.05407572,0.34846524
44905,0.32711506,0.32711506,1e-05,2.69658089,0.34850493
44910,0.29667912,0.29667912,1e-05,8.94033813,0.34854462
44915,0.2789036,0.27890363,1e-05,4.35948801,0.34858431
44920,0.33630519,0.33630517,1e-05,5.20599794,0.348624
44925,0.26383684,0.26383686,1e-05,4.17520523,0.34866369
44930,0.29514503,0.29514503,1e-05,4.35708618,0.34870338
44935,0.30894132,0.30894132,1e-05,4.38510561,0.34874306
44940,0.30043616,0.30043616,1e-05,6.39782715,0.34878275
44945,0.30878339,0.30878339,1e-05,4.50953293,0.34882244
44950,0.28846135,0.28846135,1e-05,3.85440326,0.34886213
44955,0.29038634,0.29038634,1e-05,5.55704594,0.34890182
44960,0.30419848,0.3041985,1e-05,4.90143108,0.34894151
44965,0.36898925,0.36898928,1e-05,8.41296196,0.3489812
44970,0.21671362,0.2167136,1e-05,4.51481104,0.34902088
44975,0.2425211,0.24252112,1e-05,5.06832981,0.34906057
44980,0.28446112,0.28446112,1e-05,5.56151199,0.34910026
44985,0.24435883,0.24435883,1e-05,3.89194965,0.34913995
44990,0.33104448,0.33104451,1e-05,4.97531939,0.34917964
44995,0.30318139,0.30318139,1e-05,4.21852636,0.34921933
45000,0.29920979,0.29920981,1e-05,5.35912991,0.34925902
45005,0.34549553,0.34549551,1e-05,7.07991695,0.3492987
45010,0.3026643,0.3026643,1e-05,4.19096708,0.34933839
45015,0.27148523,0.27148519,1e-05,4.32098198,0.34937808
45020,0.28314893,0.28314893,1e-05,12.42135143,0.34941777
45025,0.28802896,0.28802896,1e-05,4.56217003,0.34945746
45030,0.3306025,0.3306025,1e-05,2.48682022,0.34949715
45035,0.26614532,0.26614532,1e-05,5.07173252,0.34953683
45040,0.29139895,0.29139898,1e-05,4.04286146,0.34957652
45045,0.31623316,0.31623316,1e-05,4.65943956,0.34961621
45050,0.32938366,0.32938364,1e-05,4.90220165,0.3496559
45055,0.27010388,0.27010388,1e-05,4.98517084,0.34969559
45060,0.29806571,0.29806573,1e-05,4.55659294,0.34973528
45065,0.26853254,0.26853251,1e-05,4.61565399,0.34977497
45070,0.2685029,0.2685029,1e-05,8.19167709,0.34981465
45075,0.28038921,0.28038921,1e-05,5.04576349,0.34985434
45080,0.30227141,0.30227144,1e-05,3.61783266,0.34989403
45085,0.26755643,0.26755648,1e-05,3.46850443,0.34993372
45090,0.33130503,0.331305,1e-05,5.3812952,0.34997341
45095,0.30099707,0.30099707,1e-05,5.5520463,0.3500131
45100,0.27360497,0.27360497,1e-05,4.5027585,0.35005279
45105,0.28167343,0.28167346,1e-05,5.68479967,0.35009247
45110,0.27006302,0.27006304,1e-05,4.63273096,0.35013216
45115,0.26744695,0.26744695,1e-05,4.29372215,0.35017185
45120,0.3390285,0.3390285,1e-05,3.93742681,0.35021154
45125,0.33400149,0.33400149,1e-05,5.98808575,0.35025123
45130,0.31173496,0.31173496,1e-05,3.77985954,0.35029092
45135,0.31598048,0.31598048,1e-05,3.50737977,0.35033061
45140,0.32405581,0.32405581,1e-05,4.18510485,0.35037029
45145,0.33695531,0.3225041,1e-05,3.4625411,0.35040998
45150,0.23790426,0.23790426,1e-05,3.55512953,0.35044967
45155,0.29393563,0.29393563,1e-05,5.58071899,0.35048936
45160,0.34004712,0.34004712,1e-05,4.70467901,0.35052905
45165,0.28585305,0.28585305,1e-05,5.22290182,0.35056874
45170,0.33482327,0.33482327,1e-05,3.177701,0.35060843
45175,0.32742391,0.32742391,1e-05,6.33373642,0.35064811
45180,0.26082101,0.26082098,1e-05,2.72559786,0.3506878
45185,0.25597281,0.25597281,1e-05,3.53244638,0.35072749
45190,0.25757883,0.2575788,1e-05,4.83228159,0.35076718
45195,0.30224316,0.30224316,1e-05,4.45190144,0.35080687
45200,0.29895115,0.2989511,1e-05,6.38544464,0.35084656
45205,0.24911835,0.24911833,1e-05,3.47277141,0.35088624
45210,0.28547678,0.28547678,1e-05,4.91672802,0.35092593
45215,0.29804158,0.29804158,1e-05,4.91692257,0.35096562
45220,0.34233229,0.34233232,1e-05,6.91211557,0.35100531
45225,0.27921028,0.27921026,1e-05,3.29948211,0.351045
45230,0.28545122,0.28545122,1e-05,6.00903225,0.35108469
45235,0.25307896,0.25307899,1e-05,6.3814764,0.35112438
45240,0.279561,0.279561,1e-05,9.59300804,0.35116406
45245,0.29690475,0.29690475,1e-05,4.61127758,0.35120375
45250,0.3316613,0.33166132,1e-05,6.2097826,0.35124344
45255,0.2817595,0.2817595,1e-05,8.05000591,0.35128313
45260,0.28033338,0.28033338,1e-05,7.55192232,0.35132282
45265,0.32101188,0.32101188,1e-05,5.64963961,0.35136251
45270,0.32011182,0.32011182,1e-05,5.26789331,0.3514022
45275,0.29474173,0.29474173,1e-05,3.26799464,0.35144188
45280,0.29048514,0.29048514,1e-05,4.53567553,0.35148157
45285,0.30047688,0.30047688,1e-05,6.23972845,0.35152126
45290,0.25060983,0.25060983,1e-05,3.86242795,0.35156095
45295,0.27571471,0.27571468,1e-05,3.31991673,0.35160064
45300,0.29583309,0.29583309,1e-05,5.59869146,0.35164033
45305,0.24999573,0.24999573,1e-05,5.76065588,0.35168002
45310,0.29707506,0.29707506,1e-05,6.97475004,0.3517197
45315,0.29756355,0.29756355,1e-05,4.07188749,0.35175939
45320,0.33990586,0.33990586,1e-05,4.85477591,0.35179908
45325,0.32390618,0.32390623,1e-05,3.63764358,0.35183877
45330,0.32767601,0.32767601,1e-05,3.90214753,0.35187846
45335,0.27815659,0.27815659,1e-05,3.48453617,0.35191815
45340,0.2842092,0.2842092,1e-05,5.26970243,0.35195783
45345,0.29130316,0.29130316,1e-05,3.55570364,0.35199752
45350,0.25351672,0.25351675,1e-05,5.52600384,0.35203721
45355,0.30636773,0.30636773,1e-05,4.74600554,0.3520769
45360,0.26281559,0.26281557,1e-05,4.40685749,0.35211659
45365,0.38487482,0.38487482,1e-05,4.55277729,0.35215628
45370,0.32557731,0.32557731,1e-05,4.23183441,0.35219597
45375,0.31896002,0.31896005,1e-05,5.55535889,0.35223565
45380,0.29607124,0.29607127,1e-05,7.09954453,0.35227534
45385,0.23254418,0.23254418,1e-05,3.91468644,0.35231503
45390,0.36049366,0.36049361,1e-05,5.19897795,0.35235472
45395,0.30961542,0.3096154,1e-05,3.82187152,0.35239441
45400,0.29959157,0.29959157,1e-05,5.37366581,0.3524341
45405,0.27867179,0.27867177,1e-05,5.63307905,0.35247379
45410,0.32545037,0.32545037,1e-05,5.44387531,0.35251347
45415,0.36832452,0.36832452,1e-05,3.90317345,0.35255316
45420,0.30737758,0.30737758,1e-05,4.42065096,0.35259285
45425,0.32657075,0.32657075,1e-05,4.96073198,0.35263254
45430,0.2868242,0.2868242,1e-05,4.45748758,0.35267223
45435,0.32278094,0.32278094,1e-05,7.36461687,0.35271192
45440,0.25972786,0.25972781,1e-05,3.56713748,0.35275161
45445,0.28228555,0.2822855,1e-05,5.65118837,0.35279129
45450,0.25455546,0.25455546,1e-05,4.34500313,0.35283098
45455,0.31341202,0.31341205,1e-05,5.09648705,0.35287067
45460,0.43468442,0.39967632,1e-05,4.4706645,0.35291036
45465,0.29203477,0.29203477,1e-05,5.53706694,0.35295005
45470,0.30038085,0.30038085,1e-05,7.06240225,0.35298974
45475,0.29884398,0.29884398,1e-05,4.35387421,0.35302943
45480,0.28537452,0.28537455,1e-05,4.71241808,0.35306911
45485,0.34194665,0.34194663,1e-05,7.23357677,0.3531088
45490,0.28606639,0.28606641,1e-05,4.53979397,0.35314849
45495,0.32380803,0.323808,1e-05,4.84468603,0.35318818
45500,0.27793589,0.27793589,1e-05,4.14640665,0.35322787
45505,0.34472442,0.34472442,1e-05,5.02742386,0.35326756
45510,0.29900379,0.29900379,1e-05,4.87702799,0.35330724
45515,0.31983719,0.31983719,1e-05,3.74848056,0.35334693
45520,0.27788191,0.27788191,1e-05,3.16597652,0.35338662
45525,0.30402641,0.30402641,1e-05,4.40332365,0.35342631
45530,0.27408109,0.27408109,1e-05,4.19340849,0.353466
45535,0.301368,0.301368,1e-05,4.73091316,0.35350569
45540,0.30148809,0.30148811,1e-05,4.9913249,0.35354538
45545,0.29982858,0.29982858,1e-05,4.40050745,0.35358506
45550,0.26174855,0.26174855,1e-05,4.60564804,0.35362475
45555,0.32978826,0.32978821,1e-05,5.17662096,0.35366444
45560,0.30232618,0.3023262,1e-05,6.37239838,0.35370413
45565,0.33161445,0.33161445,1e-05,4.73533106,0.35374382
45570,0.29389839,0.29389834,1e-05,5.4793539,0.35378351
45575,0.3259186,0.32591858,1e-05,5.16081858,0.3538232
45580,0.27406001,0.27406001,1e-05,7.44850016,0.35386288
45585,0.3143743,0.31437426,1e-05,4.85444164,0.35390257
45590,0.37890902,0.37890899,1e-05,4.45124578,0.35394226
45595,0.25311599,0.25311601,1e-05,4.01033115,0.35398195
45600,0.31520734,0.31520734,1e-05,4.25451517,0.35402164
45605,0.27175169,0.27175169,1e-05,6.14464808,0.35406133
45610,0.30250168,0.30250168,1e-05,4.30421209,0.35410102
45615,0.28256166,0.28256164,1e-05,3.42625189,0.3541407
45620,0.37066257,0.37066255,1e-05,6.74416733,0.35418039
45625,0.31977408,0.3197741,1e-05,4.86209202,0.35422008
45630,0.32177827,0.3217783,1e-05,3.66677499,0.35425977
45635,0.32241921,0.32241921,1e-05,6.04765463,0.35429946
45640,0.30577817,0.30577817,1e-05,7.58205128,0.35433915
45645,0.30463963,0.30463963,1e-05,4.55972147,0.35437883
45650,0.27058067,0.27058067,1e-05,5.26614618,0.35441852
45655,0.25875688,0.25875688,1e-05,6.00049591,0.35445821
45660,0.31367416,0.31367416,1e-05,4.1514535,0.3544979
45665,0.2392518,0.23925183,1e-05,4.20679903,0.35453759
45670,0.28106863,0.28106863,1e-05,4.81449175,0.35457728
45675,0.29559093,0.29559093,1e-05,3.44162154,0.35461697
45680,0.29624667,0.29624667,1e-05,3.569278,0.35465665
45685,0.30091956,0.30091956,1e-05,3.47092652,0.35469634
45690,0.32276201,0.32276204,1e-05,5.96732759,0.35473603
45695,0.29462848,0.29462848,1e-05,3.80524516,0.35477572
45700,0.29456003,0.29456003,1e-05,5.48775482,0.35481541
45705,0.2907196,0.2907196,1e-05,4.71832561,0.3548551
45710,0.32458179,0.32458179,1e-05,6.59281254,0.35489479
45715,0.3644527,0.3644527,1e-05,7.02298498,0.35493447
45720,0.27235427,0.27235427,1e-05,4.80246878,0.35497416
45725,0.31272166,0.31272163,1e-05,4.67055511,0.35501385
45730,0.29082601,0.29082603,1e-05,4.34673595,0.35505354
45735,0.31359012,0.31359012,1e-05,3.330158,0.35509323
45740,0.33751826,0.33751829,1e-05,4.4936285,0.35513292
45745,0.33644271,0.33644266,1e-05,9.15285683,0.35517261
45750,0.37876158,0.37876158,1e-05,6.49028349,0.35521229
45755,0.31840506,0.31840506,1e-05,5.46174097,0.35525198
45760,0.31124086,0.31124086,1e-05,5.65819502,0.35529167
45765,0.29859409,0.29859412,1e-05,5.89156675,0.35533136
45770,0.25782466,0.25681125,1e-05,5.73267508,0.35537105
45775,0.33105912,0.30985762,1e-05,7.69783688,0.35541074
45780,0.29642382,0.29642382,1e-05,6.04275656,0.35545043
45785,0.27477145,0.2747714,1e-05,4.51864481,0.35549011
45790,0.29845281,0.29845276,1e-05,3.51427889,0.3555298
45795,0.3020329,0.3020329,1e-05,6.80235434,0.35556949
45800,0.29908988,0.29908986,1e-05,3.84802461,0.35560918
45805,0.29099813,0.29099808,1e-05,5.17696571,0.35564887
45810,0.28945346,0.28945348,1e-05,6.69388008,0.35568856
45815,0.29480183,0.29480183,1e-05,4.22995234,0.35572824
45820,0.30370274,0.30370271,1e-05,4.23422146,0.35576793
45825,0.32478342,0.32478342,1e-05,10.31521034,0.35580762
45830,0.23434448,0.23434446,1e-05,5.23814869,0.35584731
45835,0.28740876,0.28740878,1e-05,5.51966333,0.355887
45840,0.31953747,0.3195375,1e-05,3.1423471,0.35592669
45845,0.36661203,0.36661201,1e-05,7.0696497,0.35596638
45850,0.31829443,0.31829443,1e-05,4.72133541,0.35600606
45855,0.33217654,0.33217657,1e-05,5.58073378,0.35604575
45860,0.34330058,0.34330058,1e-05,4.92882252,0.35608544
45865,0.2986865,0.29868655,1e-05,5.0624299,0.35612513
45870,0.33922672,0.3392267,1e-05,4.18679571,0.35616482
45875,0.36408374,0.36408372,1e-05,6.29538393,0.35620451
45880,0.29807029,0.29807029,1e-05,9.13155746,0.3562442
45885,0.32022581,0.32022581,1e-05,4.39640474,0.35628388
45890,0.2817368,0.2817368,1e-05,5.33969545,0.35632357
45895,0.3014801,0.30148013,1e-05,5.0452013,0.35636326
45900,0.28105373,0.28105373,1e-05,3.33078909,0.35640295
45905,0.29370813,0.29370813,1e-05,5.33163309,0.35644264
45910,0.31338301,0.31338305,1e-05,8.64027596,0.35648233
45915,0.3306807,0.3306807,1e-05,5.57852554,0.35652202
45920,0.27975674,0.27975674,1e-05,4.87168312,0.3565617
45925,0.31214056,0.31214056,1e-05,5.92910957,0.35660139
45930,0.2947751,0.2947751,1e-05,3.48167086,0.35664108
45935,0.28139682,0.28139682,1e-05,3.77771401,0.35668077
45940,0.240607,0.24060702,1e-05,3.39719725,0.35672046
45945,0.24782791,0.24782789,1e-05,4.35815907,0.35676015
45950,0.37667737,0.37667737,1e-05,6.61473227,0.35679983
45955,0.34702835,0.34702835,1e-05,7.2907505,0.35683952
45960,0.29856846,0.29856849,1e-05,4.50203085,0.35687921
45965,0.34630356,0.34630353,1e-05,4.27163363,0.3569189
45970,0.27369013,0.27369013,1e-05,6.6341114,0.35695859
45975,0.27344589,0.27344589,1e-05,4.54647732,0.35699828
45980,0.32155173,0.3215517,1e-05,5.41632652,0.35703797
45985,0.31163511,0.31163511,1e-05,5.15792799,0.35707765
45990,0.26810541,0.26810541,1e-05,5.70632648,0.35711734
45995,0.31127172,0.31127167,1e-05,4.15788507,0.35715703
46000,0.32332106,0.32332106,1e-05,6.08708239,0.35719672
46005,0.2998385,0.2998385,1e-05,5.17928982,0.35723641
46010,0.32721586,0.32721591,1e-05,3.63388896,0.3572761
46015,0.30208693,0.30208695,1e-05,4.71651363,0.35731579
46020,0.27879636,0.27879634,1e-05,5.68640375,0.35735547
46025,0.27342706,0.27342706,1e-05,4.82067156,0.35739516
46030,0.32055407,0.32055404,1e-05,5.81005001,0.35743485
46035,0.32649183,0.32649183,1e-05,4.05262375,0.35747454
46040,0.27494717,0.27494717,1e-05,5.40993357,0.35751423
46045,0.31785808,0.31785805,1e-05,8.61950207,0.35755392
46050,0.28119373,0.28119373,1e-05,3.90214896,0.35759361
46055,0.32901158,0.32901163,1e-05,5.4934392,0.35763329
46060,0.33338709,0.33338709,1e-05,5.81951094,0.35767298
46065,0.28531728,0.28531728,1e-05,3.51240754,0.35771267
46070,0.22193751,0.22193751,1e-05,3.6192522,0.35775236
46075,0.29042184,0.29042187,1e-05,5.83871746,0.35779205
46080,0.29441452,0.29441454,1e-05,4.81159639,0.35783174
46085,0.43981104,0.43230253,1e-05,4.74823618,0.35787143
46090,0.27568812,0.27568812,1e-05,3.05049324,0.35791111
46095,0.2854898,0.2854898,1e-05,3.85574794,0.3579508
46100,0.3312346,0.3312346,1e-05,4.88488388,0.35799049
46105,0.35265861,0.35265861,1e-05,5.02638721,0.35803018
46110,0.35914114,0.35914116,1e-05,7.36509657,0.35806987
46115,0.33550949,0.33550947,1e-05,6.48972368,0.35810956
46120,0.29125733,0.29125733,1e-05,3.69651604,0.35814924
46125,0.29261456,0.29261456,1e-05,4.87178278,0.35818893
46130,0.32758491,0.32758493,1e-05,6.12946033,0.35822862
46135,0.2632762,0.2632762,1e-05,4.61092424,0.35826831
46140,0.26735802,0.26735802,1e-05,4.20884323,0.358308
46145,0.34118094,0.34118099,1e-05,5.46299267,0.35834769
46150,0.30854449,0.30854449,1e-05,3.25499821,0.35838738
46155,0.31592088,0.31592083,1e-05,4.54636669,0.35842706
46160,0.32996125,0.32996125,1e-05,4.55091381,0.35846675
46165,0.36337557,0.36337557,1e-05,5.87858105,0.35850644
46170,0.27737708,0.27737708,1e-05,3.22105646,0.35854613
46175,0.34156604,0.34156604,1e-05,5.09194469,0.35858582
46180,0.28260221,0.28260221,1e-05,4.6381073,0.35862551
46185,0.36145754,0.36145754,1e-05,4.88243103,0.3586652
46190,0.28751435,0.28751435,1e-05,4.08361435,0.35870488
46195,0.32873557,0.32873559,1e-05,4.09087467,0.35874457
46200,0.29854374,0.29854372,1e-05,4.96028042,0.35878426
46205,0.34241955,0.34241953,1e-05,5.60438061,0.35882395
46210,0.28061419,0.28061419,1e-05,4.39058113,0.35886364
46215,0.34294887,0.34294887,1e-05,8.69501877,0.35890333
46220,0.33077836,0.33077836,1e-05,5.52448225,0.35894302
46225,0.3569663,0.35696635,1e-05,4.9193182,0.3589827
46230,0.27443619,0.27443619,1e-05,10.49543953,0.35902239
46235,0.28398895,0.28398895,1e-05,6.36047316,0.35906208
46240,0.3242413,0.3242413,1e-05,4.22067213,0.35910177
46245,0.31883359,0.31883359,1e-05,4.88097715,0.35914146
46250,0.32608995,0.32608991,1e-05,4.21399832,0.35918115
46255,0.33015826,0.33015823,1e-05,4.4448638,0.35922083
46260,0.29814281,0.29814281,1e-05,7.56177139,0.35926052
46265,0.3318965,0.3318965,1e-05,6.10859299,0.35930021
46270,0.29683506,0.29683509,1e-05,3.42054224,0.3593399
46275,0.25934222,0.25934224,1e-05,9.37770844,0.35937959
46280,0.32219915,0.32219915,1e-05,4.76093721,0.35941928
46285,0.35504074,0.35504072,1e-05,7.05491114,0.35945897
46290,0.29668875,0.29668875,1e-05,4.6492219,0.35949865
46295,0.36360455,0.36360455,1e-05,4.75863361,0.35953834
46300,0.25880191,0.25880194,1e-05,4.71171474,0.35957803
46305,0.30072629,0.30072627,1e-05,5.49897242,0.35961772
46310,0.32203283,0.32203283,1e-05,9.6349659,0.35965741
46315,0.31626754,0.31626754,1e-05,4.26624775,0.3596971
46320,0.26686697,0.26686697,1e-05,4.56702328,0.35973679
46325,0.34217904,0.34217904,1e-05,3.91378164,0.35977647
46330,0.29220219,0.29220221,1e-05,4.05643415,0.35981616
46335,0.33004956,0.33004961,1e-05,5.12433386,0.35985585
46340,0.30524611,0.30524611,1e-05,4.87059116,0.35989554
46345,0.32264264,0.32264266,1e-05,5.66247272,0.35993523
46350,0.34453421,0.34453421,1e-05,3.56141114,0.35997492
46355,0.29089966,0.29089968,1e-05,4.72921848,0.36001461
46360,0.29138193,0.29138193,1e-05,6.09584999,0.36005429
46365,0.31412797,0.31412792,1e-05,4.26883507,0.36009398
46370,0.28267901,0.28267899,1e-05,4.8300786,0.36013367
46375,0.25318508,0.25318508,1e-05,5.98466682,0.36017336
46380,0.24553437,0.24553435,1e-05,3.30252075,0.36021305
46385,0.32256794,0.32256794,1e-05,7.16451359,0.36025274
46390,0.24866014,0.24866018,1e-05,4.05550623,0.36029243
46395,0.32253704,0.32253704,1e-05,4.49692583,0.36033211
46400,0.31836648,0.29475964,1e-05,4.04661512,0.3603718
46405,0.29440618,0.29440613,1e-05,4.7282877,0.36041149
46410,0.30608437,0.30608435,1e-05,2.84163737,0.36045118
46415,0.27062235,0.27062235,1e-05,2.58879685,0.36049087
46420,0.35540197,0.35540195,1e-05,4.90148449,0.36053056
46425,0.31883368,0.31883366,1e-05,4.79678059,0.36057024
46430,0.28605142,0.28605142,1e-05,4.02933645,0.36060993
46435,0.28683307,0.28683305,1e-05,3.35626388,0.36064962
46440,0.28262074,0.28262074,1e-05,4.47360563,0.36068931
46445,0.29581745,0.29581747,1e-05,5.42851925,0.360729
46450,0.35331199,0.35331202,1e-05,5.29612541,0.36076869
46455,0.31119797,0.31119795,1e-05,5.36341715,0.36080838
46460,0.31396134,0.31396132,1e-05,6.62490082,0.36084806
46465,0.30419157,0.30419154,1e-05,6.53341007,0.36088775
46470,0.31404295,0.31404293,1e-05,7.74164534,0.36092744
46475,0.31458316,0.31458316,1e-05,4.63392782,0.36096713
46480,0.3332752,0.3332752,1e-05,6.14341974,0.36100682
46485,0.23722615,0.23722615,1e-05,4.49473715,0.36104651
46490,0.30342488,0.30342486,1e-05,3.31807637,0.3610862
46495,0.31483078,0.31483083,1e-05,3.79598832,0.36112588
46500,0.31299729,0.31299729,1e-05,5.24187469,0.36116557
46505,0.30736713,0.30736713,1e-05,7.29897976,0.36120526
46510,0.33515387,0.33515387,1e-05,4.28339338,0.36124495
46515,0.28916006,0.28916006,1e-05,4.7486496,0.36128464
46520,0.33582289,0.33582292,1e-05,4.11631393,0.36132433
46525,0.23595676,0.23595676,1e-05,3.4279871,0.36136402
46530,0.2755728,0.27557282,1e-05,4.28775406,0.3614037
46535,0.28834791,0.28834791,1e-05,4.71306181,0.36144339
46540,0.37911367,0.37911367,1e-05,4.42138767,0.36148308
46545,0.27316194,0.27316194,1e-05,4.49877691,0.36152277
46550,0.33442121,0.33442121,1e-05,5.55421829,0.36156246
46555,0.23679867,0.23679867,1e-05,4.58473158,0.36160215
46560,0.33535287,0.3353529,1e-05,5.86528826,0.36164183
46565,0.30479441,0.30479441,1e-05,8.75452137,0.36168152
46570,0.2773375,0.2773375,1e-05,4.64772224,0.36172121
46575,0.26020188,0.26020188,1e-05,5.85377264,0.3617609
46580,0.33941455,0.33941457,1e-05,4.64948893,0.36180059
46585,0.27450943,0.27450943,1e-05,3.22849107,0.36184028
46590,0.29558852,0.29558854,1e-05,4.27859545,0.36187997
46595,0.33275936,0.33275936,1e-05,6.12254858,0.36191965
46600,0.30676908,0.30676908,1e-05,6.72310638,0.36195934
46605,0.30403299,0.30403304,1e-05,4.4419322,0.36199903
46610,0.25230644,0.25230644,1e-05,4.63835478,0.36203872
46615,0.29646456,0.29646459,1e-05,3.99365187,0.36207841
46620,0.28200688,0.28200686,1e-05,4.76651239,0.3621181
46625,0.33451259,0.33451257,1e-05,4.90948582,0.36215779
46630,0.31147881,0.31147881,1e-05,4.2774272,0.36219747
46635,0.29014733,0.29014733,1e-05,4.89022684,0.36223716
46640,0.32502527,0.32502525,1e-05,4.09589243,0.36227685
46645,0.29444065,0.29444065,1e-05,4.67623997,0.36231654
46650,0.2850312,0.28503122,1e-05,5.77415323,0.36235623
46655,0.30074627,0.30074627,1e-05,3.94513178,0.36239592
46660,0.32479682,0.32479682,1e-05,3.76407719,0.36243561
46665,0.27275333,0.27275333,1e-05,4.66968107,0.36247529
46670,0.2846446,0.28464458,1e-05,3.61907196,0.36251498
46675,0.32337029,0.32337031,1e-05,5.33652115,0.36255467
46680,0.32999716,0.32999716,1e-05,4.55468416,0.36259436
46685,0.3162015,0.3162015,1e-05,4.91960573,0.36263405
46690,0.32041397,0.32041397,1e-05,5.30528784,0.36267374
46695,0.28743436,0.28743436,1e-05,3.9377501,0.36271343
46700,0.32662716,0.32662716,1e-05,6.42976284,0.36275311
46705,0.28431334,0.28431334,1e-05,4.71104193,0.3627928
46710,0.35175254,0.33753883,1e-05,1.69755161,0.36283249
46715,0.34962335,0.33570931,1e-05,4.36308861,0.36287218
46720,0.28624377,0.28624375,1e-05,5.00468302,0.36291187
46725,0.30675189,0.30675187,1e-05,5.91786766,0.36295156
46730,0.31213253,0.31213253,1e-05,5.29138708,0.36299124
46735,0.28461201,0.28461204,1e-05,5.09712696,0.36303093
46740,0.27941411,0.27941411,1e-05,4.30483055,0.36307062
46745,0.29117627,0.29117627,1e-05,5.04141855,0.36311031
46750,0.30658164,0.30658164,1e-05,4.97294521,0.36315
46755,0.27712259,0.27712262,1e-05,3.78607416,0.36318969
46760,0.28700085,0.28700085,1e-05,5.91431332,0.36322938
46765,0.30752082,0.30752082,1e-05,4.80090904,0.36326906
46770,0.27862289,0.27862289,1e-05,4.43588829,0.36330875
46775,0.3379436,0.33794358,1e-05,4.41057491,0.36334844
46780,0.34723105,0.34723108,1e-05,4.75696898,0.36338813
46785,0.30471535,0.30471535,1e-05,4.80142546,0.36342782
46790,0.30042901,0.30042901,1e-05,5.55806494,0.36346751
46795,0.33806911,0.33806911,1e-05,3.84624004,0.3635072
46800,0.26257579,0.26257579,1e-05,7.64226389,0.36354688
46805,0.27689579,0.27689581,1e-05,3.82496214,0.36358657
46810,0.30672436,0.30672436,1e-05,4.42624235,0.36362626
46815,0.2820003,0.2820003,1e-05,6.98073864,0.36366595
46820,0.299793,0.299793,1e-05,4.09621525,0.36370564
46825,0.36564054,0.36564054,1e-05,5.73357248,0.36374533
46830,0.29653716,0.29653716,1e-05,3.81715178,0.36378502
46835,0.27991066,0.27991066,1e-05,3.27719831,0.3638247
46840,0.27343192,0.27343192,1e-05,7.67535114,0.36386439
46845,0.35944643,0.35944643,1e-05,5.49445343,0.36390408
46850,0.31637878,0.31637878,1e-05,6.56181335,0.36394377
46855,0.25651436,0.25651436,1e-05,3.25697351,0.36398346
46860,0.30187905,0.30187907,1e-05,4.44591379,0.36402315
46865,0.30332682,0.3033268,1e-05,4.88035011,0.36406283
46870,0.327776,0.327776,1e-05,3.97137094,0.36410252
46875,0.31970611,0.31970611,1e-05,4.17908192,0.36414221
46880,0.2854485,0.28544848,1e-05,3.3200841,0.3641819
46885,0.32061319,0.32061319,1e-05,6.46492386,0.36422159
46890,0.29209294,0.29209294,1e-05,6.71150017,0.36426128
46895,0.2912765,0.2912765,1e-05,5.20889425,0.36430097
46900,0.25203476,0.25203476,1e-05,6.60458469,0.36434065
46905,0.34837041,0.34837041,1e-05,11.85902405,0.36438034
46910,0.28995466,0.28995466,1e-05,5.09128189,0.36442003
46915,0.27609344,0.27609348,1e-05,4.52261782,0.36445972
46920,0.34242454,0.34242454,1e-05,7.33754635,0.36449941
46925,0.24781961,0.24781964,1e-05,4.12967873,0.3645391
46930,0.2738555,0.2738555,1e-05,3.16766047,0.36457879
46935,0.30755949,0.30755947,1e-05,4.95681047,0.36461847
46940,0.34367957,0.34367957,1e-05,4.99754858,0.36465816
46945,0.28454058,0.28454061,1e-05,3.89767003,0.36469785
46950,0.26525946,0.26525941,1e-05,4.93421888,0.36473754
46955,0.32123673,0.32123673,1e-05,5.78508902,0.36477723
46960,0.30595326,0.30595326,1e-05,3.61131835,0.36481692
46965,0.28279519,0.28279519,1e-05,3.92028499,0.36485661
46970,0.28435588,0.28435588,1e-05,2.86612797,0.36489629
46975,0.31500463,0.31500466,1e-05,5.13414097,0.36493598
46980,0.3352283,0.3352283,1e-05,5.41764355,0.36497567
46985,0.25597825,0.25597825,1e-05,2.62295055,0.36501536
46990,0.30761387,0.30761387,1e-05,8.62071133,0.36505505
46995,0.32559435,0.32559433,1e-05,4.43299484,0.36509474
47000,0.30703781,0.30703778,1e-05,4.42404175,0.36513443
47005,0.2651485,0.2651485,1e-05,3.25991249,0.36517411
47010,0.32832084,0.32832084,1e-05,4.39739656,0.3652138
47015,0.25517445,0.25517447,1e-05,3.87475777,0.36525349
47020,0.28038092,0.28038092,1e-05,2.88741183,0.36529318
47025,0.40933933,0.39274523,1e-05,3.98129034,0.36533287
47030,0.28129599,0.28129601,1e-05,4.86662579,0.36537256
47035,0.3003536,0.30035362,1e-05,4.30230618,0.36541224
47040,0.31268525,0.31268525,1e-05,6.59719086,0.36545193
47045,0.27979574,0.27979574,1e-05,4.1729908,0.36549162
47050,0.29458299,0.29458296,1e-05,5.4678731,0.36553131
47055,0.31986179,0.31986179,1e-05,14.90771198,0.365571
47060,0.36657524,0.36657524,1e-05,5.85218525,0.36561069
47065,0.26943307,0.26943307,1e-05,4.48429298,0.36565038
47070,0.33086882,0.33086882,1e-05,4.53100586,0.36569006
47075,0.33586397,0.33586397,1e-05,3.77956676,0.36572975
47080,0.27664783,0.27664783,1e-05,4.88445759,0.36576944
47085,0.25857291,0.25857291,1e-05,5.55350113,0.36580913
47090,0.28319647,0.2831965,1e-05,3.42094231,0.36584882
47095,0.22078896,0.22078898,1e-05,5.0009079,0.36588851
47100,0.31531644,0.31531646,1e-05,3.84152913,0.3659282
47105,0.28577061,0.28577065,1e-05,4.09526587,0.36596788
47110,0.33289917,0.33289919,1e-05,7.03068638,0.36600757
47115,0.24645576,0.24645576,1e-05,3.8650198,0.36604726
47120,0.30438824,0.30438824,1e-05,4.3417635,0.36608695
47125,0.28786423,0.28786423,1e-05,4.71691895,0.36612664
47130,0.2501832,0.2501832,1e-05,4.30947971,0.36616633
47135,0.31543608,0.31543608,1e-05,6.15444803,0.36620602
47140,0.30846066,0.30846066,1e-05,7.0190258,0.3662457
47145,0.32424459,0.32424459,1e-05,5.31078768,0.36628539
47150,0.31463375,0.31463377,1e-05,4.27353239,0.36632508
47155,0.26535368,0.26535368,1e-05,4.85127592,0.36636477
47160,0.35490808,0.35490808,1e-05,3.51495838,0.36640446
47165,0.29545012,0.29545016,1e-05,3.64675903,0.36644415
47170,0.32352016,0.32352014,1e-05,4.30339193,0.36648383
47175,0.34532642,0.34532642,1e-05,5.3608551,0.36652352
47180,0.33590989,0.33590994,1e-05,5.95623207,0.36656321
47185,0.25192173,0.2519217,1e-05,6.04611778,0.3666029
47190,0.27610903,0.27610903,1e-05,4.56623077,0.36664259
47195,0.28860765,0.28860765,1e-05,4.13376951,0.36668228
47200,0.28335366,0.28335366,1e-05,3.70539141,0.36672197
47205,0.32459607,0.3245961,1e-05,3.71857333,0.36676165
47210,0.36014841,0.36014838,1e-05,8.46685505,0.36680134
47215,0.27741394,0.27741394,1e-05,2.97730231,0.36684103
47220,0.34854851,0.34854851,1e-05,6.21254587,0.36688072
47225,0.33951321,0.33951325,1e-05,4.82409239,0.36692041
47230,0.36385281,0.36385283,1e-05,3.99697661,0.3669601
47235,0.24069512,0.2406951,1e-05,3.45786834,0.36699979
47240,0.27841558,0.27841558,1e-05,4.91081095,0.36703947
47245,0.31617627,0.31617627,1e-05,4.43717623,0.36707916
47250,0.33662956,0.33662958,1e-05,4.98153067,0.36711885
47255,0.29696498,0.29696498,1e-05,2.99444294,0.36715854
47260,0.2928093,0.29280925,1e-05,4.78932476,0.36719823
47265,0.30635471,0.30635469,1e-05,5.91078043,0.36723792
47270,0.32801514,0.32801514,1e-05,4.17859173,0.36727761
47275,0.30910754,0.30910752,1e-05,4.37110186,0.36731729
47280,0.30213118,0.30213115,1e-05,4.64101934,0.36735698
47285,0.28298969,0.28298972,1e-05,6.03966951,0.36739667
47290,0.3003386,0.30033858,1e-05,4.80932236,0.36743636
47295,0.29668808,0.29668806,1e-05,4.34332514,0.36747605
47300,0.35763609,0.35763607,1e-05,4.72216511,0.36751574
47305,0.30708976,0.30708976,1e-05,7.0242691,0.36755543
47310,0.28864062,0.28864059,1e-05,6.30915642,0.36759511
47315,0.28782222,0.28782222,1e-05,6.40766287,0.3676348
47320,0.28766418,0.2876642,1e-05,3.59549403,0.36767449
47325,0.28232515,0.28232512,1e-05,5.22767401,0.36771418
47330,0.32034485,0.32034483,1e-05,4.2739706,0.36775387
47335,0.32864027,0.32864027,1e-05,4.61458445,0.36779356
47340,0.38959064,0.37175459,1e-05,7.99964619,0.36783324
47345,0.30663805,0.30663805,1e-05,4.75489855,0.36787293
47350,0.30004828,0.30004826,1e-05,13.44264221,0.36791262
47355,0.32123244,0.32123241,1e-05,4.09533834,0.36795231
47360,0.28156774,0.28156776,1e-05,3.91821885,0.367992
47365,0.31154101,0.31154101,1e-05,5.86629725,0.36803169
47370,0.29377689,0.29377689,1e-05,3.57460237,0.36807138
47375,0.28726707,0.28726704,1e-05,3.91590595,0.36811106
47380,0.24794195,0.24794195,1e-05,5.88340569,0.36815075
47385,0.28491306,0.28491306,1e-05,3.75768495,0.36819044
47390,0.26960011,0.26960008,1e-05,4.46829844,0.36823013
47395,0.29648414,0.29648416,1e-05,6.24285555,0.36826982
47400,0.28487468,0.28487468,1e-05,5.07044792,0.36830951
47405,0.31788125,0.31788125,1e-05,5.20659781,0.3683492
47410,0.28061705,0.280617,1e-05,4.27980375,0.36838888
47415,0.31702757,0.31702757,1e-05,4.39125919,0.36842857
47420,0.25744586,0.25744586,1e-05,3.68323183,0.36846826
47425,0.30008588,0.30008588,1e-05,3.59157228,0.36850795
47430,0.31566708,0.31566708,1e-05,4.50157738,0.36854764
47435,0.28598619,0.28598619,1e-05,3.90447474,0.36858733
47440,0.27691503,0.276915,1e-05,3.37791657,0.36862702
47445,0.3184495,0.31844954,1e-05,7.02447701,0.3686667
47450,0.26644144,0.26644144,1e-05,5.11857224,0.36870639
47455,0.32299333,0.32299333,1e-05,3.57028913,0.36874608
47460,0.30112324,0.30112321,1e-05,4.06197071,0.36878577
47465,0.30938368,0.3093837,1e-05,5.78692913,0.36882546
47470,0.28540969,0.28540969,1e-05,3.01625013,0.36886515
47475,0.33747001,0.33747001,1e-05,6.24915838,0.36890483
47480,0.31177597,0.31177597,1e-05,4.08396149,0.36894452
47485,0.31952133,0.31952128,1e-05,6.17451191,0.36898421
47490,0.3168911,0.31689112,1e-05,6.3148284,0.3690239
47495,0.32328439,0.32328436,1e-05,4.57350492,0.36906359
47500,0.31222105,0.31222105,1e-05,3.77467418,0.36910328
47505,0.33134091,0.33134093,1e-05,5.55028725,0.36914297
47510,0.3047492,0.30474923,1e-05,4.84624624,0.36918265
47515,0.30502143,0.30502141,1e-05,5.08047438,0.36922234
47520,0.32765443,0.32765446,1e-05,4.05399132,0.36926203
47525,0.32863045,0.32863045,1e-05,8.57334042,0.36930172
47530,0.29404902,0.29404902,1e-05,7.353755,0.36934141
47535,0.31397681,0.31397681,1e-05,8.12324524,0.3693811
47540,0.3318593,0.33185933,1e-05,4.10302162,0.36942079
47545,0.31916685,0.31916683,1e-05,5.35094595,0.36946047
47550,0.28743925,0.28743925,1e-05,3.98079896,0.36950016
47555,0.28792682,0.28792682,1e-05,4.18379211,0.36953985
47560,0.25494418,0.25494418,1e-05,3.6788075,0.36957954
47565,0.3039618,0.3039618,1e-05,5.27616405,0.36961923
47570,0.26653552,0.26653557,1e-05,7.2953372,0.36965892
47575,0.28318708,0.28318708,1e-05,4.72090578,0.36969861
47580,0.29251032,0.29251032,1e-05,5.13575315,0.36973829
47585,0.32581944,0.32581944,1e-05,4.78071356,0.36977798
47590,0.27840185,0.27840185,1e-05,5.69675446,0.36981767
47595,0.35358071,0.35358069,1e-05,4.91595173,0.36985736
47600,0.32953086,0.32953086,1e-05,6.43726063,0.36989705
47605,0.27264996,0.27264998,1e-05,3.18984485,0.36993674
47610,0.35573559,0.35573554,1e-05,6.33739376,0.36997643
47615,0.28293657,0.28293657,1e-05,4.21190357,0.37001611
47620,0.3559453,0.3559453,1e-05,6.84444284,0.3700558
47625,0.26590953,0.26590953,1e-05,11.38952637,0.37009549
47630,0.2931757,0.2931757,1e-05,2.92936754,0.37013518
47635,0.31818488,0.3181849,1e-05,5.30175686,0.37017487
47640,0.25806708,0.25806708,1e-05,4.1472826,0.37021456
47645,0.28180351,0.28180351,1e-05,4.57382345,0.37025424
47650,0.41611991,0.40629588,1e-05,1.85686696,0.37029393
47655,0.32081311,0.31849693,1e-05,17.84045982,0.37033362
47660,0.32941172,0.32941175,1e-05,8.55046082,0.37037331
47665,0.29396727,0.29396725,1e-05,4.43420506,0.370413
47670,0.30910897,0.30910895,1e-05,2.62783122,0.37045269
47675,0.3198729,0.3198729,1e-05,6.38268232,0.37049238
47680,0.25135379,0.25135381,1e-05,3.94844317,0.37053206
47685,0.30188148,0.3018815,1e-05,3.68043399,0.37057175
47690,0.31405509,0.31405509,1e-05,5.51311016,0.37061144
47695,0.24585466,0.24585462,1e-05,4.97649717,0.37065113
47700,0.31210778,0.31210775,1e-05,4.74751377,0.37069082
47705,0.32946997,0.32946994,1e-05,6.09670448,0.37073051
47710,0.33533449,0.33533452,1e-05,4.38616753,0.3707702
47715,0.28858204,0.28858209,1e-05,5.91949511,0.37080988
47720,0.27228918,0.27228913,1e-05,5.16993713,0.37084957
47725,0.26837487,0.26837487,1e-05,4.51130819,0.37088926
47730,0.35280495,0.35280499,1e-05,5.03653765,0.37092895
47735,0.35498114,0.35498114,1e-05,5.71744108,0.37096864
47740,0.30780396,0.30780396,1e-05,4.7067585,0.37100833
47745,0.2980176,0.2980176,1e-05,6.77154207,0.37104802
47750,0.2962275,0.2962275,1e-05,4.63865709,0.3710877
47755,0.29921675,0.29921675,1e-05,4.22796011,0.37112739
47760,0.34740858,0.3474086,1e-05,3.07159472,0.37116708
47765,0.30088034,0.30088036,1e-05,2.66328192,0.37120677
47770,0.27792783,0.2779278,1e-05,6.24260378,0.37124646
47775,0.28752418,0.28752418,1e-05,4.88401937,0.37128615
47780,0.29689088,0.29689088,1e-05,5.75573826,0.37132583
47785,0.32128634,0.32128637,1e-05,5.71867657,0.37136552
47790,0.24994245,0.24994242,1e-05,4.85999441,0.37140521
47795,0.32300863,0.32300861,1e-05,5.18855333,0.3714449
47800,0.3343648,0.3343648,1e-05,4.5936017,0.37148459
47805,0.33881817,0.33881817,1e-05,5.67657614,0.37152428
47810,0.28397896,0.28397896,1e-05,4.54360914,0.37156397
47815,0.28334291,0.28334293,1e-05,5.93657017,0.37160365
47820,0.29332705,0.29332705,1e-05,5.36230135,0.37164334
47825,0.27835808,0.27835808,1e-05,5.11926603,0.37168303
47830,0.31873598,0.31873596,1e-05,5.20838165,0.37172272
47835,0.27523437,0.27523437,1e-05,5.41649151,0.37176241
47840,0.30220942,0.30220942,1e-05,4.11982489,0.3718021
47845,0.26127787,0.26127784,1e-05,6.36646652,0.37184179
47850,0.2947798,0.2947798,1e-05,7.47619486,0.37188147
47855,0.2500793,0.2500793,1e-05,4.61611366,0.37192116
47860,0.30772867,0.30772867,1e-05,4.5916996,0.37196085
47865,0.29101214,0.29101214,1e-05,5.05048084,0.37200054
47870,0.33253779,0.33253779,1e-05,4.10676908,0.37204023
47875,0.25180931,0.25180929,1e-05,4.70186424,0.37207992
47880,0.34325795,0.34325795,1e-05,3.46395063,0.37211961
47885,0.29156728,0.29156728,1e-05,10.51507759,0.37215929
47890,0.2989187,0.29891872,1e-05,5.30800676,0.37219898
47895,0.29960177,0.29960177,1e-05,6.83051109,0.37223867
47900,0.30637252,0.3063725,1e-05,5.67007065,0.37227836
47905,0.33943944,0.33943942,1e-05,6.35137081,0.37231805
47910,0.31916096,0.31916094,1e-05,4.43675756,0.37235774
47915,0.3378459,0.33784587,1e-05,4.26068354,0.37239743
47920,0.31756692,0.31756692,1e-05,5.69475698,0.37243711
47925,0.33185258,0.33185256,1e-05,3.94448447,0.3724768
47930,0.34689317,0.34689317,1e-05,6.04466105,0.37251649
47935,0.3162549,0.3162549,1e-05,4.90765047,0.37255618
47940,0.35162458,0.35162458,1e-05,6.52212334,0.37259587
47945,0.29913325,0.29913325,1e-05,5.58883905,0.37263556
47950,0.33217652,0.33217649,1e-05,4.1268239,0.37267524
47955,0.31828709,0.31828711,1e-05,3.93551373,0.37271493
47960,0.32462921,0.32462926,1e-05,6.486413,0.37275462
47965,0.40580001,0.40335061,1e-05,6.8287077,0.37279431
47970,0.36223423,0.36223426,1e-05,4.55859232,0.372834
47975,0.3009439,0.3009439,1e-05,8.24871445,0.37287369
47980,0.29593654,0.29593649,1e-05,4.12263823,0.37291338
47985,0.37188406,0.37188411,1e-05,6.09566879,0.37295306
47990,0.26800871,0.26800869,1e-05,3.52811575,0.37299275
47995,0.32658165,0.32658167,1e-05,3.50756812,0.37303244
48000,0.36775594,0.36775594,1e-05,4.83249617,0.37307213
48005,0.28578577,0.28578577,1e-05,3.70874619,0.37311182
48010,0.26937933,0.26937935,1e-05,5.80856466,0.37315151
48015,0.34653311,0.34653311,1e-05,5.20091581,0.3731912
48020,0.33386145,0.33386145,1e-05,5.86939096,0.37323088
48025,0.29765892,0.2976589,1e-05,3.792202,0.37327057
48030,0.33441801,0.33441799,1e-05,5.32297277,0.37331026
48035,0.29371603,0.29371603,1e-05,3.68650413,0.37334995
48040,0.28993988,0.28993988,1e-05,5.05596495,0.37338964
48045,0.35650816,0.35650811,1e-05,4.40299749,0.37342933
48050,0.30743995,0.30743995,1e-05,4.77568913,0.37346902
48055,0.32771606,0.32771606,1e-05,6.74031115,0.3735087
48060,0.28743393,0.28743393,1e-05,5.37045765,0.37354839
48065,0.40758963,0.40758967,1e-05,6.7117672,0.37358808
48070,0.31819568,0.31819568,1e-05,8.46421242,0.37362777
48075,0.27578459,0.27578461,1e-05,5.15472746,0.37366746
48080,0.27331276,0.27331276,1e-05,3.16204524,0.37370715
48085,0.28184958,0.28184955,1e-05,3.89763379,0.37374683
48090,0.29520907,0.2952091,1e-05,5.67261934,0.37378652
48095,0.3349046,0.33490462,1e-05,5.05915928,0.37382621
48100,0.34853892,0.34853892,1e-05,7.14937305,0.3738659
48105,0.31309977,0.31309977,1e-05,10.24648666,0.37390559
48110,0.32820477,0.32820477,1e-05,5.79896927,0.37394528
48115,0.28041408,0.2804141,1e-05,4.04657555,0.37398497
48120,0.27470951,0.27470949,1e-05,4.75226259,0.37402465
48125,0.32159498,0.32159495,1e-05,9.64742756,0.37406434
48130,0.37244041,0.37244043,1e-05,5.59471369,0.37410403
48135,0.31882815,0.3188282,1e-05,3.84747005,0.37414372
48140,0.32138977,0.32138977,1e-05,4.25529432,0.37418341
48145,0.2570353,0.2570353,1e-05,3.64734817,0.3742231
48150,0.29702675,0.29702675,1e-05,7.73942518,0.37426279
48155,0.34185579,0.34185581,1e-05,5.95505905,0.37430247
48160,0.2865598,0.28655977,1e-05,3.93612742,0.37434216
48165,0.28640566,0.28640563,1e-05,4.56649494,0.37438185
48170,0.26304982,0.26304984,1e-05,2.79484272,0.37442154
48175,0.26783173,0.26783175,1e-05,4.68697405,0.37446123
48180,0.34567165,0.34567165,1e-05,5.03548956,0.37450092
48185,0.31300397,0.31300397,1e-05,5.00608587,0.37454061
48190,0.31598969,0.31598966,1e-05,4.73683548,0.37458029
48195,0.27166491,0.27166491,1e-05,6.38020086,0.37461998
48200,0.30236015,0.30236011,1e-05,3.79165602,0.37465967
48205,0.32457793,0.32457793,1e-05,4.75145483,0.37469936
48210,0.30504518,0.30504515,1e-05,6.9064703,0.37473905
48215,0.29719338,0.29719341,1e-05,7.74869823,0.37477874
48220,0.29190025,0.29190025,1e-05,5.48084021,0.37481843
48225,0.25782976,0.25782974,1e-05,6.38433647,0.37485811
48230,0.26799154,0.26799159,1e-05,4.91520119,0.3748978
48235,0.29554384,0.29554384,1e-05,5.00904274,0.37493749
48240,0.28138847,0.28138847,1e-05,4.55648708,0.37497718
48245,0.29565909,0.29565909,1e-05,4.44508743,0.37501687
48250,0.32193966,0.32193961,1e-05,4.0902729,0.37505656
48255,0.35097694,0.3509769,1e-05,4.32155561,0.37509624
48260,0.33897669,0.33897672,1e-05,4.67000151,0.37513593
48265,0.25945654,0.25945649,1e-05,5.42575788,0.37517562
48270,0.30479681,0.30479681,1e-05,4.78730297,0.37521531
48275,0.33976023,0.33976026,1e-05,5.168262,0.375255
48280,0.36292124,0.3528117,1e-05,4.66735792,0.37529469
48285,0.33577311,0.33577309,1e-05,4.09726667,0.37533438
48290,0.28507605,0.28507605,1e-05,6.51004314,0.37537406
48295,0.31719594,0.31719592,1e-05,3.81510496,0.37541375
48300,0.26456809,0.26456811,1e-05,5.08190536,0.37545344
48305,0.31746321,0.31746321,1e-05,4.2184763,0.37549313
48310,0.31261477,0.3126148,1e-05,4.320508,0.37553282
48315,0.32567611,0.32567611,1e-05,7.64077997,0.37557251
48320,0.31334741,0.31334739,1e-05,5.65040779,0.3756122
48325,0.32288418,0.32288423,1e-05,10.69608116,0.37565188
48330,0.31315222,0.31315222,1e-05,7.90091276,0.37569157
48335,0.30662072,0.30662074,1e-05,4.77722979,0.37573126
48340,0.27494588,0.27494588,1e-05,3.44495273,0.37577095
48345,0.29242873,0.29242873,1e-05,3.91844344,0.37581064
48350,0.3575732,0.35757322,1e-05,4.294662,0.37585033
48355,0.28360536,0.28360534,1e-05,4.13109303,0.37589002
48360,0.27627487,0.27627487,1e-05,3.60345364,0.3759297
48365,0.33968801,0.33968806,1e-05,6.01732111,0.37596939
48370,0.29174035,0.29174037,1e-05,4.95727348,0.37600908
48375,0.2751755,0.27517548,1e-05,3.26933146,0.37604877
48380,0.34479957,0.34479961,1e-05,3.92476225,0.37608846
48385,0.30771751,0.30771751,1e-05,5.22649288,0.37612815
48390,0.3241044,0.3241044,1e-05,3.1823988,0.37616783
48395,0.28587599,0.28587599,1e-05,4.2288413,0.37620752
48400,0.2949945,0.2949945,1e-05,5.10566759,0.37624721
48405,0.26649415,0.26649418,1e-05,3.57433128,0.3762869
48410,0.26301367,0.2630137,1e-05,4.49507666,0.37632659
48415,0.28246441,0.28246441,1e-05,5.75584984,0.37636628
48420,0.28534856,0.28534856,1e-05,6.94861984,0.37640597
48425,0.33362155,0.33362155,1e-05,5.1191349,0.37644565
48430,0.28081312,0.28081312,1e-05,4.95388031,0.37648534
48435,0.30683162,0.30683162,1e-05,4.31378317,0.37652503
48440,0.26456738,0.26456738,1e-05,5.39732599,0.37656472
48445,0.24748678,0.24748678,1e-05,4.46981668,0.37660441
48450,0.35853252,0.35853257,1e-05,6.19072962,0.3766441
48455,0.29201941,0.29201944,1e-05,5.30917788,0.37668379
48460,0.27873182,0.27873182,1e-05,5.24518871,0.37672347
48465,0.33829634,0.33829632,1e-05,5.27305555,0.37676316
48470,0.31090906,0.31090906,1e-05,4.93893242,0.37680285
48475,0.2501194,0.2501194,1e-05,4.33691072,0.37684254
48480,0.29288619,0.29288619,1e-05,4.28142262,0.37688223
48485,0.30307138,0.3030714,1e-05,3.45747471,0.37692192
48490,0.3133481,0.31334808,1e-05,5.90323448,0.37696161
48495,0.29336038,0.29336033,1e-05,4.01556826,0.37700129
48500,0.28945489,0.28945491,1e-05,6.13950396,0.37704098
48505,0.28570971,0.28570971,1e-05,4.51474953,0.37708067
48510,0.27841051,0.27841048,1e-05,6.19395161,0.37712036
48515,0.28522127,0.28522127,1e-05,5.01699829,0.37716005
48520,0.38131282,0.38131285,1e-05,4.05706072,0.37719974
48525,0.37196369,0.37196364,1e-05,5.79316521,0.37723942
48530,0.3393229,0.33932288,1e-05,5.34297848,0.37727911
48535,0.35151377,0.35151381,1e-05,5.55843544,0.3773188
48540,0.32411923,0.32411926,1e-05,3.70002127,0.37735849
48545,0.28019619,0.28019619,1e-05,5.1192584,0.37739818
48550,0.29580319,0.29580321,1e-05,4.35143518,0.37743787
48555,0.32168503,0.32168505,1e-05,6.78393745,0.37747756
48560,0.35823441,0.35823441,1e-05,4.82185125,0.37751724
48565,0.34851508,0.34851511,1e-05,3.83558941,0.37755693
48570,0.25488501,0.25488503,1e-05,3.95491195,0.37759662
48575,0.32396679,0.32396679,1e-05,4.3112483,0.37763631
48580,0.30723825,0.30723825,1e-05,3.86846399,0.377676
48585,0.347544,0.347544,1e-05,4.07512426,0.37771569
48590,0.34355333,0.33826915,1e-05,4.57485771,0.37775538
48595,0.33783822,0.33783817,1e-05,4.00252914,0.37779506
48600,0.28698566,0.28698566,1e-05,3.56536174,0.37783475
48605,0.21815028,0.21815031,1e-05,4.40114021,0.37787444
48610,0.32453368,0.32453365,1e-05,4.2387023,0.37791413
48615,0.26874676,0.26874676,1e-05,5.17144442,0.37795382
48620,0.27269373,0.27269368,1e-05,3.52804995,0.37799351
48625,0.29996803,0.29996805,1e-05,6.58352184,0.3780332
48630,0.31015551,0.31015553,1e-05,7.18109322,0.37807288
48635,0.27785602,0.27785602,1e-05,4.40159702,0.37811257
48640,0.34530001,0.34530001,1e-05,6.16239643,0.37815226
48645,0.33581395,0.33581398,1e-05,3.78380823,0.37819195
48650,0.25456266,0.25456266,1e-05,4.20884418,0.37823164
48655,0.30829859,0.30829861,1e-05,5.07563543,0.37827133
48660,0.31521666,0.31521668,1e-05,5.74751282,0.37831102
48665,0.30717268,0.30717266,1e-05,4.28825045,0.3783507
48670,0.31654773,0.3165477,1e-05,5.02291012,0.37839039
48675,0.32922306,0.32922311,1e-05,5.66771984,0.37843008
48680,0.26229756,0.26229753,1e-05,4.66331959,0.37846977
48685,0.33700562,0.33700564,1e-05,4.46337748,0.37850946
48690,0.31692634,0.31692636,1e-05,4.79240751,0.37854915
48695,0.36337881,0.36337879,1e-05,5.98632336,0.37858883
48700,0.31875687,0.31875684,1e-05,7.62162161,0.37862852
48705,0.28529229,0.28529229,1e-05,3.54356956,0.37866821
48710,0.25734901,0.25734897,1e-05,3.90229845,0.3787079
48715,0.30988255,0.30988255,1e-05,4.31183386,0.37874759
48720,0.31694274,0.31694274,1e-05,4.00988865,0.37878728
48725,0.295329,0.29532902,1e-05,3.84188652,0.37882697
48730,0.31511092,0.31511095,1e-05,4.1521554,0.37886665
48735,0.23630335,0.23630335,1e-05,4.72236443,0.37890634
48740,0.3406949,0.3406949,1e-05,3.6759181,0.37894603
48745,0.24889355,0.2488935,1e-05,4.26075888,0.37898572
48750,0.29142375,0.29142375,1e-05,5.26897144,0.37902541
48755,0.38608966,0.38608966,1e-05,7.6965394,0.3790651
48760,0.28518171,0.28518171,1e-05,4.52557898,0.37910479
48765,0.29676201,0.29676204,1e-05,4.79442549,0.37914447
48770,0.29122024,0.29122024,1e-05,5.74747896,0.37918416
48775,0.33775725,0.33775725,1e-05,4.43739271,0.37922385
48780,0.33936882,0.3393688,1e-05,7.64431238,0.37926354
48785,0.278264,0.278264,1e-05,4.05405903,0.37930323
48790,0.29111185,0.29111187,1e-05,3.5269258,0.37934292
48795,0.31775405,0.31775408,1e-05,5.08042526,0.37938261
48800,0.32992046,0.32992048,1e-05,3.01084542,0.37942229
48805,0.36555421,0.36555421,1e-05,5.33281374,0.37946198
48810,0.29506435,0.29506435,1e-05,7.25584221,0.37950167
48815,0.25855994,0.25855994,1e-05,4.68501472,0.37954136
48820,0.29736755,0.29736757,1e-05,13.29568386,0.37958105
48825,0.29115934,0.29115934,1e-05,3.9017458,0.37962074
48830,0.28581319,0.28581319,1e-05,3.33134198,0.37966042
48835,0.3146327,0.3146327,1e-05,3.79462957,0.37970011
48840,0.3036104,0.30361042,1e-05,5.91442728,0.3797398
48845,0.28937559,0.28937559,1e-05,4.68604898,0.37977949
48850,0.30478768,0.30478768,1e-05,6.6110363,0.37981918
48855,0.2864181,0.2864181,1e-05,3.41718054,0.37985887
48860,0.29902282,0.29902282,1e-05,4.07921028,0.37989856
48865,0.26603475,0.26603475,1e-05,4.32801771,0.37993824
48870,0.27612624,0.27612624,1e-05,5.15988207,0.37997793
48875,0.36637976,0.36637979,1e-05,5.40941811,0.38001762
48880,0.26209393,0.26209393,1e-05,3.58439589,0.38005731
48885,0.37738552,0.37738552,1e-05,4.56869602,0.380097
48890,0.32378139,0.32378137,1e-05,3.80803061,0.38013669
48895,0.33895402,0.33895402,1e-05,4.84164667,0.38017638
48900,0.31094322,0.31094322,1e-05,4.4465189,0.38021606
48905,0.47191334,0.44310929,1e-05,5.87102175,0.38025575
48910,0.27802742,0.27802744,1e-05,5.2702384,0.38029544
48915,0.27348731,0.27348733,1e-05,4.64583063,0.38033513
48920,0.27805219,0.27805219,1e-05,4.15937853,0.38037482
48925,0.31284428,0.31284423,1e-05,5.58789873,0.38041451
48930,0.35324483,0.35324488,1e-05,9.73454666,0.3804542
48935,0.3268769,0.32687688,1e-05,3.45135641,0.38049388
48940,0.26318567,0.26318569,1e-05,4.30272341,0.38053357
48945,0.28779669,0.28779666,1e-05,4.47271156,0.38057326
48950,0.31667862,0.3166786,1e-05,5.05393934,0.38061295
48955,0.30632544,0.30632546,1e-05,4.60669041,0.38065264
48960,0.31553931,0.31553929,1e-05,6.21258593,0.38069233
48965,0.31169195,0.31169195,1e-05,4.37158966,0.38073202
48970,0.29604855,0.29604855,1e-05,5.21366644,0.3807717
48975,0.36360292,0.36360295,1e-05,5.4104929,0.38081139
48980,0.3074038,0.3074038,1e-05,5.66122246,0.38085108
48985,0.29247885,0.29247887,1e-05,22.68387794,0.38089077
48990,0.27139795,0.27139792,1e-05,4.7875967,0.38093046
48995,0.31916208,0.31916206,1e-05,4.33156347,0.38097015
49000,0.33764863,0.33764863,1e-05,5.24821663,0.38100983
49005,0.36522281,0.36522281,1e-05,3.71868849,0.38104952
49010,0.30997438,0.30997438,1e-05,5.23926592,0.38108921
49015,0.29713902,0.29713907,1e-05,3.62580466,0.3811289
49020,0.29245009,0.29245009,1e-05,6.72897673,0.38116859
49025,0.3449553,0.3449553,1e-05,7.68377304,0.38120828
49030,0.33093705,0.33093708,1e-05,5.62017059,0.38124797
49035,0.28888707,0.28888705,1e-05,5.59286833,0.38128765
49040,0.2949573,0.29495728,1e-05,4.12301826,0.38132734
49045,0.33763804,0.33763804,1e-05,5.5629487,0.38136703
49050,0.34322219,0.34322224,1e-05,7.16616917,0.38140672
49055,0.29495294,0.29495296,1e-05,5.73396111,0.38144641
49060,0.34349222,0.34349222,1e-05,5.75657988,0.3814861
49065,0.29237716,0.29237719,1e-05,9.02128029,0.38152579
49070,0.3224617,0.3224617,1e-05,4.70255089,0.38156547
49075,0.3079854,0.3079854,1e-05,5.35110855,0.38160516
49080,0.31586385,0.31586385,1e-05,3.15142941,0.38164485
49085,0.32866702,0.32866702,1e-05,6.82846022,0.38168454
49090,0.28775163,0.28775163,1e-05,5.37247801,0.38172423
49095,0.30144563,0.30144565,1e-05,5.02440166,0.38176392
49100,0.28247948,0.2824795,1e-05,4.7940712,0.38180361
49105,0.30278141,0.30278144,1e-05,4.5934453,0.38184329
49110,0.33401921,0.33401918,1e-05,3.44111586,0.38188298
49115,0.33965454,0.33965454,1e-05,5.10449743,0.38192267
49120,0.26994357,0.26994357,1e-05,3.25280929,0.38196236
49125,0.31414652,0.31414657,1e-05,5.54785824,0.38200205
49130,0.30141537,0.30141535,1e-05,3.61729693,0.38204174
49135,0.3112689,0.3112689,1e-05,6.07208252,0.38208142
49140,0.25694203,0.25694203,1e-05,3.91133451,0.38212111
49145,0.35999007,0.35999005,1e-05,4.84349823,0.3821608
49150,0.27877145,0.2787715,1e-05,3.91829133,0.38220049
49155,0.28927007,0.28927004,1e-05,5.10691881,0.38224018
49160,0.2893199,0.2893199,1e-05,5.6860075,0.38227987
49165,0.31553771,0.31553771,1e-05,4.20293379,0.38231956
49170,0.27754819,0.27754822,1e-05,6.2410574,0.38235924
49175,0.26098223,0.26098225,1e-05,4.6685338,0.38239893
49180,0.34258361,0.34258361,1e-05,3.74394107,0.38243862
49185,0.36763606,0.36763606,1e-05,4.32229996,0.38247831
49190,0.25269682,0.25269682,1e-05,2.7728219,0.382518
49195,0.32570043,0.32570043,1e-05,7.58583355,0.38255769
49200,0.32812428,0.32812433,1e-05,5.17304468,0.38259738
49205,0.29817009,0.29817009,1e-05,5.54537106,0.38263706
49210,0.26577244,0.26577244,1e-05,5.28797007,0.38267675
49215,0.32867599,0.32852542,1e-05,5.5199914,0.38271644
49220,0.35517275,0.34426911,1e-05,5.9756012,0.38275613
49225,0.30296898,0.30296903,1e-05,6.09318352,0.38279582
49230,0.28230143,0.28230143,1e-05,4.69980288,0.38283551
49235,0.3317204,0.33172045,1e-05,3.97842479,0.3828752
49240,0.352826,0.35282598,1e-05,3.58461499,0.38291488
49245,0.27771406,0.27771406,1e-05,2.96090007,0.38295457
49250,0.30595675,0.30595675,1e-05,3.20207238,0.38299426
49255,0.30741267,0.30741267,1e-05,6.16883898,0.38303395
49260,0.31209807,0.3120981,1e-05,4.71381474,0.38307364
49265,0.29583974,0.29583974,1e-05,4.66211033,0.38311333
49270,0.25546913,0.25546911,1e-05,4.57963514,0.38315302
49275,0.29163594,0.29163597,1e-05,3.76466584,0.3831927
49280,0.37048559,0.37048559,1e-05,6.67081738,0.38323239
49285,0.31925821,0.31925821,1e-05,5.51060486,0.38327208
49290,0.27336998,0.27337,1e-05,9.70682907,0.38331177
49295,0.25108588,0.2510859,1e-05,4.13397074,0.38335146
49300,0.36552362,0.36552367,1e-05,3.47418642,0.38339115
49305,0.31932554,0.31932552,1e-05,4.15819597,0.38343083
49310,0.30319903,0.30319901,1e-05,10.47551537,0.38347052
49315,0.25566196,0.25566196,1e-05,4.66496038,0.38351021
49320,0.32076039,0.32076039,1e-05,4.1775341,0.3835499
49325,0.3201741,0.32017405,1e-05,4.69646597,0.38358959
49330,0.32113454,0.32113452,1e-05,5.55121565,0.38362928
49335,0.32287688,0.32287683,1e-05,4.1695013,0.38366897
49340,0.22303493,0.22303495,1e-05,2.72774768,0.38370865
49345,0.22760968,0.22760971,1e-05,3.71667719,0.38374834
49350,0.28218496,0.28218493,1e-05,4.51790667,0.38378803
49355,0.37726216,0.37726216,1e-05,5.12112331,0.38382772
49360,0.345748,0.345748,1e-05,6.54196739,0.38386741
49365,0.32306528,0.32306533,1e-05,4.61205053,0.3839071
49370,0.32617278,0.32617278,1e-05,5.10513783,0.38394679
49375,0.32436671,0.32436674,1e-05,3.98838019,0.38398647
49380,0.42609558,0.42609558,1e-05,4.62712097,0.38402616
49385,0.30167074,0.30167074,1e-05,4.03898954,0.38406585
49390,0.34449148,0.34449148,1e-05,4.37998104,0.38410554
49395,0.29868121,0.29868121,1e-05,4.3077364,0.38414523
49400,0.34514842,0.34514842,1e-05,5.79907084,0.38418492
49405,0.33397093,0.33397095,1e-05,5.37282276,0.38422461
49410,0.29795461,0.29795461,1e-05,6.58850431,0.38426429
49415,0.32934785,0.32934785,1e-05,4.79379129,0.38430398
49420,0.28478022,0.28478022,1e-05,5.47529268,0.38434367
49425,0.29069657,0.29069662,1e-05,4.49536276,0.38438336
49430,0.25096169,0.25096169,1e-05,3.84783387,0.38442305
49435,0.29415722,0.29415722,1e-05,4.09435749,0.38446274
49440,0.31689837,0.31689839,1e-05,4.07648659,0.38450242
49445,0.29603026,0.29603024,1e-05,5.12361765,0.38454211
49450,0.28527384,0.28527384,1e-05,2.06053948,0.3845818
49455,0.31641836,0.31641834,1e-05,5.09705591,0.38462149
49460,0.27311215,0.27311211,1e-05,4.30024195,0.38466118
49465,0.32138207,0.32138205,1e-05,5.07630634,0.38470087
49470,0.36690855,0.36690855,1e-05,9.50571346,0.38474056
49475,0.30655451,0.30655451,1e-05,5.9968257,0.38478024
49480,0.26378036,0.26378036,1e-05,2.7976861,0.38481993
49485,0.29561412,0.29561415,1e-05,4.49158478,0.38485962
49490,0.38923612,0.38923616,1e-05,5.39373779,0.38489931
49495,0.27427301,0.27427297,1e-05,3.22185993,0.384939
49500,0.32295671,0.32295666,1e-05,4.67457485,0.38497869
49505,0.28365393,0.28365388,1e-05,5.7884202,0.38501838
49510,0.33763032,0.33763032,1e-05,3.17015314,0.38505806
49515,0.29241328,0.29241328,1e-05,4.24644995,0.38509775
49520,0.2750041,0.2750041,1e-05,3.89786196,0.38513744
49525,0.29274287,0.29274285,1e-05,2.75172234,0.38517713
49530,0.40011644,0.38566515,1e-05,3.64792442,0.38521682
49535,0.29596901,0.29596901,1e-05,5.22107935,0.38525651
49540,0.2807447,0.2807447,1e-05,3.88909578,0.3852962
49545,0.2856627,0.2856627,1e-05,6.12007952,0.38533588
49550,0.37666283,0.37666285,1e-05,5.88206291,0.38537557
49555,0.30199718,0.30199718,1e-05,3.63507676,0.38541526
49560,0.30991876,0.30991876,1e-05,3.61736083,0.38545495
49565,0.2971148,0.29711478,1e-05,8.02050304,0.38549464
49570,0.29193921,0.29193921,1e-05,3.98769498,0.38553433
49575,0.24117255,0.24117255,1e-05,4.07681131,0.38557402
49580,0.33737955,0.33737953,1e-05,5.29167604,0.3856137
49585,0.30606334,0.30606334,1e-05,4.55143023,0.38565339
49590,0.27578144,0.27578144,1e-05,2.73761606,0.38569308
49595,0.36298122,0.36298122,1e-05,3.88763237,0.38573277
49600,0.27930443,0.27930441,1e-05,4.8781805,0.38577246
49605,0.29140668,0.29140668,1e-05,3.30230451,0.38581215
49610,0.31105738,0.31105738,1e-05,3.53974247,0.38585183
49615,0.31457901,0.31457901,1e-05,6.42095613,0.38589152
49620,0.33119388,0.33119388,1e-05,6.10543394,0.38593121
49625,0.31700449,0.31700449,1e-05,4.03871393,0.3859709
49630,0.307341,0.307341,1e-05,5.51624966,0.38601059
49635,0.36943159,0.36943154,1e-05,6.19286013,0.38605028
49640,0.28130498,0.28130496,1e-05,4.78979206,0.38608997
49645,0.3055634,0.3055634,1e-05,4.79162359,0.38612965
49650,0.28820148,0.2882015,1e-05,12.38648796,0.38616934
49655,0.28310769,0.28310769,1e-05,4.06121826,0.38620903
49660,0.25162394,0.25162392,1e-05,4.34305096,0.38624872
49665,0.33807631,0.33807628,1e-05,4.74116325,0.38628841
49670,0.29533517,0.29533515,1e-05,5.88886452,0.3863281
49675,0.31714225,0.31714225,1e-05,6.59197569,0.38636779
49680,0.31413522,0.31413519,1e-05,6.18754911,0.38640747
49685,0.30406785,0.30406783,1e-05,4.48908997,0.38644716
49690,0.30602102,0.30602102,1e-05,3.72493672,0.38648685
49695,0.28781013,0.28781018,1e-05,4.99441528,0.38652654
49700,0.31440079,0.31440077,1e-05,6.11456442,0.38656623
49705,0.32773228,0.32773228,1e-05,2.72412634,0.38660592
49710,0.26679759,0.26679759,1e-05,3.59776187,0.38664561
49715,0.28432927,0.28432927,1e-05,4.5772419,0.38668529
49720,0.27167864,0.27167859,1e-05,4.96574545,0.38672498
49725,0.31236262,0.3123626,1e-05,3.98869061,0.38676467
49730,0.30141315,0.30141315,1e-05,3.89030838,0.38680436
49735,0.26134124,0.26134124,1e-05,4.57723665,0.38684405
49740,0.33048565,0.33048565,1e-05,5.11323166,0.38688374
49745,0.33168564,0.33168564,1e-05,6.30079269,0.38692342
49750,0.30657153,0.30657153,1e-05,4.31018114,0.38696311
49755,0.24238362,0.24238362,1e-05,3.24619365,0.3870028
49760,0.23513837,0.23513834,1e-05,2.7909143,0.38704249
49765,0.35323257,0.35323257,1e-05,7.10862112,0.38708218
49770,0.29830651,0.29830651,1e-05,5.56162357,0.38712187
49775,0.3470716,0.3470716,1e-05,5.23844624,0.38716156
49780,0.29766533,0.29766536,1e-05,4.56645727,0.38720124
49785,0.35319085,0.3531908,1e-05,5.16567135,0.38724093
49790,0.283881,0.28388102,1e-05,4.33094263,0.38728062
49795,0.27204151,0.27204151,1e-05,3.88188863,0.38732031
49800,0.31903181,0.31903181,1e-05,3.42719507,0.38736
49805,0.32164545,0.32164545,1e-05,5.83115387,0.38739969
49810,0.28038287,0.28038287,1e-05,4.32392836,0.38743938
49815,0.3692029,0.3692029,1e-05,4.57649517,0.38747906
49820,0.29312024,0.29312019,1e-05,5.68472481,0.38751875
49825,0.36281636,0.36281633,1e-05,5.09201813,0.38755844
49830,0.24593451,0.24593451,1e-05,3.60130119,0.38759813
49835,0.25839789,0.25839791,1e-05,4.62197113,0.38763782
49840,0.27644577,0.27644579,1e-05,4.05160284,0.38767751
49845,0.46268206,0.43132905,1e-05,8.48636532,0.3877172
49850,0.26251593,0.26251595,1e-05,5.6330471,0.38775688
49855,0.29881086,0.29881086,1e-05,4.54006672,0.38779657
49860,0.31246176,0.31246176,1e-05,3.9510169,0.38783626
49865,0.25264816,0.25264816,1e-05,4.88494921,0.38787595
49870,0.32553344,0.32553344,1e-05,3.7491498,0.38791564
49875,0.30559793,0.30559795,1e-05,5.05115938,0.38795533
49880,0.28824687,0.28824687,1e-05,3.18165708,0.38799502
49885,0.30217557,0.30217557,1e-05,5.27042675,0.3880347
49890,0.31258245,0.31258245,1e-05,5.95824766,0.38807439
49895,0.26473694,0.26473691,1e-05,5.54138231,0.38811408
49900,0.26828628,0.26828625,1e-05,3.03311205,0.38815377
49905,0.32442203,0.32442198,1e-05,4.14780378,0.38819346
49910,0.27287655,0.27287655,1e-05,6.11800146,0.38823315
49915,0.27766168,0.27766166,1e-05,6.15985632,0.38827283
49920,0.2595057,0.2595057,1e-05,3.6408031,0.38831252
49925,0.31037576,0.31037576,1e-05,4.34163475,0.38835221
49930,0.30885935,0.30885937,1e-05,4.84438372,0.3883919
49935,0.26384888,0.26384888,1e-05,4.37645578,0.38843159
49940,0.30183461,0.30183458,1e-05,4.34102726,0.38847128
49945,0.3420454,0.3420454,1e-05,7.11292696,0.38851097
49950,0.35470243,0.35470243,1e-05,8.99413872,0.38855065
49955,0.30248604,0.30248604,1e-05,6.25870562,0.38859034
49960,0.32986021,0.32986021,1e-05,6.04888821,0.38863003
49965,0.27130287,0.27130287,1e-05,3.94166088,0.38866972
49970,0.30190268,0.30190268,1e-05,4.31173325,0.38870941
49975,0.34799848,0.34799848,1e-05,5.50736141,0.3887491
49980,0.26561646,0.26561646,1e-05,3.71113729,0.38878879
49985,0.33846397,0.33846397,1e-05,4.24650431,0.38882847
49990,0.33035512,0.33035517,1e-05,4.86769581,0.38886816
49995,0.34776499,0.34776502,1e-05,7.37448168,0.38890785
50000,0.32403598,0.32403598,1e-05,4.74525833,0.38894754
50005,0.26873431,0.26873434,1e-05,4.9881525,0.38898723
50010,0.31475186,0.31475191,1e-05,6.39152527,0.38902692
50015,0.30385208,0.30385211,1e-05,3.81983495,0.38906661
50020,0.26679635,0.26679635,1e-05,4.24704361,0.38910629
50025,0.28193531,0.28193536,1e-05,4.18357801,0.38914598
50030,0.29854541,0.29854538,1e-05,3.6387682,0.38918567
50035,0.29455087,0.2945509,1e-05,4.08532858,0.38922536
50040,0.28538256,0.28538256,1e-05,4.8103261,0.38926505
50045,0.29430294,0.29430292,1e-05,3.14572549,0.38930474
50050,0.27029662,0.27029662,1e-05,3.76203752,0.38934442
50055,0.30885353,0.30885351,1e-05,7.32368279,0.38938411
50060,0.29010615,0.29010615,1e-05,5.34150743,0.3894238
50065,0.2690362,0.2690362,1e-05,5.3245759,0.38946349
50070,0.26070876,0.26070881,1e-05,2.98960304,0.38950318
50075,0.28748355,0.28748353,1e-05,3.42925978,0.38954287
50080,0.34386187,0.34386189,1e-05,3.32242465,0.38958256
50085,0.30389767,0.30389767,1e-05,5.69360113,0.38962224
50090,0.33603096,0.33603098,1e-05,4.68894148,0.38966193
50095,0.2981101,0.2981101,1e-05,4.18408537,0.38970162
50100,0.33408794,0.33408794,1e-05,3.71662498,0.38974131
50105,0.30732565,0.30732565,1e-05,4.72052336,0.389781
50110,0.32281842,0.32281842,1e-05,4.76102209,0.38982069
50115,0.28836887,0.28836887,1e-05,3.75077009,0.38986038
50120,0.33841553,0.33841553,1e-05,7.25523472,0.38990006
50125,0.31810174,0.31810169,1e-05,6.3269496,0.38993975
50130,0.28301888,0.28301888,1e-05,3.67812037,0.38997944
50135,0.35724788,0.35724783,1e-05,6.55165482,0.39001913
50140,0.33311014,0.33311014,1e-05,5.17963648,0.39005882
50145,0.28201599,0.28201599,1e-05,3.83667397,0.39009851
50150,0.3408432,0.3408432,1e-05,5.18945885,0.3901382
50155,0.37227826,0.34945855,1e-05,2.28331733,0.39017788
50160,0.35340385,0.33945559,1e-05,6.51687098,0.39021757
50165,0.26689045,0.26689043,1e-05,3.30102968,0.39025726
50170,0.3415504,0.34155035,1e-05,5.85367346,0.39029695
50175,0.31195078,0.31195083,1e-05,4.9336977,0.39033664
50180,0.31492953,0.31492953,1e-05,3.77699375,0.39037633
50185,0.23486412,0.23486409,1e-05,3.6289115,0.39041602
50190,0.32361221,0.32361221,1e-05,5.70651007,0.3904557
50195,0.24228601,0.24228601,1e-05,5.7250042,0.39049539
50200,0.32371838,0.32371836,1e-05,5.10659122,0.39053508
50205,0.27865374,0.27865372,1e-05,3.18134832,0.39057477
50210,0.32061524,0.32061522,1e-05,3.91083479,0.39061446
50215,0.29239674,0.29239674,1e-05,4.54180956,0.39065415
50220,0.28037276,0.28037276,1e-05,5.46338415,0.39069383
50225,0.29966359,0.29966359,1e-05,7.360672,0.39073352
50230,0.30722587,0.30722587,1e-05,7.76334715,0.39077321
50235,0.31545687,0.31545689,1e-05,3.68969679,0.3908129
50240,0.42095222,0.42095222,1e-05,4.70573378,0.39085259
50245,0.30757704,0.30757704,1e-05,7.90553474,0.39089228
50250,0.28302193,0.28302193,1e-05,7.8700037,0.39093197
50255,0.35261443,0.3526144,1e-05,6.39228582,0.39097165
50260,0.33187747,0.33187752,1e-05,6.58188295,0.39101134
50265,0.35383615,0.35383615,1e-05,4.99112082,0.39105103
50270,0.32952232,0.32952237,1e-05,5.02295828,0.39109072
50275,0.28174884,0.28174887,1e-05,5.11804581,0.39113041
50280,0.34282746,0.34282746,1e-05,4.04672909,0.3911701
50285,0.29089983,0.2908998,1e-05,4.05845976,0.39120979
50290,0.32108092,0.32108092,1e-05,4.64890671,0.39124947
50295,0.31419516,0.31419516,1e-05,5.64988518,0.39128916
50300,0.32266142,0.3226614,1e-05,5.73993015,0.39132885
50305,0.31006017,0.31006012,1e-05,4.89335632,0.39136854
50310,0.36329741,0.36329744,1e-05,6.27016926,0.39140823
50315,0.30169477,0.30169477,1e-05,4.75241709,0.39144792
50320,0.30814729,0.30814729,1e-05,5.5307312,0.39148761
50325,0.32691748,0.32691748,1e-05,4.30714417,0.39152729
50330,0.27892966,0.27892969,1e-05,4.36158276,0.39156698
50335,0.30519094,0.30519094,1e-05,6.02246094,0.39160667
50340,0.37331586,0.37331583,1e-05,6.73491573,0.39164636
50345,0.36205549,0.36205554,1e-05,5.64431858,0.39168605
50350,0.26929512,0.26929512,1e-05,4.17123747,0.39172574
50355,0.30209684,0.30209684,1e-05,5.04854965,0.39176542
50360,0.28612678,0.28612676,1e-05,3.13198733,0.39180511
50365,0.34131327,0.34131329,1e-05,4.39908218,0.3918448
50370,0.29352949,0.29352946,1e-05,8.81785679,0.39188449
50375,0.3648946,0.36489463,1e-05,5.76970577,0.39192418
50380,0.30220017,0.30220017,1e-05,2.98527431,0.39196387
50385,0.32432187,0.32432189,1e-05,5.81486893,0.39200356
50390,0.35532413,0.35532413,1e-05,7.77869654,0.39204324
50395,0.32504678,0.32504675,1e-05,5.32058811,0.39208293
50400,0.28086243,0.28086243,1e-05,4.00487089,0.39212262
50405,0.28531632,0.28531632,1e-05,4.15619183,0.39216231
50410,0.3401783,0.34017835,1e-05,3.77633381,0.392202
50415,0.30589032,0.30589032,1e-05,4.22702408,0.39224169
50420,0.2372066,0.2372066,1e-05,6.71340466,0.39228138
50425,0.31222017,0.31222019,1e-05,5.19465876,0.39232106
50430,0.34354241,0.34354243,1e-05,4.07227707,0.39236075
50435,0.32649803,0.32649803,1e-05,5.88843918,0.39240044
50440,0.27575526,0.27575526,1e-05,2.94300318,0.39244013
50445,0.28698437,0.2869844,1e-05,4.36396456,0.39247982
50450,0.30507243,0.30507245,1e-05,2.72626877,0.39251951
50455,0.28445454,0.28445454,1e-05,4.74028826,0.3925592
50460,0.27766399,0.27766399,1e-05,5.90269613,0.39259888
50465,0.30550718,0.30550718,1e-05,4.13735962,0.39263857
50470,0.33480124,0.31156708,1e-05,5.73959875,0.39267826
50475,0.31972046,0.31972046,1e-05,6.32880783,0.39271795
50480,0.34700263,0.3470026,1e-05,4.0315609,0.39275764
50485,0.32428365,0.32428365,1e-05,4.17515612,0.39279733
50490,0.30725112,0.30725112,1e-05,8.84709454,0.39283702
50495,0.30499668,0.30499671,1e-05,5.43726492,0.3928767
50500,0.34170122,0.34170127,1e-05,3.81894374,0.39291639
50505,0.29833958,0.29833961,1e-05,5.68605423,0.39295608
50510,0.29959822,0.29959822,1e-05,3.83188152,0.39299577
50515,0.34740672,0.34740667,1e-05,3.26820517,0.39303546
50520,0.32431087,0.3243109,1e-05,4.52627754,0.39307515
50525,0.28322959,0.28322959,1e-05,6.31909466,0.39311483
50530,0.2702709,0.27027087,1e-05,3.98746991,0.39315452
50535,0.32647402,0.326474,1e-05,4.05219793,0.39319421
50540,0.29335103,0.29335103,1e-05,4.02799988,0.3932339
50545,0.30949907,0.30949907,1e-05,9.74155712,0.39327359
50550,0.2582804,0.2582804,1e-05,3.50611615,0.39331328
50555,0.29685056,0.29685059,1e-05,4.36338902,0.39335297
50560,0.31201866,0.31201868,1e-05,5.14552259,0.39339265
50565,0.30185103,0.30185106,1e-05,3.70248771,0.39343234
50570,0.34021502,0.34021502,1e-05,5.28784657,0.39347203
50575,0.3194684,0.31946836,1e-05,3.13878012,0.39351172
50580,0.3296294,0.32962937,1e-05,5.05405951,0.39355141
50585,0.27742219,0.27742221,1e-05,3.18759489,0.3935911
50590,0.36225348,0.36225348,1e-05,5.38086891,0.39363079
50595,0.30865774,0.30865774,1e-05,4.87070942,0.39367047
50600,0.32112436,0.32112436,1e-05,4.34285164,0.39371016
50605,0.32717323,0.32717326,1e-05,4.94180632,0.39374985
50610,0.32490396,0.32490396,1e-05,4.31379271,0.39378954
50615,0.28165998,0.28165996,1e-05,5.54912663,0.39382923
50620,0.30983734,0.30983734,1e-05,5.03810596,0.39386892
50625,0.33518996,0.33518996,1e-05,6.54888344,0.39390861
50630,0.30265875,0.30265877,1e-05,4.6761384,0.39394829
50635,0.30655634,0.30655637,1e-05,5.16232538,0.39398798
50640,0.29578481,0.29578481,1e-05,3.45731735,0.39402767
50645,0.28937974,0.28937974,1e-05,4.15087509,0.39406736
50650,0.25267735,0.25267737,1e-05,4.6632061,0.39410705
50655,0.34396157,0.34396155,1e-05,5.06289577,0.39414674
50660,0.34637074,0.34637074,1e-05,4.99397087,0.39418642
50665,0.33955269,0.33955274,1e-05,5.8585391,0.39422611
50670,0.31402936,0.31402936,1e-05,4.24313259,0.3942658
50675,0.28156462,0.28156462,1e-05,4.02724838,0.39430549
50680,0.28772388,0.2877239,1e-05,7.15015602,0.39434518
50685,0.34471865,0.34471869,1e-05,3.94437838,0.39438487
50690,0.32795291,0.32795291,1e-05,4.284091,0.39442456
50695,0.27182579,0.27182579,1e-05,5.02050066,0.39446424
50700,0.28658509,0.28658509,1e-05,11.63020706,0.39450393
50705,0.32773237,0.32773235,1e-05,4.15504074,0.39454362
50710,0.33014207,0.33014212,1e-05,4.94503021,0.39458331
50715,0.29101856,0.29101858,1e-05,13.51691628,0.394623
50720,0.30932021,0.30932021,1e-05,6.06487131,0.39466269
50725,0.28142838,0.28142838,1e-05,5.69868946,0.39470238
50730,0.33167233,0.33167233,1e-05,6.29977417,0.39474206
50735,0.34136419,0.34136422,1e-05,4.91821909,0.39478175
50740,0.33125546,0.33125544,1e-05,5.41052485,0.39482144
50745,0.2863493,0.2863493,1e-05,3.77169609,0.39486113
50750,0.31457393,0.31457393,1e-05,4.77953815,0.39490082
50755,0.33103249,0.33103249,1e-05,6.36189175,0.39494051
50760,0.29466712,0.29466712,1e-05,3.82417226,0.3949802
50765,0.26893983,0.26893985,1e-05,4.68571663,0.39501988
50770,0.30584116,0.30584118,1e-05,5.57075834,0.39505957
50775,0.28901384,0.28901381,1e-05,5.09654236,0.39509926
50780,0.31555915,0.31555917,1e-05,3.9824295,0.39513895
50785,0.37972147,0.3738311,1e-05,4.5421629,0.39517864
50790,0.25446503,0.25446503,1e-05,5.55730534,0.39521833
50795,0.26507564,0.26507561,1e-05,4.01976109,0.39525802
50800,0.31964607,0.31964607,1e-05,5.22845411,0.3952977
50805,0.32609594,0.32609596,1e-05,6.58564043,0.39533739
50810,0.32793179,0.32793176,1e-05,4.99397993,0.39537708
50815,0.2881283,0.28812833,1e-05,4.66617918,0.39541677
50820,0.27695327,0.27695324,1e-05,4.48577499,0.39545646
50825,0.32896266,0.32896266,1e-05,5.36153603,0.39549615
50830,0.23309522,0.23309524,1e-05,5.09592056,0.39553583
50835,0.28797359,0.28797359,1e-05,4.89651108,0.39557552
50840,0.38001091,0.38001089,1e-05,8.70259285,0.39561521
50845,0.34403944,0.34403942,1e-05,5.50348473,0.3956549
50850,0.33536606,0.33536606,1e-05,4.19099998,0.39569459
50855,0.31246848,0.31246848,1e-05,4.12406492,0.39573428
50860,0.32734704,0.32734702,1e-05,4.6074934,0.39577397
50865,0.29233327,0.29233327,1e-05,9.68957043,0.39581365
50870,0.36673174,0.36673174,1e-05,10.98061085,0.39585334
50875,0.33835182,0.33835182,1e-05,18.43006134,0.39589303
50880,0.29913049,0.29913049,1e-05,4.4392519,0.39593272
50885,0.28044844,0.28044844,1e-05,4.83799171,0.39597241
50890,0.31255801,0.31255798,1e-05,4.73893738,0.3960121
50895,0.28738906,0.28738904,1e-05,5.39887094,0.39605179
50900,0.29334993,0.29334993,1e-05,5.47923994,0.39609147
50905,0.31478195,0.314782,1e-05,5.26490593,0.39613116
50910,0.27795849,0.27795849,1e-05,2.96352363,0.39617085
50915,0.29887667,0.29887667,1e-05,4.03369951,0.39621054
50920,0.32453861,0.32453861,1e-05,6.64099073,0.39625023
50925,0.28433752,0.28433752,1e-05,5.59373379,0.39628992
50930,0.31231279,0.31231279,1e-05,4.5588789,0.39632961
50935,0.28535595,0.285356,1e-05,5.08582067,0.39636929
50940,0.32327228,0.32327228,1e-05,7.74344444,0.39640898
50945,0.34802241,0.34802237,1e-05,5.22636271,0.39644867
50950,0.23443284,0.23443284,1e-05,2.67556477,0.39648836
50955,0.32945561,0.32945561,1e-05,5.37109566,0.39652805
50960,0.29805117,0.29805121,1e-05,4.72475147,0.39656774
50965,0.32082787,0.32082784,1e-05,4.09157419,0.39660742
50970,0.34361267,0.34361267,1e-05,4.92786264,0.39664711
50975,0.34431825,0.34431825,1e-05,5.01953554,0.3966868
50980,0.3489037,0.3489037,1e-05,4.93753099,0.39672649
50985,0.25681577,0.25681579,1e-05,3.82876253,0.39676618
50990,0.24875705,0.24875703,1e-05,4.71259737,0.39680587
50995,0.36261339,0.36261339,1e-05,6.26762295,0.39684556
51000,0.31010146,0.31010146,1e-05,3.51547289,0.39688524
51005,0.28352978,0.28352978,1e-05,4.70401621,0.39692493
51010,0.27340121,0.27340121,1e-05,4.93342924,0.39696462
51015,0.31831088,0.31831088,1e-05,4.55032969,0.39700431
51020,0.28981962,0.28981962,1e-05,6.4286108,0.397044
51025,0.28070421,0.28070421,1e-05,4.24699306,0.39708369
51030,0.26939304,0.26939301,1e-05,4.29379225,0.39712338
51035,0.33257408,0.33257406,1e-05,5.86408663,0.39716306
51040,0.2871778,0.28717785,1e-05,5.68597937,0.39720275
51045,0.30244102,0.30244102,1e-05,4.30356216,0.39724244
51050,0.30233271,0.30233271,1e-05,5.53718996,0.39728213
51055,0.26193206,0.26193209,1e-05,5.02856445,0.39732182
51060,0.26629012,0.26629009,1e-05,4.73811626,0.39736151
51065,0.33999729,0.33999732,1e-05,9.6261549,0.3974012
51070,0.2522934,0.25229342,1e-05,3.95846891,0.39744088
51075,0.303754,0.30375402,1e-05,3.58622289,0.39748057
51080,0.29635229,0.29635224,1e-05,4.5851903,0.39752026
51085,0.30464139,0.30464139,1e-05,4.30321121,0.39755995
51090,0.30052152,0.30052152,1e-05,6.21672058,0.39759964
51095,0.31440387,0.30484136,1e-05,9.04708195,0.39763933
51100,0.27093375,0.27093375,1e-05,7.11589289,0.39767902
51105,0.37468832,0.37468829,1e-05,4.65261555,0.3977187
51110,0.35603166,0.35603163,1e-05,5.01921701,0.39775839
51115,0.37042308,0.37042305,1e-05,4.06611347,0.39779808
51120,0.29132094,0.29132092,1e-05,4.17858315,0.39783777
51125,0.29195802,0.291958,1e-05,7.67915583,0.39787746
51130,0.3576324,0.3576324,1e-05,5.50795746,0.39791715
51135,0.28245177,0.28245177,1e-05,4.65878963,0.39795683
51140,0.36855078,0.36855078,1e-05,5.02081823,0.39799652
51145,0.34032171,0.34032168,1e-05,4.16577816,0.39803621
51150,0.28624883,0.28624878,1e-05,3.43858075,0.3980759
51155,0.35754924,0.35754924,1e-05,7.16389751,0.39811559
51160,0.2921484,0.29214838,1e-05,2.9378016,0.39815528
51165,0.33642197,0.33642197,1e-05,4.91372681,0.39819497
51170,0.30949833,0.30949836,1e-05,5.99979162,0.39823465
51175,0.29877319,0.29877319,1e-05,3.62520385,0.39827434
51180,0.33334887,0.33334885,1e-05,7.09103107,0.39831403
51185,0.30431676,0.30431676,1e-05,3.11647081,0.39835372
51190,0.31142421,0.31142421,1e-05,5.95848989,0.39839341
51195,0.31874013,0.31874013,1e-05,4.11754942,0.3984331
51200,0.31242254,0.31242251,1e-05,4.26028728,0.39847279
51205,0.25437233,0.25437233,1e-05,2.88842058,0.39851247
51210,0.37313933,0.37313931,1e-05,6.71351194,0.39855216
51215,0.32914841,0.32914844,1e-05,5.29542685,0.39859185
51220,0.27151234,0.27151237,1e-05,3.74378467,0.39863154
51225,0.29097395,0.29097393,1e-05,3.92642498,0.39867123
51230,0.32411785,0.32411785,1e-05,6.07106972,0.39871092
51235,0.28868456,0.28868456,1e-05,3.36218238,0.39875061
51240,0.3209353,0.32093525,1e-05,4.10069799,0.39879029
51245,0.270875,0.27087498,1e-05,5.86445856,0.39882998
51250,0.34873877,0.34873879,1e-05,4.01658106,0.39886967
51255,0.28697281,0.28697281,1e-05,4.02653837,0.39890936
51260,0.31905499,0.31905499,1e-05,7.32025051,0.39894905
51265,0.313836,0.313836,1e-05,4.02432823,0.39898874
51270,0.29231091,0.29231091,1e-05,10.58603859,0.39902842
51275,0.28615475,0.28615475,1e-05,5.45282507,0.39906811
51280,0.31676767,0.31676767,1e-05,6.58671474,0.3991078
51285,0.276634,0.27663403,1e-05,3.44574118,0.39914749
51290,0.34300833,0.34300835,1e-05,7.04880285,0.39918718
51295,0.30527205,0.30527205,1e-05,5.04238415,0.39922687
51300,0.35117269,0.35117266,1e-05,11.45140076,0.39926656
51305,0.24467552,0.24467552,1e-05,4.29690933,0.39930624
51310,0.32252696,0.32252693,1e-05,6.88710546,0.39934593
51315,0.29846056,0.29846056,1e-05,4.88248014,0.39938562
51320,0.26083403,0.26083403,1e-05,3.15049028,0.39942531
51325,0.33548384,0.33548384,1e-05,18.28741264,0.399465
51330,0.29887092,0.29887092,1e-05,4.95739603,0.39950469
51335,0.27295389,0.27295387,1e-05,4.63402462,0.39954438
51340,0.32356715,0.32356715,1e-05,5.58851099,0.39958406
51345,0.30051212,0.3005121,1e-05,4.45028067,0.39962375
51350,0.2885169,0.28851686,1e-05,4.5464797,0.39966344
51355,0.26441469,0.26441469,1e-05,4.52000713,0.39970313
51360,0.32077923,0.32077918,1e-05,4.73146343,0.39974282
51365,0.26015968,0.26015968,1e-05,3.86188865,0.39978251
51370,0.2969172,0.29691718,1e-05,5.83078861,0.3998222
51375,0.26957073,0.26957073,1e-05,4.91944218,0.39986188
51380,0.30948215,0.30948212,1e-05,4.26262856,0.39990157
51385,0.34252298,0.34252295,1e-05,5.08516455,0.39994126
51390,0.32054868,0.32054868,1e-05,4.61615992,0.39998095
51395,0.32121191,0.32121191,1e-05,4.2662077,0.40002064
51400,0.31908979,0.31908975,1e-05,4.42702866,0.40006033
51405,0.34645009,0.34645009,1e-05,6.39208269,0.40010002
51410,0.36159983,0.35191474,1e-05,3.68018746,0.4001397
51415,0.34104657,0.34104655,1e-05,4.33656359,0.40017939
51420,0.27668095,0.27668092,1e-05,4.36748695,0.40021908
51425,0.31610224,0.31610222,1e-05,4.77862692,0.40025877
51430,0.2990732,0.29907322,1e-05,4.23662615,0.40029846
51435,0.343963,0.34396298,1e-05,8.37298012,0.40033815
51440,0.31926875,0.3192687,1e-05,4.9019866,0.40037783
51445,0.35646279,0.35646279,1e-05,3.91840053,0.40041752
51450,0.29468031,0.29468031,1e-05,5.30290365,0.40045721
51455,0.32865202,0.32865205,1e-05,6.4218297,0.4004969
51460,0.28891249,0.28891249,1e-05,4.89629698,0.40053659
51465,0.37959685,0.37959685,1e-05,6.03000498,0.40057628
51470,0.29998868,0.2999887,1e-05,5.98703814,0.40061597
51475,0.3307126,0.33071263,1e-05,4.31284237,0.40065565
51480,0.29299228,0.29299231,1e-05,3.72566724,0.40069534
51485,0.28604641,0.28604641,1e-05,4.99846315,0.40073503
51490,0.31954465,0.31954465,1e-05,7.518538,0.40077472
51495,0.26512895,0.26512895,1e-05,3.85586143,0.40081441
51500,0.37071748,0.37071745,1e-05,4.79321194,0.4008541
51505,0.30467436,0.30467434,1e-05,5.09653091,0.40089379
51510,0.25672524,0.25672522,1e-05,5.14382362,0.40093347
51515,0.31195657,0.3119566,1e-05,4.83188486,0.40097316
51520,0.28298368,0.28298368,1e-05,6.46261454,0.40101285
51525,0.28733988,0.28733988,1e-05,5.55712795,0.40105254
51530,0.30966854,0.30966854,1e-05,6.06352139,0.40109223
51535,0.33028417,0.33028412,1e-05,5.41455698,0.40113192
51540,0.28080366,0.28080363,1e-05,4.86584139,0.40117161
51545,0.29464095,0.29464092,1e-05,5.55549097,0.40121129
51550,0.36141076,0.36141081,1e-05,4.67140102,0.40125098
51555,0.2695117,0.2695117,1e-05,4.13376188,0.40129067
51560,0.31511478,0.31511478,1e-05,4.59566402,0.40133036
51565,0.30284462,0.30284462,1e-05,4.62524176,0.40137005
51570,0.31963611,0.31963611,1e-05,5.01523352,0.40140974
51575,0.33238204,0.33238201,1e-05,6.90416336,0.40144942
51580,0.27695253,0.27695251,1e-05,4.3459568,0.40148911
51585,0.30025382,0.30025382,1e-05,5.59605551,0.4015288
51590,0.30828741,0.30828743,1e-05,4.45105696,0.40156849
51595,0.34915328,0.34915328,1e-05,4.8949604,0.40160818
51600,0.3330297,0.33302965,1e-05,5.02088022,0.40164787
51605,0.29160497,0.291605,1e-05,5.93665266,0.40168756
51610,0.28909745,0.28909748,1e-05,4.57027388,0.40172724
51615,0.34098744,0.34098744,1e-05,4.62209082,0.40176693
51620,0.2898035,0.2898035,1e-05,3.59324622,0.40180662
51625,0.2828927,0.28289268,1e-05,4.79047108,0.40184631
51630,0.35277374,0.35277376,1e-05,3.41063118,0.401886
51635,0.29582286,0.29582286,1e-05,5.09543419,0.40192569
51640,0.30048027,0.30048027,1e-05,5.94841099,0.40196538
51645,0.28366461,0.28366461,1e-05,3.37193561,0.40200506
51650,0.3140877,0.31408772,1e-05,5.40462112,0.40204475
51655,0.32863221,0.32863221,1e-05,3.57465124,0.40208444
51660,0.2553812,0.2553812,1e-05,2.89963293,0.40212413
51665,0.26683707,0.26683707,1e-05,4.25738955,0.40216382
51670,0.28123977,0.2812398,1e-05,4.68722868,0.40220351
51675,0.33294406,0.33294406,1e-05,3.1429019,0.4022432
51680,0.25746875,0.25746875,1e-05,6.003613,0.40228288
51685,0.35414948,0.35414948,1e-05,4.51415157,0.40232257
51690,0.32515831,0.32515831,1e-05,5.35170126,0.40236226
51695,0.31858203,0.31858201,1e-05,3.60685515,0.40240195
51700,0.3140398,0.31403978,1e-05,5.53541851,0.40244164
51705,0.27924161,0.27924161,1e-05,4.19026661,0.40248133
51710,0.31306431,0.31306431,1e-05,3.12300754,0.40252102
51715,0.32611959,0.32611959,1e-05,6.43817902,0.4025607
51720,0.39739914,0.38801537,1e-05,2.32369065,0.40260039
51725,0.32962475,0.32929444,1e-05,6.87172127,0.40264008
51730,0.3128437,0.3128437,1e-05,5.54940653,0.40267977
51735,0.32454367,0.32454367,1e-05,3.65247345,0.40271946
51740,0.2770031,0.2770031,1e-05,5.71160078,0.40275915
51745,0.32890368,0.32890368,1e-05,4.23537397,0.40279883
51750,0.33599651,0.33599653,1e-05,8.18045998,0.40283852
51755,0.32294662,0.32294662,1e-05,3.83344221,0.40287821
51760,0.3062597,0.30625968,1e-05,4.65235758,0.4029179
51765,0.26442642,0.26442642,1e-05,4.94473791,0.40295759
51770,0.31493745,0.3149374,1e-05,3.03301024,0.40299728
51775,0.29346037,0.29346037,1e-05,6.04052353,0.40303697
51780,0.31442618,0.31442616,1e-05,6.77133894,0.40307665
51785,0.29719045,0.29719045,1e-05,5.80667973,0.40311634
51790,0.34146254,0.34146252,1e-05,6.36584711,0.40315603
51795,0.30152502,0.30152502,1e-05,3.65950847,0.40319572
51800,0.34290261,0.34290259,1e-05,6.94423962,0.40323541
51805,0.28417578,0.28417578,1e-05,5.53709793,0.4032751
51810,0.31959257,0.31959257,1e-05,4.1727581,0.40331479
51815,0.34724298,0.34724293,1e-05,7.4994297,0.40335447
51820,0.27601395,0.27601392,1e-05,3.72226572,0.40339416
51825,0.30532897,0.30532897,1e-05,4.89163733,0.40343385
51830,0.32045281,0.32045279,1e-05,3.82429767,0.40347354
51835,0.2749228,0.27492282,1e-05,4.04688072,0.40351323
51840,0.2948442,0.2948442,1e-05,5.08983564,0.40355292
51845,0.29235907,0.29235907,1e-05,4.95498419,0.40359261
51850,0.31137667,0.31137664,1e-05,3.96528196,0.40363229
51855,0.33982086,0.33982086,1e-05,4.86904716,0.40367198
51860,0.33392539,0.33392539,1e-05,6.53124428,0.40371167
51865,0.30127213,0.30127211,1e-05,5.33005047,0.40375136
51870,0.3421752,0.3421752,1e-05,4.91260576,0.40379105
51875,0.31904273,0.31904278,1e-05,5.5242691,0.40383074
51880,0.321597,0.321597,1e-05,4.22741318,0.40387042
51885,0.30134866,0.30134866,1e-05,3.65381908,0.40391011
51890,0.29983203,0.29983206,1e-05,4.34537792,0.4039498
51895,0.31390305,0.313903,1e-05,3.93756056,0.40398949
51900,0.28598661,0.28598661,1e-05,3.66940141,0.40402918
51905,0.30719237,0.30719237,1e-05,6.93904591,0.40406887
51910,0.2855957,0.2855957,1e-05,10.09306335,0.40410856
51915,0.28145156,0.28145161,1e-05,3.32312179,0.40414824
51920,0.27952485,0.27952485,1e-05,4.13913441,0.40418793
51925,0.31097107,0.31097102,1e-05,6.1900692,0.40422762
51930,0.29750075,0.29750075,1e-05,4.23684311,0.40426731
51935,0.33279824,0.33279824,1e-05,5.15746927,0.404307
51940,0.28083394,0.28083394,1e-05,6.36794567,0.40434669
51945,0.28531504,0.28531501,1e-05,4.12287855,0.40438638
51950,0.35444698,0.35444703,1e-05,6.79782248,0.40442606
51955,0.30882545,0.30882545,1e-05,6.76694012,0.40446575
51960,0.31658902,0.31658902,1e-05,4.2312398,0.40450544
51965,0.27488782,0.2748878,1e-05,3.31278419,0.40454513
51970,0.32233236,0.32233236,1e-05,4.67300129,0.40458482
51975,0.29170587,0.29170589,1e-05,4.57352781,0.40462451
51980,0.31013536,0.31013539,1e-05,4.01501131,0.4046642
51985,0.36493096,0.36493096,1e-05,4.74678659,0.40470388
51990,0.33094296,0.33094296,1e-05,6.001966,0.40474357
51995,0.32581375,0.32581375,1e-05,4.66403055,0.40478326
52000,0.36898105,0.36898105,1e-05,4.86146975,0.40482295
52005,0.39593949,0.39593954,1e-05,8.03839684,0.40486264
52010,0.35245094,0.35245092,1e-05,8.95494461,0.40490233
52015,0.29678688,0.29678683,1e-05,5.40376854,0.40494202
52020,0.30736382,0.30736384,1e-05,6.6894393,0.4049817
52025,0.28597798,0.28597798,1e-05,4.14823246,0.40502139
52030,0.32994609,0.32994611,1e-05,4.81716061,0.40506108
52035,0.35402656,0.34509081,1e-05,3.79459453,0.40510077
52040,0.3260941,0.32609415,1e-05,4.80357122,0.40514046
52045,0.32612433,0.32612433,1e-05,5.42590475,0.40518015
52050,0.30510917,0.30510917,1e-05,3.87508416,0.40521983
52055,0.30315969,0.30315967,1e-05,5.47472811,0.40525952
52060,0.28838301,0.28838301,1e-05,6.23901463,0.40529921
52065,0.27867999,0.27867999,1e-05,4.39067364,0.4053389
52070,0.29034557,0.29034557,1e-05,3.94021082,0.40537859
52075,0.30444398,0.30444403,1e-05,3.37031746,0.40541828
52080,0.32630587,0.32630587,1e-05,3.92486238,0.40545797
52085,0.32806621,0.32806618,1e-05,5.06576824,0.40549765
52090,0.31380568,0.31380572,1e-05,4.26566315,0.40553734
52095,0.29786963,0.29786966,1e-05,4.93322515,0.40557703
52100,0.3190598,0.31905978,1e-05,4.42169905,0.40561672
52105,0.35757818,0.35757821,1e-05,6.21534204,0.40565641
52110,0.31231971,0.31231971,1e-05,4.27630424,0.4056961
52115,0.27140861,0.27140861,1e-05,3.37462378,0.40573579
52120,0.30431654,0.30431654,1e-05,5.69810486,0.40577547
52125,0.34152479,0.34152479,1e-05,5.68421316,0.40581516
52130,0.32761295,0.32761292,1e-05,5.99057674,0.40585485
52135,0.30249124,0.30249121,1e-05,4.21773148,0.40589454
52140,0.2799993,0.2799993,1e-05,9.2060318,0.40593423
52145,0.27824559,0.27824554,1e-05,3.20136762,0.40597392
52150,0.32686901,0.32686901,1e-05,7.44173002,0.40601361
52155,0.27887726,0.27887726,1e-05,2.96777558,0.40605329
52160,0.31741929,0.31741931,1e-05,4.43119669,0.40609298
52165,0.33707151,0.33707149,1e-05,3.88430882,0.40613267
52170,0.35821588,0.35821588,1e-05,6.84646082,0.40617236
52175,0.31261673,0.31261673,1e-05,4.7533617,0.40621205
52180,0.28015871,0.28015871,1e-05,4.45790577,0.40625174
52185,0.31050448,0.31050448,1e-05,6.89360809,0.40629142
52190,0.27998612,0.2799861,1e-05,4.82604265,0.40633111
52195,0.32551727,0.32551732,1e-05,5.44389725,0.4063708
52200,0.27754722,0.27754722,1e-05,3.54203463,0.40641049
52205,0.24455512,0.24455514,1e-05,5.73629665,0.40645018
52210,0.32468815,0.32468815,1e-05,5.4823184,0.40648987
52215,0.2842494,0.28424942,1e-05,4.95981264,0.40652956
52220,0.31516809,0.31516809,1e-05,5.9804945,0.40656924
52225,0.33565636,0.33565636,1e-05,4.75717497,0.40660893
52230,0.3281894,0.32818942,1e-05,3.78450823,0.40664862
52235,0.33263638,0.33263636,1e-05,4.33574724,0.40668831
52240,0.32767591,0.32767591,1e-05,5.50731754,0.406728
52245,0.31746085,0.31746082,1e-05,4.91425943,0.40676769
52250,0.34063201,0.34063201,1e-05,4.59384441,0.40680738
52255,0.32380075,0.32380075,1e-05,5.26365232,0.40684706
52260,0.33333032,0.33333032,1e-05,6.20915985,0.40688675
52265,0.34034872,0.34034874,1e-05,4.58203459,0.40692644
52270,0.3015475,0.30154753,1e-05,4.38733721,0.40696613
52275,0.33663068,0.33663068,1e-05,4.25622463,0.40700582
52280,0.30099149,0.30099154,1e-05,4.48386812,0.40704551
52285,0.31978707,0.3197871,1e-05,6.71649551,0.4070852
52290,0.348436,0.34843602,1e-05,4.07647896,0.40712488
52295,0.34943023,0.34943023,1e-05,3.99477482,0.40716457
52300,0.29038994,0.29038992,1e-05,4.96926975,0.40720426
52305,0.4113585,0.41135855,1e-05,5.20935726,0.40724395
52310,0.3069591,0.30695906,1e-05,4.26764011,0.40728364
52315,0.31638193,0.31638193,1e-05,4.6821537,0.40732333
52320,0.34821932,0.3482193,1e-05,4.48428345,0.40736302
52325,0.26561177,0.26561179,1e-05,5.68228817,0.4074027
52330,0.31114206,0.31114202,1e-05,5.18512011,0.40744239
52335,0.26551113,0.26551111,1e-05,3.68405771,0.40748208
52340,0.37721119,0.37721119,1e-05,3.71004415,0.40752177
52345,0.34004416,0.34004412,1e-05,4.53287697,0.40756146
52350,0.40930142,0.37567052,1e-05,4.18980455,0.40760115
52355,0.35234113,0.35234113,1e-05,5.1658268,0.40764083
52360,0.28962488,0.28962488,1e-05,3.81636453,0.40768052
52365,0.2515286,0.2515286,1e-05,5.86437511,0.40772021
52370,0.3577786,0.35777855,1e-05,5.67066813,0.4077599
52375,0.30658767,0.3065877,1e-05,4.73667049,0.40779959
52380,0.32007735,0.32007732,1e-05,6.83205366,0.40783928
52385,0.38176405,0.38176408,1e-05,5.1560626,0.40787897
52390,0.28168364,0.28168361,1e-05,7.20733833,0.40791865
52395,0.33123307,0.33123307,1e-05,4.16141176,0.40795834
52400,0.30715857,0.30715857,1e-05,5.27229786,0.40799803
52405,0.32039084,0.32039084,1e-05,6.15518904,0.40803772
52410,0.37762842,0.37762842,1e-05,5.63149929,0.40807741
52415,0.30838766,0.30838764,1e-05,7.49111462,0.4081171
52420,0.29898791,0.29898789,1e-05,4.52690029,0.40815679
52425,0.41605692,0.41605697,1e-05,8.91781235,0.40819647
52430,0.34010839,0.34010835,1e-05,4.27269316,0.40823616
52435,0.33228331,0.33228331,1e-05,4.48003435,0.40827585
52440,0.31758852,0.31758854,1e-05,4.77506876,0.40831554
52445,0.31865511,0.31865511,1e-05,6.72353172,0.40835523
52450,0.29676032,0.29676032,1e-05,5.77879143,0.40839492
52455,0.32936678,0.32936678,1e-05,3.83475542,0.40843461
52460,0.31299281,0.31299281,1e-05,5.75652027,0.40847429
52465,0.34913054,0.34913054,1e-05,4.11231756,0.40851398
52470,0.3475894,0.34758937,1e-05,3.48157191,0.40855367
52475,0.31365232,0.31365235,1e-05,4.99861526,0.40859336
52480,0.34695663,0.34695663,1e-05,6.57402611,0.40863305
52485,0.30149627,0.30149629,1e-05,4.38450289,0.40867274
52490,0.29569027,0.2956903,1e-05,4.61818981,0.40871242
52495,0.29660754,0.29660754,1e-05,4.30589581,0.40875211
52500,0.30552213,0.30552213,1e-05,3.89969301,0.4087918
52505,0.29680352,0.29680352,1e-05,3.38090301,0.40883149
52510,0.37344019,0.37344017,1e-05,4.13364649,0.40887118
52515,0.33000531,0.33000531,1e-05,5.08657932,0.40891087
52520,0.31225433,0.31225433,1e-05,5.64256287,0.40895056
52525,0.24273176,0.24273176,1e-05,5.21337414,0.40899024
52530,0.32541142,0.32541142,1e-05,5.00397635,0.40902993
52535,0.30072403,0.30072403,1e-05,7.00413942,0.40906962
52540,0.32489638,0.32489638,1e-05,4.18895817,0.40910931
52545,0.29434154,0.29434152,1e-05,5.00976849,0.409149
52550,0.31174936,0.31174936,1e-05,4.04406929,0.40918869
52555,0.3620894,0.36208942,1e-05,3.52800441,0.40922838
52560,0.31281714,0.31281714,1e-05,5.72877884,0.40926806
52565,0.29990315,0.29990315,1e-05,4.18600512,0.40930775
52570,0.34068398,0.34068396,1e-05,5.01922989,0.40934744
52575,0.35409617,0.35409617,1e-05,4.48991108,0.40938713
52580,0.41656566,0.41656566,1e-05,6.53957462,0.40942682
52585,0.28449364,0.28449364,1e-05,5.99840927,0.40946651
52590,0.31488478,0.31488481,1e-05,4.06120443,0.4095062
52595,0.32544289,0.32544289,1e-05,4.47131395,0.40954588
52600,0.33488812,0.33488812,1e-05,3.9210546,0.40958557
52605,0.29752786,0.29752784,1e-05,3.29700708,0.40962526
52610,0.31103637,0.31103635,1e-05,5.01015329,0.40966495
52615,0.31380858,0.31380858,1e-05,4.97457981,0.40970464
52620,0.2851635,0.28516345,1e-05,4.38152218,0.40974433
52625,0.26333547,0.26333544,1e-05,6.44271231,0.40978402
52630,0.35343854,0.35343854,1e-05,5.64284086,0.4098237
52635,0.29590948,0.29590948,1e-05,3.72128677,0.40986339
52640,0.30002272,0.30002272,1e-05,4.61775398,0.40990308
52645,0.40835996,0.40835996,1e-05,4.90790176,0.40994277
52650,0.320017,0.320017,1e-05,4.56845808,0.40998246
52655,0.33668125,0.33668127,1e-05,7.86992455,0.41002215
52660,0.41037116,0.39898621,1e-05,1.79119551,0.41006183
52665,0.32171547,0.32381775,1e-05,3.92860174,0.41010152
52670,0.25638986,0.25638986,1e-05,5.23794889,0.41014121
52675,0.3169374,0.3169374,1e-05,3.31444573,0.4101809
52680,0.33785253,0.3378525,1e-05,5.31648159,0.41022059
52685,0.314042,0.31404197,1e-05,3.25918055,0.41026028
52690,0.33806334,0.33806331,1e-05,5.14901781,0.41029997
52695,0.28260317,0.28260317,1e-05,5.49150753,0.41033965
52700,0.36468825,0.36468823,1e-05,3.65193415,0.41037934
52705,0.29945121,0.29945121,1e-05,3.79259515,0.41041903
52710,0.33844209,0.33844211,1e-05,4.38677263,0.41045872
52715,0.31299188,0.31299188,1e-05,4.22500944,0.41049841
52720,0.31843829,0.31843829,1e-05,5.59423113,0.4105381
52725,0.38321812,0.38321815,1e-05,3.91206074,0.41057779
52730,0.37654305,0.376543,1e-05,7.16521692,0.41061747
52735,0.2907177,0.29071767,1e-05,7.38467932,0.41065716
52740,0.2960146,0.2960146,1e-05,6.13928318,0.41069685
52745,0.29693079,0.29693079,1e-05,4.88933563,0.41073654
52750,0.33914051,0.33914051,1e-05,5.64304733,0.41077623
52755,0.30978279,0.30978279,1e-05,4.56178951,0.41081592
52760,0.31947932,0.31947932,1e-05,5.9941678,0.41085561
52765,0.33384571,0.33384571,1e-05,4.12287617,0.41089529
52770,0.38066401,0.38066404,1e-05,4.44799662,0.41093498
52775,0.3385993,0.33859932,1e-05,4.44071627,0.41097467
52780,0.34740357,0.34740353,1e-05,4.68674707,0.41101436
52785,0.34411554,0.34411554,1e-05,5.92377901,0.41105405
52790,0.26248257,0.2624826,1e-05,3.56863976,0.41109374
52795,0.29840283,0.29840283,1e-05,5.06935453,0.41113342
52800,0.34756389,0.34756389,1e-05,4.64612341,0.41117311
52805,0.38202596,0.382026,1e-05,7.16269922,0.4112128
52810,0.28759904,0.28759909,1e-05,4.22762585,0.41125249
52815,0.28426533,0.28426528,1e-05,4.936481,0.41129218
52820,0.31361809,0.31361804,1e-05,4.67110634,0.41133187
52825,0.27256436,0.27256436,1e-05,4.16890049,0.41137156
52830,0.31586561,0.31586559,1e-05,7.04538918,0.41141124
52835,0.39204249,0.39204247,1e-05,5.70935869,0.41145093
52840,0.25327935,0.25327938,1e-05,4.14086962,0.41149062
52845,0.29968817,0.2996882,1e-05,7.6073966,0.41153031
52850,0.27388191,0.27388194,1e-05,4.26906729,0.41157
52855,0.32397025,0.32397022,1e-05,5.11283493,0.41160969
52860,0.28613708,0.2861371,1e-05,4.27925062,0.41164938
52865,0.36796548,0.36796551,1e-05,5.52866364,0.41168906
52870,0.31001947,0.31001949,1e-05,3.43674397,0.41172875
52875,0.29348693,0.29348693,1e-05,5.7891984,0.41176844
52880,0.31361444,0.31361442,1e-05,3.90930247,0.41180813
52885,0.32005901,0.32005901,1e-05,4.46588421,0.41184782
52890,0.3543221,0.3543221,1e-05,8.60751438,0.41188751
52895,0.34225309,0.34225307,1e-05,5.49895096,0.4119272
52900,0.27955034,0.27955036,1e-05,11.86769962,0.41196688
52905,0.28949881,0.28949878,1e-05,4.92018461,0.41200657
52910,0.31524339,0.31524339,1e-05,4.33416986,0.41204626
52915,0.31162386,0.31162381,1e-05,4.93687153,0.41208595
52920,0.29349465,0.29349465,1e-05,3.61330533,0.41212564
52925,0.29170861,0.29170856,1e-05,5.46190023,0.41216533
52930,0.32264137,0.3226414,1e-05,3.82144713,0.41220502
52935,0.32428045,0.32428048,1e-05,8.85645294,0.4122447
52940,0.25556173,0.25556173,1e-05,5.43086147,0.41228439
52945,0.28220642,0.28220644,1e-05,4.54188919,0.41232408
52950,0.29462564,0.29462562,1e-05,5.40824747,0.41236377
52955,0.33912504,0.33912506,1e-05,3.4113512,0.41240346
52960,0.33943231,0.33943233,1e-05,4.75287199,0.41244315
52965,0.31720018,0.31720018,1e-05,5.83646917,0.41248283
52970,0.29752984,0.29752984,1e-05,7.10296106,0.41252252
52975,0.48807364,0.46391386,1e-05,5.12281513,0.41256221
52980,0.33537178,0.33537173,1e-05,6.41007376,0.4126019
52985,0.28765414,0.28765411,1e-05,4.48201036,0.41264159
52990,0.30986986,0.30986986,1e-05,3.86292648,0.41268128
52995,0.35149717,0.35149722,1e-05,4.95373774,0.41272097
53000,0.38851762,0.38851759,1e-05,5.68415499,0.41276065
53005,0.26102238,0.26102238,1e-05,4.56681013,0.41280034
53010,0.32440844,0.32440844,1e-05,4.25273657,0.41284003
53015,0.3672401,0.36724014,1e-05,5.16834736,0.41287972
53020,0.33318985,0.33318982,1e-05,6.62993717,0.41291941
53025,0.34197052,0.34197054,1e-05,5.64387035,0.4129591
53030,0.27164359,0.27164359,1e-05,3.70816684,0.41299879
53035,0.30701103,0.30701103,1e-05,4.02974892,0.41303847
53040,0.29878726,0.29878731,1e-05,4.7186389,0.41307816
53045,0.29030857,0.29030857,1e-05,3.77607942,0.41311785
53050,0.31494794,0.31494792,1e-05,4.54330158,0.41315754
53055,0.33685384,0.33685384,1e-05,4.63882303,0.41319723
53060,0.27810841,0.27810841,1e-05,4.72835112,0.41323692
53065,0.3149225,0.3149225,1e-05,4.52419376,0.41327661
53070,0.31712191,0.31712189,1e-05,4.3971653,0.41331629
53075,0.25905447,0.25905447,1e-05,4.8103404,0.41335598
53080,0.2462106,0.24621058,1e-05,2.72128057,0.41339567
53085,0.29062097,0.29062099,1e-05,4.65873337,0.41343536
53090,0.29670944,0.29670944,1e-05,3.75159645,0.41347505
53095,0.35931377,0.35931373,1e-05,6.76707602,0.41351474
53100,0.31001222,0.31001225,1e-05,3.42539716,0.41355442
53105,0.34362514,0.34362512,1e-05,7.38704062,0.41359411
53110,0.2929028,0.29290285,1e-05,4.46327448,0.4136338
53115,0.38230677,0.38230677,1e-05,4.93222666,0.41367349
53120,0.32517059,0.32517059,1e-05,5.52804947,0.41371318
53125,0.31369181,0.31369178,1e-05,4.28923178,0.41375287
53130,0.28360386,0.28360386,1e-05,3.70659447,0.41379256
53135,0.3911247,0.39112468,1e-05,5.26537275,0.41383224
53140,0.24701147,0.24701147,1e-05,3.31721783,0.41387193
53145,0.30310793,0.30310793,1e-05,3.69449592,0.41391162
53150,0.29088876,0.29088879,1e-05,7.09711075,0.41395131
53155,0.30544846,0.30544844,1e-05,3.98865271,0.413991
53160,0.26998622,0.2699862,1e-05,3.80423808,0.41403069
53165,0.33273261,0.33273258,1e-05,4.39719057,0.41407038
53170,0.30609348,0.30609345,1e-05,5.44656944,0.41411006
53175,0.33211923,0.3321192,1e-05,4.92778015,0.41414975
53180,0.37391312,0.37391312,1e-05,4.80718088,0.41418944
53185,0.40078354,0.40078344,1e-05,15.09126091,0.41422913
53190,0.3139183,0.3139183,1e-05,3.58940601,0.41426882
53195,0.31216347,0.31216347,1e-05,3.12477493,0.41430851
53200,0.36660123,0.36660123,1e-05,4.3379364,0.4143482
53205,0.32898207,0.32898207,1e-05,4.44838572,0.41438788
53210,0.31647966,0.31647964,1e-05,5.23715925,0.41442757
53215,0.31837206,0.31837206,1e-05,3.60716605,0.41446726
53220,0.30759711,0.30759711,1e-05,5.78163767,0.41450695
53225,0.32011833,0.32011828,1e-05,4.56799936,0.41454664
53230,0.27982392,0.27982392,1e-05,6.04396534,0.41458633
53235,0.26976066,0.26976066,1e-05,3.99034548,0.41462602
53240,0.30363741,0.30363741,1e-05,4.15601969,0.4146657
53245,0.26157382,0.26157382,1e-05,4.51794052,0.41470539
53250,0.31015916,0.31015916,1e-05,3.94927359,0.41474508
53255,0.32590857,0.32590857,1e-05,3.90705752,0.41478477
53260,0.3399437,0.3399437,1e-05,2.61859202,0.41482446
53265,0.3387265,0.33872652,1e-05,3.87549615,0.41486415
53270,0.28131895,0.281319,1e-05,6.53569603,0.41490383
53275,0.34701271,0.34701271,1e-05,3.7477715,0.41494352
53280,0.38511679,0.38511679,1e-05,5.69875145,0.41498321
53285,0.32528605,0.32528605,1e-05,4.78456116,0.4150229
53290,0.37173634,0.35411305,1e-05,4.51148748,0.41506259
53295,0.32527971,0.32527969,1e-05,7.6711092,0.41510228
53300,0.36561565,0.36561565,1e-05,3.64387202,0.41514197
53305,0.32373672,0.32373669,1e-05,5.49947786,0.41518165
53310,0.31584601,0.31584599,1e-05,4.87690926,0.41522134
53315,0.27727187,0.27727189,1e-05,5.62347889,0.41526103
53320,0.33909273,0.33909268,1e-05,4.47072506,0.41530072
53325,0.33565092,0.33565092,1e-05,6.92227364,0.41534041
53330,0.32452796,0.32452796,1e-05,3.64168096,0.4153801
53335,0.3748363,0.3748363,1e-05,5.11168861,0.41541979
53340,0.33228745,0.33228743,1e-05,4.34189892,0.41545947
53345,0.28956568,0.28956568,1e-05,6.97228384,0.41549916
53350,0.29683738,0.29683735,1e-05,4.33485126,0.41553885
53355,0.28209138,0.28209138,1e-05,4.73281193,0.41557854
53360,0.31620135,0.31620135,1e-05,4.40980244,0.41561823
53365,0.29996343,0.29996343,1e-05,3.56484818,0.41565792
53370,0.28358698,0.283587,1e-05,3.9506526,0.41569761
53375,0.31702459,0.31702461,1e-05,7.13641453,0.41573729
53380,0.30268455,0.30268457,1e-05,6.25751495,0.41577698
53385,0.29355469,0.29355469,1e-05,7.08305883,0.41581667
53390,0.28699296,0.28699298,1e-05,3.82576203,0.41585636
53395,0.30338929,0.30338929,1e-05,5.04526806,0.41589605
53400,0.27815995,0.27815995,1e-05,6.7415123,0.41593574
53405,0.35410819,0.35410819,1e-05,6.9222312,0.41597542
53410,0.34118638,0.34118638,1e-05,4.55745697,0.41601511
53415,0.30041387,0.30041387,1e-05,3.91741228,0.4160548
53420,0.38503814,0.38503814,1e-05,3.85622525,0.41609449
53425,0.30267038,0.30267038,1e-05,5.02296209,0.41613418
53430,0.29957275,0.29957278,1e-05,4.958673,0.41617387
53435,0.33379755,0.33379755,1e-05,4.64524651,0.41621356
53440,0.33147531,0.33147535,1e-05,4.36872053,0.41625324
53445,0.30825276,0.30825276,1e-05,5.29963064,0.41629293
53450,0.36714191,0.36714191,1e-05,3.84408951,0.41633262
53455,0.27614551,0.27614551,1e-05,4.42675352,0.41637231
53460,0.30243282,0.30243282,1e-05,4.48408937,0.416412
53465,0.33320956,0.33320954,1e-05,4.41242456,0.41645169
53470,0.29252291,0.29252286,1e-05,3.39792037,0.41649138
53475,0.3418483,0.3418483,1e-05,5.30928278,0.41653106
53480,0.31817312,0.31817317,1e-05,3.27318573,0.41657075
53485,0.29208517,0.29208517,1e-05,3.13238931,0.41661044
53490,0.27496872,0.2749687,1e-05,4.89997005,0.41665013
53495,0.29846864,0.29846864,1e-05,5.41491556,0.41668982
53500,0.32830105,0.328301,1e-05,4.41884565,0.41672951
53505,0.2922852,0.2922852,1e-05,5.97599792,0.4167692
53510,0.29585915,0.29585915,1e-05,4.04186678,0.41680888
53515,0.34953866,0.34953864,1e-05,5.1329689,0.41684857
53520,0.30316496,0.30316496,1e-05,4.80299711,0.41688826
53525,0.24715085,0.24715085,1e-05,4.1237483,0.41692795
53530,0.26932831,0.26932831,1e-05,7.21644735,0.41696764
53535,0.2892153,0.28921533,1e-05,4.06761599,0.41700733
53540,0.29101691,0.29101691,1e-05,4.10793352,0.41704702
53545,0.28310859,0.28310857,1e-05,4.2847414,0.4170867
53550,0.30876915,0.30876913,1e-05,7.34812021,0.41712639
53555,0.32098379,0.32098377,1e-05,6.3145771,0.41716608
53560,0.2723788,0.2723788,1e-05,5.2146101,0.41720577
53565,0.38240213,0.38240213,1e-05,6.96768522,0.41724546
53570,0.32316771,0.32316768,1e-05,4.97143412,0.41728515
53575,0.2976532,0.29765325,1e-05,4.94077826,0.41732483
53580,0.30687907,0.30687904,1e-05,4.43450117,0.41736452
53585,0.33417516,0.33417516,1e-05,4.63496399,0.41740421
53590,0.33851161,0.33851159,1e-05,7.12303925,0.4174439
53595,0.30753605,0.30753605,1e-05,3.50792861,0.41748359
53600,0.3553668,0.34500864,1e-05,7.71465969,0.41752328
53605,0.32513223,0.3251322,1e-05,4.19424772,0.41756297
53610,0.27141604,0.27141609,1e-05,2.91718721,0.41760265
53615,0.33613214,0.33613214,1e-05,4.46352482,0.41764234
53620,0.27494557,0.27494557,1e-05,4.35912466,0.41768203
53625,0.32509222,0.32509222,1e-05,7.35761261,0.41772172
53630,0.33941305,0.33941302,1e-05,3.74704862,0.41776141
53635,0.32323804,0.32323804,1e-05,4.44913101,0.4178011
53640,0.31900976,0.31900978,1e-05,4.11269903,0.41784079
53645,0.30307059,0.30307059,1e-05,4.49737883,0.41788047
53650,0.32675648,0.32675648,1e-05,4.33577585,0.41792016
53655,0.31683426,0.31683426,1e-05,5.78830481,0.41795985
53660,0.29747438,0.29747443,1e-05,5.86496544,0.41799954
53665,0.29711332,0.29711332,1e-05,5.8129034,0.41803923
53670,0.38649824,0.38649821,1e-05,5.59050083,0.41807892
53675,0.28313711,0.28313708,1e-05,5.0150671,0.41811861
53680,0.26959348,0.26959343,1e-05,3.86910009,0.41815829
53685,0.29327416,0.29327416,1e-05,4.57570267,0.41819798
53690,0.30121012,0.30121009,1e-05,4.39108276,0.41823767
53695,0.27502828,0.27502828,1e-05,4.89690495,0.41827736
53700,0.2945663,0.2945663,1e-05,3.74548197,0.41831705
53705,0.35165229,0.35165224,1e-05,3.84257746,0.41835674
53710,0.31349897,0.31349897,1e-05,4.10477114,0.41839642
53715,0.33681936,0.33681936,1e-05,3.08911228,0.41843611
53720,0.26694841,0.26694839,1e-05,4.10777617,0.4184758
53725,0.2783993,0.27839932,1e-05,4.02820778,0.41851549
53730,0.28740826,0.28740826,1e-05,5.98805428,0.41855518
53735,0.35245831,0.35245829,1e-05,3.04625511,0.41859487
53740,0.35106249,0.35106249,1e-05,5.00033283,0.41863456
53745,0.29978805,0.29978805,1e-05,5.11992216,0.41867424
53750,0.31010091,0.31010089,1e-05,4.54335546,0.41871393
53755,0.35865812,0.35865812,1e-05,8.30645084,0.41875362
53760,0.29224615,0.29224615,1e-05,3.48106432,0.41879331
53765,0.32035072,0.32035072,1e-05,5.30577183,0.418833
53770,0.31168365,0.31168365,1e-05,7.23806286,0.41887269
53775,0.32989993,0.32989993,1e-05,4.68293953,0.41891238
53780,0.25480764,0.25480764,1e-05,5.08541346,0.41895206
53785,0.34154072,0.34154072,1e-05,6.31257153,0.41899175
53790,0.36537097,0.36537099,1e-05,3.08969665,0.41903144
53795,0.30216537,0.30216532,1e-05,7.54437494,0.41907113
53800,0.35787323,0.35787325,1e-05,3.90378284,0.41911082
53805,0.27831631,0.27831633,1e-05,4.69937134,0.41915051
53810,0.26568315,0.26568317,1e-05,5.54860973,0.4191902
53815,0.28017154,0.28017154,1e-05,7.6897645,0.41922988
53820,0.29152045,0.29152045,1e-05,5.26082182,0.41926957
53825,0.32240934,0.32240934,1e-05,3.86034036,0.41930926
53830,0.30076861,0.30076861,1e-05,4.42772245,0.41934895
53835,0.31989141,0.31989143,1e-05,4.47733831,0.41938864
53840,0.34439731,0.34439731,1e-05,3.899225,0.41942833
53845,0.35660501,0.35660501,1e-05,5.02198744,0.41946802
53850,0.29013481,0.29013484,1e-05,5.00136662,0.4195077
53855,0.26408925,0.26408925,1e-05,5.48322296,0.41954739
53860,0.3162493,0.3162493,1e-05,4.76827288,0.41958708
53865,0.32002268,0.32002265,1e-05,5.7959981,0.41962677
53870,0.32358594,0.32358594,1e-05,5.41673088,0.41966646
53875,0.36192422,0.36192422,1e-05,6.43578005,0.41970615
53880,0.34570084,0.34570081,1e-05,5.40459871,0.41974583
53885,0.31017625,0.31017623,1e-05,3.04692197,0.41978552
53890,0.29389524,0.29389524,1e-05,4.45475197,0.41982521
53895,0.30502701,0.30502701,1e-05,4.58929586,0.4198649
53900,0.2620368,0.2620368,1e-05,3.47633195,0.41990459
53905,0.27983384,0.27983384,1e-05,3.95298862,0.41994428
53910,0.28490136,0.28490133,1e-05,7.24844599,0.41998397
53915,0.42357135,0.4011749,1e-05,8.56667233,0.42002365
53920,0.32332366,0.32332368,1e-05,4.69040012,0.42006334
53925,0.35579386,0.35579386,1e-05,6.13710976,0.42010303
53930,0.30220416,0.30220413,1e-05,4.70164251,0.42014272
53935,0.28429751,0.28429751,1e-05,3.55493426,0.42018241
53940,0.2995275,0.29952753,1e-05,4.30097675,0.4202221
53945,0.36483049,0.36483049,1e-05,4.8677001,0.42026179
53950,0.32716634,0.32716634,1e-05,3.81496,0.42030147
53955,0.33515618,0.33515615,1e-05,4.36150217,0.42034116
53960,0.34040928,0.34040923,1e-05,3.48510742,0.42038085
53965,0.30205207,0.30205204,1e-05,3.1637435,0.42042054
53970,0.28948555,0.28948555,1e-05,6.91032171,0.42046023
53975,0.28795538,0.28795538,1e-05,4.23551893,0.42049992
53980,0.31716766,0.31716766,1e-05,3.64057827,0.42053961
53985,0.30187011,0.30187011,1e-05,4.627038,0.42057929
53990,0.30150967,0.30150967,1e-05,6.28290176,0.42061898
53995,0.29243064,0.29243064,1e-05,4.15236616,0.42065867
54000,0.3110312,0.3110312,1e-05,5.11305428,0.42069836
54005,0.36781573,0.36781573,1e-05,5.42372561,0.42073805
54010,0.36952124,0.36952124,1e-05,3.84679937,0.42077774
54015,0.33730922,0.33730922,1e-05,4.24208212,0.42081742
54020,0.30545712,0.30545709,1e-05,4.91522741,0.42085711
54025,0.32799575,0.32799573,1e-05,4.63441324,0.4208968
54030,0.28382063,0.28382063,1e-05,5.60284662,0.42093649
54035,0.28450336,0.28450336,1e-05,4.69307613,0.42097618
54040,0.3435111,0.3435111,1e-05,8.17101574,0.42101587
54045,0.29671037,0.2967104,1e-05,4.26655245,0.42105556
54050,0.30032411,0.30032411,1e-05,4.16712189,0.42109524
54055,0.25238681,0.25238681,1e-05,2.62506795,0.42113493
54060,0.34725976,0.34725976,1e-05,5.47666979,0.42117462
54065,0.29473772,0.29473772,1e-05,4.05531502,0.42121431
54070,0.31693442,0.31693439,1e-05,4.63477468,0.421254
54075,0.36019559,0.36019559,1e-05,4.08277321,0.42129369
54080,0.34255161,0.34255157,1e-05,4.14979792,0.42133338
54085,0.34343853,0.34343848,1e-05,4.49075556,0.42137306
54090,0.3501466,0.35014663,1e-05,6.33828163,0.42141275
54095,0.30839753,0.30839751,1e-05,3.8296864,0.42145244
54100,0.32960901,0.32960901,1e-05,3.79932427,0.42149213
54105,0.34518347,0.34518342,1e-05,5.71884584,0.42153182
54110,0.3309761,0.3309761,1e-05,2.99698114,0.42157151
54115,0.26859143,0.2685914,1e-05,3.36306977,0.4216112
54120,0.28489919,0.28489919,1e-05,3.88171482,0.42165088
54125,0.29473538,0.29473538,1e-05,3.7331872,0.42169057
54130,0.30759361,0.30759358,1e-05,4.73307991,0.42173026
54135,0.28493962,0.28493962,1e-05,5.0598731,0.42176995
54140,0.3347424,0.3347424,1e-05,8.06420994,0.42180964
54145,0.27954044,0.27954044,1e-05,4.29825163,0.42184933
54150,0.30281327,0.30281329,1e-05,7.37317419,0.42188902
54155,0.27138343,0.27138343,1e-05,5.00998211,0.4219287
54160,0.33738146,0.33738143,1e-05,5.63759041,0.42196839
54165,0.29046104,0.29046102,1e-05,5.1765728,0.42200808
54170,0.34899571,0.34899573,1e-05,6.86386299,0.42204777
54175,0.30159688,0.30159688,1e-05,6.03798437,0.42208746
54180,0.3888577,0.38885767,1e-05,5.00751352,0.42212715
54185,0.30307307,0.30307307,1e-05,4.55087233,0.42216683
54190,0.33007836,0.33007836,1e-05,4.11220074,0.42220652
54195,0.29594245,0.2959425,1e-05,5.13013649,0.42224621
54200,0.29006615,0.29006615,1e-05,4.45751572,0.4222859
54205,0.31143317,0.31143317,1e-05,5.85756111,0.42232559
54210,0.37016082,0.37016082,1e-05,5.14236212,0.42236528
54215,0.29319072,0.29319067,1e-05,4.92452669,0.42240497
54220,0.29912949,0.29912949,1e-05,4.35736322,0.42244465
54225,0.33124337,0.3244483,1e-05,3.51565886,0.42248434
54230,0.3910845,0.37489895,1e-05,5.28183174,0.42252403
54235,0.32484064,0.32484064,1e-05,5.11589003,0.42256372
54240,0.37627115,0.37627115,1e-05,6.24264193,0.42260341
54245,0.31086559,0.31086559,1e-05,3.54243875,0.4226431
54250,0.29439974,0.29439974,1e-05,4.3026557,0.42268279
54255,0.30811262,0.30811262,1e-05,4.09023333,0.42272247
54260,0.28043861,0.28043859,1e-05,5.28526974,0.42276216
54265,0.31281164,0.31281161,1e-05,5.67152452,0.42280185
54270,0.30779791,0.30779791,1e-05,5.06666756,0.42284154
54275,0.29045165,0.29045165,1e-05,3.20038843,0.42288123
54280,0.34579248,0.34579248,1e-05,4.89228296,0.42292092
54285,0.31598706,0.31598709,1e-05,3.0966866,0.42296061
54290,0.28626065,0.28626065,1e-05,6.00129509,0.42300029
54295,0.35454106,0.35454104,1e-05,9.99992466,0.42303998
54300,0.3473084,0.34730842,1e-05,5.9360981,0.42307967
54305,0.3194685,0.31946847,1e-05,5.73599434,0.42311936
54310,0.31429286,0.31429286,1e-05,4.87628984,0.42315905
54315,0.28155682,0.28155682,1e-05,4.95094013,0.42319874
54320,0.32587647,0.32587647,1e-05,4.18896246,0.42323842
54325,0.30984139,0.30984137,1e-05,4.98708439,0.42327811
54330,0.31550951,0.31550951,1e-05,4.61542892,0.4233178
54335,0.29573483,0.29573483,1e-05,10.7446146,0.42335749
54340,0.28796029,0.28796029,1e-05,5.7540431,0.42339718
54345,0.3133821,0.3133821,1e-05,7.98984289,0.42343687
54350,0.33300662,0.33300662,1e-05,5.16118526,0.42347656
54355,0.32819297,0.328193,1e-05,7.07774448,0.42351624
54360,0.33775308,0.33775306,1e-05,3.60446262,0.42355593
54365,0.28344853,0.28344851,1e-05,5.72037125,0.42359562
54370,0.32165794,0.3216579,1e-05,7.79356766,0.42363531
54375,0.31568134,0.31568136,1e-05,3.90250897,0.423675
54380,0.33538861,0.33538861,1e-05,5.99332905,0.42371469
54385,0.30865436,0.30865436,1e-05,5.6933713,0.42375438
54390,0.25791283,0.25791283,1e-05,4.04549217,0.42379406
54395,0.33311353,0.33311355,1e-05,3.87900734,0.42383375
54400,0.32450798,0.32450795,1e-05,4.3369832,0.42387344
54405,0.32767143,0.32767143,1e-05,5.07365751,0.42391313
54410,0.25069127,0.25069127,1e-05,3.85794449,0.42395282
54415,0.37928736,0.37928736,1e-05,5.11915159,0.42399251
54420,0.35443091,0.35443091,1e-05,4.43235493,0.4240322
54425,0.3021482,0.30214825,1e-05,4.8139739,0.42407188
54430,0.32282395,0.32282395,1e-05,4.56683779,0.42411157
54435,0.32673237,0.32673235,1e-05,4.14149666,0.42415126
54440,0.32031417,0.32031412,1e-05,7.68975401,0.42419095
54445,0.31528273,0.31528273,1e-05,5.65784168,0.42423064
54450,0.28265576,0.28265581,1e-05,3.82003736,0.42427033
54455,0.27533603,0.27533603,1e-05,7.45842934,0.42431002
54460,0.29039116,0.29039116,1e-05,5.13863754,0.4243497
54465,0.29480538,0.29480541,1e-05,3.97957397,0.42438939
54470,0.3561378,0.3561378,1e-05,6.24972963,0.42442908
54475,0.28717017,0.28717022,1e-05,3.62010169,0.42446877
54480,0.30142179,0.30142176,1e-05,5.12493658,0.42450846
54485,0.38916578,0.38916578,1e-05,5.60335255,0.42454815
54490,0.3072875,0.30728755,1e-05,4.48383617,0.42458783
54495,0.30963278,0.30963278,1e-05,3.8076086,0.42462752
54500,0.29221573,0.29221573,1e-05,4.13399267,0.42466721
54505,0.28906872,0.2890687,1e-05,7.46708775,0.4247069
54510,0.35230694,0.35230694,1e-05,3.7375679,0.42474659
54515,0.27656078,0.27656078,1e-05,7.71282721,0.42478628
54520,0.28632784,0.28632782,1e-05,3.6689465,0.42482597
54525,0.34577351,0.34577351,1e-05,4.30948877,0.42486565
54530,0.34162307,0.34162307,1e-05,4.38849258,0.42490534
54535,0.32020595,0.32020597,1e-05,4.5048337,0.42494503
54540,0.40730338,0.38880965,1e-05,5.80282211,0.42498472
54545,0.37257009,0.37257006,1e-05,5.31785202,0.42502441
54550,0.27249591,0.27249594,1e-05,5.64935589,0.4250641
54555,0.2560184,0.2560184,1e-05,3.31434774,0.42510379
54560,0.33667881,0.33667884,1e-05,7.03055239,0.42514347
54565,0.39589686,0.39589686,1e-05,5.44160891,0.42518316
54570,0.25097022,0.25097022,1e-05,3.74921155,0.42522285
54575,0.30260725,0.30260725,1e-05,7.18059635,0.42526254
54580,0.36193655,0.36193657,1e-05,5.36940479,0.42530223
54585,0.29654613,0.29654613,1e-05,7.20506573,0.42534192
54590,0.29219475,0.29219475,1e-05,7.58692789,0.42538161
54595,0.31418738,0.31418738,1e-05,5.75810194,0.42542129
54600,0.31546369,0.31546371,1e-05,5.41962385,0.42546098
54605,0.28181572,0.28181574,1e-05,7.66365147,0.42550067
54610,0.32068076,0.32068074,1e-05,3.89628053,0.42554036
54615,0.27890358,0.2789036,1e-05,3.31472301,0.42558005
54620,0.31390619,0.31390619,1e-05,3.5919795,0.42561974
54625,0.30973337,0.30973334,1e-05,5.38987875,0.42565942
54630,0.23999958,0.2399996,1e-05,3.33824944,0.42569911
54635,0.32296476,0.32296476,1e-05,5.17863369,0.4257388
54640,0.35899072,0.35899072,1e-05,9.31224155,0.42577849
54645,0.29396904,0.29396901,1e-05,2.85465026,0.42581818
54650,0.23915749,0.23915749,1e-05,3.6096952,0.42585787
54655,0.34275026,0.34275022,1e-05,4.43339968,0.42589756
54660,0.29054604,0.29054604,1e-05,6.38215923,0.42593724
54665,0.29631526,0.29631529,1e-05,4.29082394,0.42597693
54670,0.27918234,0.27918234,1e-05,4.64389038,0.42601662
54675,0.30913551,0.30913553,1e-05,5.61389256,0.42605631
54680,0.3104609,0.3104609,1e-05,3.64642262,0.426096
54685,0.34272294,0.34272294,1e-05,4.46487951,0.42613569
54690,0.27361789,0.27361789,1e-05,2.91301465,0.42617538
54695,0.31359143,0.31359141,1e-05,4.00958014,0.42621506
54700,0.32204766,0.32204766,1e-05,6.08479548,0.42625475
54705,0.30519433,0.30519433,1e-05,6.24702883,0.42629444
54710,0.32614305,0.32614307,1e-05,4.99861336,0.42633413
54715,0.35450258,0.35450258,1e-05,4.72196293,0.42637382
54720,0.28517714,0.28517714,1e-05,4.55490589,0.42641351
54725,0.2717227,0.2717227,1e-05,3.57815266,0.4264532
54730,0.29539557,0.29539557,1e-05,5.89359713,0.42649288
54735,0.293593,0.29359303,1e-05,4.27779102,0.42653257
54740,0.30398822,0.30398822,1e-05,4.43908834,0.42657226
54745,0.30581591,0.30581591,1e-05,3.88115096,0.42661195
54750,0.2602479,0.2602479,1e-05,4.16094303,0.42665164
54755,0.30624719,0.30624719,1e-05,4.41686916,0.42669133
54760,0.30828695,0.30828698,1e-05,4.29061556,0.42673101
54765,0.36201568,0.36201568,1e-05,6.34681654,0.4267707
54770,0.31416645,0.3141664,1e-05,4.11486959,0.42681039
54775,0.31076946,0.31076946,1e-05,3.27014565,0.42685008
54780,0.31630478,0.31630478,1e-05,4.81250715,0.42688977
54785,0.30829954,0.30829954,1e-05,6.0615406,0.42692946
54790,0.37486472,0.37486472,1e-05,3.89681554,0.42696915
54795,0.27543669,0.27543669,1e-05,4.72611141,0.42700883
54800,0.29893641,0.29893641,1e-05,4.92996979,0.42704852
54805,0.30005789,0.30005786,1e-05,4.72036648,0.42708821
54810,0.27807827,0.27807825,1e-05,4.62770748,0.4271279
54815,0.29739904,0.29739904,1e-05,4.01616096,0.42716759
54820,0.35407705,0.35407708,1e-05,3.77633262,0.42720728
54825,0.30969379,0.30969381,1e-05,4.68514824,0.42724697
54830,0.2868165,0.28681645,1e-05,3.66178465,0.42728665
54835,0.26957488,0.26957488,1e-05,4.90440512,0.42732634
54840,0.30895019,0.30895019,1e-05,5.0524354,0.42736603
54845,0.32960355,0.32960353,1e-05,3.73927569,0.42740572
54850,0.2991293,0.29912934,1e-05,5.21325493,0.42744541
54855,0.38985872,0.37715216,1e-05,4.11733675,0.4274851
54860,0.30365543,0.30365543,1e-05,4.98338699,0.42752479
54865,0.33255448,0.33255448,1e-05,3.95123529,0.42756447
54870,0.30159209,0.30159206,1e-05,4.16882801,0.42760416
54875,0.3539712,0.3539712,1e-05,4.00197458,0.42764385
54880,0.32010765,0.32010763,1e-05,4.89867258,0.42768354
54885,0.28831239,0.28831236,1e-05,6.55162048,0.42772323
54890,0.32583089,0.32583089,1e-05,3.6284759,0.42776292
54895,0.31179698,0.31179695,1e-05,4.05197859,0.42780261
54900,0.32982912,0.32982912,1e-05,6.11785078,0.42784229
54905,0.29520321,0.29520321,1e-05,4.90517521,0.42788198
54910,0.38850942,0.38850942,1e-05,7.50484943,0.42792167
54915,0.2789361,0.2789361,1e-05,4.6485014,0.42796136
54920,0.35000348,0.35000348,1e-05,6.64347267,0.42800105
54925,0.29482157,0.2948216,1e-05,4.32547045,0.42804074
54930,0.3106729,0.3106729,1e-05,4.89585352,0.42808042
54935,0.28487341,0.28487339,1e-05,4.07748032,0.42812011
54940,0.32502263,0.32502263,1e-05,4.13119125,0.4281598
54945,0.38511648,0.38511648,1e-05,5.3693285,0.42819949
54950,0.37322803,0.37322803,1e-05,6.18285656,0.42823918
54955,0.32128298,0.32128296,1e-05,5.01782084,0.42827887
54960,0.29144778,0.29144778,1e-05,3.93444753,0.42831856
54965,0.27520506,0.27520509,1e-05,5.67021704,0.42835824
54970,0.32723241,0.32723236,1e-05,3.61807847,0.42839793
54975,0.29665399,0.29665399,1e-05,4.01497507,0.42843762
54980,0.27764297,0.27764292,1e-05,4.63687754,0.42847731
54985,0.36972487,0.36972487,1e-05,4.19249582,0.428517
54990,0.28579361,0.28579359,1e-05,4.18507767,0.42855669
54995,0.29602132,0.29602129,1e-05,2.60982227,0.42859638
55000,0.35360627,0.35360627,1e-05,5.18351316,0.42863606
55005,0.29530001,0.29530005,1e-05,3.46698809,0.42867575
55010,0.31664019,0.31664019,1e-05,4.29893112,0.42871544
55015,0.31197252,0.31197252,1e-05,4.26327181,0.42875513
55020,0.26595595,0.26595597,1e-05,3.21735597,0.42879482
55025,0.29833102,0.29833102,1e-05,3.5146451,0.42883451
55030,0.30812845,0.30812845,1e-05,3.2905879,0.4288742
55035,0.3142262,0.3142262,1e-05,7.12279367,0.42891388
55040,0.30483403,0.30483403,1e-05,4.71359825,0.42895357
55045,0.33412936,0.33412936,1e-05,8.27550411,0.42899326
55050,0.27425303,0.27425303,1e-05,5.23132992,0.42903295
55055,0.32725797,0.32725797,1e-05,4.18511057,0.42907264
55060,0.32914209,0.32914209,1e-05,3.51482558,0.42911233
55065,0.28866496,0.28866496,1e-05,4.44299126,0.42915201
55070,0.31718731,0.31718731,1e-05,2.9881258,0.4291917
55075,0.3649013,0.3649013,1e-05,10.59737968,0.42923139
55080,0.24562545,0.24562545,1e-05,3.49530387,0.42927108
55085,0.33430681,0.33430681,1e-05,4.85604,0.42931077
55090,0.35826116,0.35826116,1e-05,4.70294714,0.42935046
55095,0.31029811,0.31029811,1e-05,4.66533566,0.42939015
55100,0.30446322,0.3044632,1e-05,4.1510725,0.42942983
55105,0.30229056,0.30229056,1e-05,6.16054058,0.42946952
55110,0.32208076,0.32208076,1e-05,3.621912,0.42950921
55115,0.33499146,0.33499148,1e-05,5.88077259,0.4295489
55120,0.34405367,0.3440537,1e-05,4.40813112,0.42958859
55125,0.35696032,0.3569603,1e-05,4.68834448,0.42962828
55130,0.3218123,0.3218123,1e-05,4.13354158,0.42966797
55135,0.28982897,0.28982897,1e-05,4.0793314,0.42970765
55140,0.34917402,0.34917407,1e-05,4.06115055,0.42974734
55145,0.34431686,0.34431686,1e-05,4.42439747,0.42978703
55150,0.33553729,0.33553729,1e-05,4.1841073,0.42982672
55155,0.31277375,0.31277373,1e-05,4.30780172,0.42986641
55160,0.28949885,0.28949885,1e-05,5.27098322,0.4299061
55165,0.37551875,0.36226467,1e-05,1.72325206,0.42994579
55170,0.27313695,0.27211154,1e-05,4.23003054,0.42998547
55175,0.32826643,0.32826641,1e-05,4.50490665,0.43002516
55180,0.31419373,0.31419373,1e-05,5.15085983,0.43006485
55185,0.29237077,0.29237077,1e-05,6.01118326,0.43010454
55190,0.32804236,0.32804241,1e-05,3.5483551,0.43014423
55195,0.30250635,0.30250635,1e-05,4.57195759,0.43018392
55200,0.29828362,0.29828362,1e-05,3.90313816,0.43022361
55205,0.32434492,0.32434494,1e-05,5.63258743,0.43026329
55210,0.34928608,0.34928608,1e-05,4.22304535,0.43030298
55215,0.29084058,0.29084055,1e-05,4.16038275,0.43034267
55220,0.3259902,0.32599025,1e-05,5.61924553,0.43038236
55225,0.34891005,0.34891002,1e-05,4.52237606,0.43042205
55230,0.32625711,0.32625711,1e-05,6.16658163,0.43046174
55235,0.27340178,0.27340178,1e-05,3.80322123,0.43050142
55240,0.34386492,0.34386492,1e-05,3.81410956,0.43054111
55245,0.33078589,0.33078589,1e-05,9.95347309,0.4305808
55250,0.30441546,0.30441542,1e-05,4.00737333,0.43062049
55255,0.33887846,0.33887844,1e-05,4.21741676,0.43066018
55260,0.34902105,0.34902105,1e-05,3.3501153,0.43069987
55265,0.3446533,0.3446533,1e-05,5.00277185,0.43073956
55270,0.27268021,0.27268019,1e-05,3.92136955,0.43077924
55275,0.28827224,0.28827224,1e-05,3.87074828,0.43081893
55280,0.30492687,0.30492685,1e-05,5.16373634,0.43085862
55285,0.35061064,0.35061064,1e-05,5.43759632,0.43089831
55290,0.30573049,0.30573049,1e-05,4.84332991,0.430938
55295,0.34395401,0.34395404,1e-05,3.18338609,0.43097769
55300,0.2903182,0.29031823,1e-05,3.22361612,0.43101738
55305,0.34020214,0.34020214,1e-05,4.8258729,0.43105706
55310,0.38605506,0.38605509,1e-05,5.63164997,0.43109675
55315,0.33405948,0.33405948,1e-05,4.33351612,0.43113644
55320,0.32550883,0.32550879,1e-05,7.72902679,0.43117613
55325,0.33122416,0.33122416,1e-05,4.68701887,0.43121582
55330,0.33065529,0.33065529,1e-05,4.90987539,0.43125551
55335,0.33164749,0.33164747,1e-05,4.86928272,0.4312952
55340,0.29745183,0.29745181,1e-05,7.7702961,0.43133488
55345,0.2734508,0.2734508,1e-05,3.27913857,0.43137457
55350,0.31852231,0.31852231,1e-05,4.08731556,0.43141426
55355,0.32494307,0.32494307,1e-05,6.88808966,0.43145395
55360,0.29466906,0.29466906,1e-05,3.46452546,0.43149364
55365,0.35838022,0.35838022,1e-05,3.52582932,0.43153333
55370,0.32769783,0.32769785,1e-05,4.99903536,0.43157301
55375,0.31565604,0.31565599,1e-05,3.82692695,0.4316127
55380,0.29947696,0.29947693,1e-05,3.92389822,0.43165239
55385,0.3052701,0.3052701,1e-05,4.82457018,0.43169208
55390,0.31109161,0.31109161,1e-05,3.9177773,0.43173177
55395,0.32516761,0.32516761,1e-05,4.43445015,0.43177146
55400,0.36527381,0.36527381,1e-05,5.43186712,0.43181115
55405,0.32781708,0.32781711,1e-05,5.6088686,0.43185083
55410,0.30141006,0.30141008,1e-05,3.49593592,0.43189052
55415,0.33034153,0.33034151,1e-05,3.78207302,0.43193021
55420,0.29437358,0.29437358,1e-05,3.96490288,0.4319699
55425,0.32183139,0.32183142,1e-05,4.80959272,0.43200959
55430,0.30471957,0.30471954,1e-05,3.45573854,0.43204928
55435,0.29880664,0.29880662,1e-05,5.57829905,0.43208897
55440,0.35773742,0.3577374,1e-05,4.02856684,0.43212865
55445,0.33918972,0.33918972,1e-05,5.85965776,0.43216834
55450,0.28824883,0.28824883,1e-05,4.9467926,0.43220803
55455,0.26097727,0.26097727,1e-05,3.4725666,0.43224772
55460,0.29047847,0.29047847,1e-05,5.31340313,0.43228741
55465,0.31965156,0.31965156,1e-05,9.10934353,0.4323271
55470,0.29012454,0.29012451,1e-05,6.54684258,0.43236679
55475,0.33097448,0.33097448,1e-05,5.65960741,0.43240647
55480,0.38611131,0.36772924,1e-05,4.62637806,0.43244616
55485,0.30369868,0.30369871,1e-05,6.16012859,0.43248585
55490,0.29475932,0.2947593,1e-05,4.79543447,0.43252554
55495,0.33551455,0.33551459,1e-05,5.63050127,0.43256523
55500,0.305794,0.30579405,1e-05,4.45381975,0.43260492
55505,0.3347554,0.33475542,1e-05,2.90745473,0.43264461
55510,0.33688951,0.33688951,1e-05,7.07113647,0.43268429
55515,0.39426298,0.39426296,1e-05,5.49955225,0.43272398
55520,0.2703784,0.2703784,1e-05,4.54446125,0.43276367
55525,0.2848217,0.28482175,1e-05,6.29991484,0.43280336
55530,0.30173197,0.30173197,1e-05,4.19463778,0.43284305
55535,0.32433255,0.32433252,1e-05,3.98592305,0.43288274
55540,0.33837495,0.338375,1e-05,5.22989893,0.43292242
55545,0.26960087,0.26960087,1e-05,5.61558151,0.43296211
55550,0.24852257,0.24852257,1e-05,3.531039,0.4330018
55555,0.28998985,0.28998985,1e-05,3.97481036,0.43304149
55560,0.33261025,0.33261027,1e-05,5.53018856,0.43308118
55565,0.31889887,0.31889887,1e-05,3.80248046,0.43312087
55570,0.35919433,0.35919437,1e-05,5.69967604,0.43316056
55575,0.27772279,0.27772279,1e-05,3.76253819,0.43320024
55580,0.28422191,0.28422194,1e-05,3.3953867,0.43323993
55585,0.30649228,0.30649228,1e-05,4.15521145,0.43327962
55590,0.36106429,0.36106431,1e-05,5.28947353,0.43331931
55595,0.30768254,0.30768254,1e-05,5.51675463,0.433359
55600,0.32008867,0.32008867,1e-05,8.61116982,0.43339869
55605,0.32328568,0.32328568,1e-05,4.09455585,0.43343838
55610,0.32434382,0.32434382,1e-05,4.36384916,0.43347806
55615,0.31118262,0.31118264,1e-05,4.8252964,0.43351775
55620,0.32878566,0.32878566,1e-05,4.53819084,0.43355744
55625,0.29343541,0.29343541,1e-05,5.39653015,0.43359713
55630,0.33842783,0.33842783,1e-05,4.00476599,0.43363682
55635,0.36081157,0.36081154,1e-05,8.57322788,0.43367651
55640,0.34143109,0.34143109,1e-05,9.09516811,0.4337162
55645,0.35719075,0.3571908,1e-05,6.92841196,0.43375588
55650,0.3213213,0.3213213,1e-05,4.79590273,0.43379557
55655,0.32188628,0.32188625,1e-05,5.25643921,0.43383526
55660,0.28296032,0.28296032,1e-05,4.41580677,0.43387495
55665,0.29330215,0.29330215,1e-05,8.91410542,0.43391464
55670,0.30014277,0.30014277,1e-05,3.34213996,0.43395433
55675,0.37158089,0.37158084,1e-05,4.72450304,0.43399401
55680,0.34757826,0.34757829,1e-05,4.03864574,0.4340337
55685,0.29473009,0.29473009,1e-05,5.17970753,0.43407339
55690,0.30215707,0.30215707,1e-05,3.01485062,0.43411308
55695,0.30327685,0.30327685,1e-05,3.54774261,0.43415277
55700,0.32533255,0.32533257,1e-05,3.00804639,0.43419246
55705,0.34612083,0.34612079,1e-05,6.9421258,0.43423215
55710,0.36296849,0.36296849,1e-05,4.92449188,0.43427183
55715,0.32797647,0.32797647,1e-05,4.2320261,0.43431152
55720,0.26371398,0.26371398,1e-05,4.04931068,0.43435121
55725,0.31080329,0.31080327,1e-05,7.29905081,0.4343909
55730,0.29785132,0.29785132,1e-05,4.52798223,0.43443059
55735,0.31466146,0.31466141,1e-05,3.99539256,0.43447028
55740,0.33024418,0.33024416,1e-05,5.30963087,0.43450997
55745,0.33107405,0.33107405,1e-05,5.50312614,0.43454965
55750,0.32967167,0.32967169,1e-05,3.10176301,0.43458934
55755,0.30844712,0.3084471,1e-05,4.88963175,0.43462903
55760,0.34186029,0.34186029,1e-05,4.72420883,0.43466872
55765,0.3503572,0.35035715,1e-05,6.15517521,0.43470841
55770,0.32504454,0.32504454,1e-05,4.56598473,0.4347481
55775,0.34871387,0.34871387,1e-05,6.99423981,0.43478779
55780,0.33969393,0.33969388,1e-05,5.73687887,0.43482747
55785,0.31389878,0.3138988,1e-05,4.24954176,0.43486716
55790,0.32510562,0.32352245,1e-05,3.10226154,0.43490685
55795,0.37759724,0.36899098,1e-05,5.4741888,0.43494654
55800,0.28925385,0.28925385,1e-05,4.60031319,0.43498623
55805,0.31037853,0.31037855,1e-05,5.12770605,0.43502592
55810,0.30402246,0.30402246,1e-05,7.8175745,0.43506561
55815,0.26506951,0.26506948,1e-05,6.42462683,0.43510529
55820,0.32033601,0.32033598,1e-05,5.84915161,0.43514498
55825,0.33601954,0.33601956,1e-05,5.3380394,0.43518467
55830,0.3681211,0.36812108,1e-05,4.23656607,0.43522436
55835,0.30061994,0.30061994,1e-05,5.65541506,0.43526405
55840,0.28254519,0.28254519,1e-05,4.92173529,0.43530374
55845,0.40202875,0.4020288,1e-05,5.40673971,0.43534342
55850,0.36795321,0.36795321,1e-05,8.06787872,0.43538311
55855,0.29827211,0.29827213,1e-05,5.27279091,0.4354228
55860,0.29244213,0.29244213,1e-05,4.4550004,0.43546249
55865,0.34026291,0.34026289,1e-05,3.7727716,0.43550218
55870,0.34960053,0.34960051,1e-05,3.56359315,0.43554187
55875,0.34972417,0.34972415,1e-05,4.25984192,0.43558156
55880,0.31040411,0.31040409,1e-05,5.17512083,0.43562124
55885,0.34179838,0.34179835,1e-05,8.17792988,0.43566093
55890,0.24942429,0.24942427,1e-05,3.74033499,0.43570062
55895,0.38844256,0.38844256,1e-05,4.12159872,0.43574031
55900,0.26938505,0.26938505,1e-05,3.59167552,0.43578
55905,0.27328081,0.27328081,1e-05,3.24929738,0.43581969
55910,0.3171283,0.31712832,1e-05,6.66569948,0.43585938
55915,0.3115171,0.3115171,1e-05,4.83319998,0.43589906
55920,0.3500607,0.3500607,1e-05,4.56218481,0.43593875
55925,0.33065448,0.33065448,1e-05,4.49924326,0.43597844
55930,0.28306649,0.28306646,1e-05,6.85789633,0.43601813
55935,0.32630181,0.32630181,1e-05,4.14688253,0.43605782
55940,0.31713028,0.31713028,1e-05,4.73985147,0.43609751
55945,0.28219821,0.28219819,1e-05,4.87620163,0.4361372
55950,0.301053,0.30105298,1e-05,3.72102618,0.43617688
55955,0.30061135,0.30061135,1e-05,4.7192359,0.43621657
55960,0.32570577,0.32570577,1e-05,5.59240437,0.43625626
55965,0.29095716,0.29095716,1e-05,6.30273819,0.43629595
55970,0.36282084,0.36282086,1e-05,3.26451707,0.43633564
55975,0.30054178,0.30054178,1e-05,6.22127628,0.43637533
55980,0.2934423,0.2934423,1e-05,6.26361656,0.43641501
55985,0.29434865,0.29434862,1e-05,8.29051018,0.4364547
55990,0.336393,0.33639302,1e-05,4.1227951,0.43649439
55995,0.32274497,0.32274499,1e-05,4.4831171,0.43653408
56000,0.31869271,0.31869268,1e-05,5.12686491,0.43657377
56005,0.28729284,0.28729286,1e-05,4.72678804,0.43661346
56010,0.28334219,0.28334222,1e-05,4.24898958,0.43665315
56015,0.30111582,0.30111582,1e-05,3.83651042,0.43669283
56020,0.30874872,0.30874872,1e-05,4.25485468,0.43673252
56025,0.31348546,0.31348546,1e-05,5.40674973,0.43677221
56030,0.27512507,0.2751251,1e-05,6.16999626,0.4368119
56035,0.32048411,0.32048407,1e-05,2.88775253,0.43685159
56040,0.27913594,0.27913592,1e-05,3.94028211,0.43689128
56045,0.33775411,0.33775411,1e-05,6.13980722,0.43693097
56050,0.3123184,0.31231837,1e-05,3.67695618,0.43697065
56055,0.31179469,0.31179471,1e-05,10.6577301,0.43701034
56060,0.3234983,0.32349832,1e-05,3.78715014,0.43705003
56065,0.3763036,0.37630363,1e-05,4.95675564,0.43708972
56070,0.29861894,0.29861894,1e-05,5.67230701,0.43712941
56075,0.31344256,0.31344256,1e-05,32.32546997,0.4371691
56080,0.29893069,0.29893069,1e-05,5.95745754,0.43720879
56085,0.28006155,0.28006155,1e-05,8.02391815,0.43724847
56090,0.32526305,0.32526307,1e-05,4.45907545,0.43728816
56095,0.30220189,0.30220189,1e-05,4.82641029,0.43732785
56100,0.31580372,0.31580372,1e-05,4.20642281,0.43736754
56105,0.38688269,0.36829111,1e-05,4.58009911,0.43740723
56110,0.32792511,0.32792511,1e-05,5.09189892,0.43744692
56115,0.32368948,0.32368946,1e-05,5.40854788,0.43748661
56120,0.33756647,0.33756645,1e-05,3.99779296,0.43752629
56125,0.26375198,0.26375198,1e-05,5.1519165,0.43756598
56130,0.35252745,0.35252743,1e-05,5.22905731,0.43760567
56135,0.31078176,0.31078176,1e-05,3.79450655,0.43764536
56140,0.37627666,0.37627668,1e-05,3.91695714,0.43768505
56145,0.29669333,0.29669333,1e-05,5.00333357,0.43772474
56150,0.28626928,0.28626928,1e-05,4.72799778,0.43776442
56155,0.27503345,0.27503345,1e-05,4.23301744,0.43780411
56160,0.31367826,0.31367826,1e-05,3.41918159,0.4378438
56165,0.30879471,0.30879474,1e-05,3.85673714,0.43788349
56170,0.28096585,0.28096588,1e-05,3.83481145,0.43792318
56175,0.33833613,0.33833613,1e-05,3.47470069,0.43796287
56180,0.36959908,0.36959908,1e-05,4.11046743,0.43800256
56185,0.30321193,0.30321195,1e-05,3.29348373,0.43804224
56190,0.34620705,0.34620702,1e-05,4.16835737,0.43808193
56195,0.34467571,0.34467573,1e-05,4.31266499,0.43812162
56200,0.30104079,0.30104084,1e-05,5.26755953,0.43816131
56205,0.28679876,0.28679879,1e-05,3.76540256,0.438201
56210,0.32475817,0.32475815,1e-05,3.77253532,0.43824069
56215,0.35107799,0.35107799,1e-05,8.57616806,0.43828038
56220,0.30182059,0.30182061,1e-05,4.78709984,0.43832006
56225,0.35374107,0.35374105,1e-05,4.17194271,0.43835975
56230,0.30969615,0.30969615,1e-05,4.48407078,0.43839944
56235,0.36015501,0.36015503,1e-05,5.16344547,0.43843913
56240,0.37820492,0.37820487,1e-05,4.37703943,0.43847882
56245,0.31982474,0.31982474,1e-05,4.61298513,0.43851851
56250,0.24038067,0.24038062,1e-05,4.51783133,0.4385582
56255,0.33980587,0.33980584,1e-05,10.06967354,0.43859788
56260,0.33531184,0.33531179,1e-05,5.35101891,0.43863757
56265,0.30209682,0.30209682,1e-05,4.61126947,0.43867726
56270,0.32292709,0.32292709,1e-05,3.74411964,0.43871695
56275,0.31686082,0.31686082,1e-05,4.00674725,0.43875664
56280,0.29213848,0.29213848,1e-05,4.50897169,0.43879633
56285,0.30252209,0.30252209,1e-05,6.17878199,0.43883601
56290,0.30041375,0.30041375,1e-05,4.84564543,0.4388757
56295,0.31311698,0.31311696,1e-05,5.10638475,0.43891539
56300,0.2567735,0.25677347,1e-05,2.67195988,0.43895508
56305,0.32703066,0.32703068,1e-05,4.84109545,0.43899477
56310,0.30161011,0.30161011,1e-05,3.70307827,0.43903446
56315,0.27767434,0.27767434,1e-05,3.32226586,0.43907415
56320,0.31077862,0.31077862,1e-05,4.86676598,0.43911383
56325,0.3401309,0.34013088,1e-05,4.75020361,0.43915352
56330,0.33036382,0.33036382,1e-05,4.79260778,0.43919321
56335,0.29187779,0.29187779,1e-05,3.78987885,0.4392329
56340,0.34081335,0.34081335,1e-05,3.83324766,0.43927259
56345,0.35985394,0.35985394,1e-05,4.36804962,0.43931228
56350,0.34828041,0.34828043,1e-05,4.83521986,0.43935197
56355,0.36556833,0.36556833,1e-05,10.04984379,0.43939165
56360,0.30657587,0.30657587,1e-05,6.90355968,0.43943134
56365,0.26286733,0.26286736,1e-05,6.93318462,0.43947103
56370,0.29033432,0.2903343,1e-05,3.35352302,0.43951072
56375,0.28126025,0.2812603,1e-05,4.10586929,0.43955041
56380,0.26831846,0.26831846,1e-05,3.59435058,0.4395901
56385,0.28238609,0.28238611,1e-05,4.32119274,0.43962979
56390,0.2739006,0.27390065,1e-05,4.42564058,0.43966947
56395,0.27202253,0.27202251,1e-05,3.23335671,0.43970916
56400,0.34864702,0.34864702,1e-05,5.44853878,0.43974885
56405,0.33711238,0.33711238,1e-05,7.23364258,0.43978854
56410,0.33900862,0.33900862,1e-05,4.06814051,0.43982823
56415,0.35337002,0.35337,1e-05,3.63667297,0.43986792
56420,0.43395805,0.40355405,1e-05,5.65756083,0.43990761
56425,0.32460186,0.32460184,1e-05,4.69350624,0.43994729
56430,0.32613795,0.32613795,1e-05,4.75501204,0.43998698
56435,0.25596981,0.25596979,1e-05,3.3962028,0.44002667
56440,0.31830282,0.31830285,1e-05,3.76722622,0.44006636
56445,0.27262263,0.27262263,1e-05,3.77796459,0.44010605
56450,0.36091042,0.36091044,1e-05,3.3704803,0.44014574
56455,0.32535019,0.32535021,1e-05,3.17080379,0.44018542
56460,0.28271508,0.28271508,1e-05,5.19131708,0.44022511
56465,0.3285655,0.3285655,1e-05,5.77808046,0.4402648
56470,0.33458159,0.33458161,1e-05,4.372684,0.44030449
56475,0.35025001,0.35025003,1e-05,10.65727711,0.44034418
56480,0.36774802,0.36774802,1e-05,6.1596117,0.44038387
56485,0.38054161,0.38054161,1e-05,4.81431532,0.44042356
56490,0.27929893,0.27929893,1e-05,3.10073972,0.44046324
56495,0.28059664,0.28059659,1e-05,5.6169095,0.44050293
56500,0.32233527,0.32233524,1e-05,4.25611162,0.44054262
56505,0.24986308,0.24986305,1e-05,4.28459644,0.44058231
56510,0.36174614,0.36174612,1e-05,5.04965639,0.440622
56515,0.31775963,0.31775963,1e-05,3.81001711,0.44066169
56520,0.31488113,0.31488113,1e-05,4.5880146,0.44070138
56525,0.32486782,0.32486782,1e-05,7.12248087,0.44074106
56530,0.28861916,0.28861916,1e-05,3.69813347,0.44078075
56535,0.3182529,0.3182529,1e-05,5.40501642,0.44082044
56540,0.42517605,0.425176,1e-05,4.97642517,0.44086013
56545,0.26864409,0.26864409,1e-05,4.27838564,0.44089982
56550,0.28501277,0.28501277,1e-05,3.45001173,0.44093951
56555,0.31712282,0.31712279,1e-05,4.20646048,0.4409792
56560,0.2912729,0.29127293,1e-05,6.24359798,0.44101888
56565,0.29462984,0.29462981,1e-05,8.04259205,0.44105857
56570,0.3548507,0.3548507,1e-05,5.6889596,0.44109826
56575,0.30758481,0.30758481,1e-05,4.66008806,0.44113795
56580,0.29282873,0.29282873,1e-05,5.04048157,0.44117764
56585,0.32065859,0.32065859,1e-05,3.70919657,0.44121733
56590,0.34246368,0.34246371,1e-05,3.27268839,0.44125701
56595,0.32001834,0.32001834,1e-05,4.45377064,0.4412967
56600,0.30100646,0.30100648,1e-05,4.3010602,0.44133639
56605,0.31300511,0.31300511,1e-05,5.51574707,0.44137608
56610,0.29502335,0.29502335,1e-05,6.12472248,0.44141577
56615,0.2933548,0.29335477,1e-05,5.58017111,0.44145546
56620,0.32989638,0.3298964,1e-05,5.25244093,0.44149515
56625,0.31582427,0.31582432,1e-05,3.56245804,0.44153483
56630,0.29990797,0.29990797,1e-05,6.1213274,0.44157452
56635,0.28613119,0.28613124,1e-05,2.83013964,0.44161421
56640,0.34226558,0.34226561,1e-05,6.50814056,0.4416539
56645,0.32753501,0.32753501,1e-05,4.43950081,0.44169359
56650,0.27736681,0.27736678,1e-05,4.49682808,0.44173328
56655,0.3145149,0.31451488,1e-05,8.48911667,0.44177297
56660,0.33759787,0.33759785,1e-05,4.75688934,0.44181265
56665,0.36300282,0.3630028,1e-05,5.73434687,0.44185234
56670,0.36492438,0.36492441,1e-05,9.55233765,0.44189203
56675,0.31004953,0.31004958,1e-05,5.13329887,0.44193172
56680,0.33670156,0.33670156,1e-05,5.44118452,0.44197141
56685,0.29053707,0.29053707,1e-05,3.59585404,0.4420111
56690,0.34434357,0.34434357,1e-05,4.03572798,0.44205079
56695,0.34088545,0.34088545,1e-05,4.86433601,0.44209047
56700,0.37854538,0.37854538,1e-05,5.25078154,0.44213016
56705,0.29964631,0.29964633,1e-05,5.9431982,0.44216985
56710,0.28976316,0.28976316,1e-05,4.02590418,0.44220954
56715,0.37500532,0.37500529,1e-05,4.92035484,0.44224923
56720,0.26577101,0.26577101,1e-05,5.62803888,0.44228892
56725,0.30967889,0.30967884,1e-05,4.32811022,0.44232861
56730,0.37165492,0.36244373,1e-05,1.93365967,0.44236829
56735,0.34158208,0.3335953,1e-05,3.32182789,0.44240798
56740,0.29444494,0.29444499,1e-05,4.04290915,0.44244767
56745,0.28188958,0.28188961,1e-05,3.51805186,0.44248736
56750,0.31102176,0.31102176,1e-05,3.43586326,0.44252705
56755,0.30965242,0.30965238,1e-05,3.83510709,0.44256674
56760,0.31663241,0.31663241,1e-05,5.36130095,0.44260642
56765,0.30383668,0.30383673,1e-05,5.14797688,0.44264611
56770,0.32887096,0.32887096,1e-05,5.42289877,0.4426858
56775,0.31605816,0.31605816,1e-05,6.83106899,0.44272549
56780,0.32277465,0.32277462,1e-05,5.4291563,0.44276518
56785,0.2649039,0.26490388,1e-05,4.61745214,0.44280487
56790,0.37144508,0.37144508,1e-05,5.3792758,0.44284456
56795,0.32878854,0.32878852,1e-05,6.86016655,0.44288424
56800,0.31174302,0.31174302,1e-05,3.86501122,0.44292393
56805,0.3133898,0.31338983,1e-05,3.75609374,0.44296362
56810,0.37270594,0.37270594,1e-05,7.07979679,0.44300331
56815,0.32881317,0.32881317,1e-05,4.75797224,0.443043
56820,0.34259624,0.34259624,1e-05,6.94102764,0.44308269
56825,0.33384709,0.33384709,1e-05,4.68060827,0.44312238
56830,0.31189964,0.31189961,1e-05,4.6705308,0.44316206
56835,0.29549575,0.29549572,1e-05,7.19721031,0.44320175
56840,0.36866646,0.36866646,1e-05,5.95347214,0.44324144
56845,0.3117734,0.3117734,1e-05,41.42752838,0.44328113
56850,0.29919827,0.29919827,1e-05,3.94846678,0.44332082
56855,0.27854581,0.27854581,1e-05,6.92622519,0.44336051
56860,0.30339656,0.30339656,1e-05,5.28699398,0.4434002
56865,0.37134342,0.37134337,1e-05,5.05571938,0.44343988
56870,0.27751513,0.27751515,1e-05,4.32763863,0.44347957
56875,0.34125991,0.34125991,1e-05,6.15655851,0.44351926
56880,0.33862562,0.33862562,1e-05,4.12415028,0.44355895
56885,0.3130722,0.3130722,1e-05,5.02161264,0.44359864
56890,0.32571344,0.3257134,1e-05,4.64662313,0.44363833
56895,0.34381826,0.34381824,1e-05,6.42149019,0.44367801
56900,0.3259069,0.3259069,1e-05,4.60138607,0.4437177
56905,0.31625667,0.31625664,1e-05,5.71930361,0.44375739
56910,0.41327429,0.41327434,1e-05,4.87247419,0.44379708
56915,0.3745235,0.3745235,1e-05,4.26047468,0.44383677
56920,0.31645026,0.31645026,1e-05,5.52946663,0.44387646
56925,0.34158988,0.3415899,1e-05,3.87279391,0.44391615
56930,0.28829942,0.28829942,1e-05,5.07538366,0.44395583
56935,0.38064992,0.3806499,1e-05,5.62606144,0.44399552
56940,0.39083886,0.39083886,1e-05,6.23458195,0.44403521
56945,0.33868983,0.3386898,1e-05,5.14404345,0.4440749
56950,0.33625011,0.33625014,1e-05,4.11835384,0.44411459
56955,0.33550308,0.33550313,1e-05,5.08270311,0.44415428
56960,0.31905146,0.31905146,1e-05,4.74529696,0.44419397
56965,0.31113596,0.31113601,1e-05,4.80340195,0.44423365
56970,0.30254321,0.30254316,1e-05,8.70071697,0.44427334
56975,0.29832401,0.29832399,1e-05,3.1714313,0.44431303
56980,0.29041157,0.29041159,1e-05,3.96209598,0.44435272
56985,0.39606297,0.39606292,1e-05,6.06400251,0.44439241
56990,0.31191211,0.31191211,1e-05,3.77386332,0.4444321
56995,0.30695703,0.30695705,1e-05,3.26177239,0.44447179
57000,0.3551177,0.3551177,1e-05,3.76497173,0.44451147
57005,0.35770679,0.35770679,1e-05,5.72648716,0.44455116
57010,0.29139898,0.29139895,1e-05,8.57764339,0.44459085
57015,0.37191269,0.37191272,1e-05,6.24915266,0.44463054
57020,0.30156951,0.30156946,1e-05,2.77973771,0.44467023
57025,0.30703182,0.3070318,1e-05,6.80810595,0.44470992
57030,0.32345283,0.32345283,1e-05,3.86123157,0.44474961
57035,0.29668617,0.29668617,1e-05,4.51348162,0.44478929
57040,0.29857478,0.29857478,1e-05,5.88344145,0.44482898
57045,0.40899611,0.39358722,1e-05,7.71519947,0.44486867
57050,0.33846729,0.33846726,1e-05,3.87682939,0.44490836
57055,0.32076337,0.32076337,1e-05,6.7262044,0.44494805
57060,0.31814208,0.31814208,1e-05,8.80294704,0.44498774
57065,0.29315886,0.29315886,1e-05,4.92956972,0.44502742
57070,0.37006433,0.37006431,1e-05,4.82774353,0.44506711
57075,0.29996002,0.29996004,1e-05,5.39703798,0.4451068
57080,0.27224679,0.27224679,1e-05,3.83775067,0.44514649
57085,0.34657638,0.34657638,1e-05,4.26298189,0.44518618
57090,0.31337748,0.31337745,1e-05,3.44056487,0.44522587
57095,0.3615047,0.3615047,1e-05,5.68325758,0.44526556
57100,0.35686822,0.35686822,1e-05,5.3319869,0.44530524
57105,0.34571681,0.34571681,1e-05,7.33799362,0.44534493
57110,0.33866742,0.33866742,1e-05,3.7640326,0.44538462
57115,0.36091058,0.36091056,1e-05,8.29679775,0.44542431
57120,0.3843648,0.38436475,1e-05,7.59766865,0.445464
57125,0.2501564,0.25015643,1e-05,4.2828989,0.44550369
57130,0.34782372,0.34782376,1e-05,5.05448055,0.44554338
57135,0.3102664,0.3102664,1e-05,5.20562649,0.44558306
57140,0.27891779,0.27891779,1e-05,4.60195923,0.44562275
57145,0.37998137,0.37998137,1e-05,5.79760122,0.44566244
57150,0.32697711,0.32697711,1e-05,3.51891851,0.44570213
57155,0.33584287,0.33584287,1e-05,3.85118484,0.44574182
57160,0.28160851,0.28160849,1e-05,4.67807198,0.44578151
57165,0.38437462,0.38437462,1e-05,7.03776789,0.4458212
57170,0.33171253,0.33171253,1e-05,4.91932583,0.44586088
57175,0.29938579,0.29938579,1e-05,3.79175997,0.44590057
57180,0.33602355,0.33602355,1e-05,5.01011467,0.44594026
57185,0.30433655,0.30433655,1e-05,4.75414658,0.44597995
57190,0.30136986,0.30136986,1e-05,2.55182505,0.44601964
57195,0.26767645,0.26767645,1e-05,8.94592476,0.44605933
57200,0.33505056,0.33505058,1e-05,8.21267033,0.44609901
57205,0.32396808,0.32396808,1e-05,3.53780389,0.4461387
57210,0.27212431,0.27212431,1e-05,7.15638971,0.44617839
57215,0.35737433,0.35737438,1e-05,4.44472313,0.44621808
57220,0.29126375,0.29126375,1e-05,3.90318203,0.44625777
57225,0.25431542,0.25431545,1e-05,4.77952766,0.44629746
57230,0.31703844,0.31703842,1e-05,4.57636976,0.44633715
57235,0.35874021,0.35874023,1e-05,4.72521591,0.44637683
57240,0.31729779,0.31729779,1e-05,3.6978898,0.44641652
57245,0.31264222,0.31264222,1e-05,5.17066002,0.44645621
57250,0.34418802,0.34418797,1e-05,4.34901333,0.4464959
57255,0.30612702,0.30612702,1e-05,4.74468517,0.44653559
57260,0.33883791,0.33883791,1e-05,3.56218219,0.44657528
57265,0.33888054,0.33888054,1e-05,3.53948283,0.44661497
57270,0.32256124,0.32256122,1e-05,4.44299459,0.44665465
57275,0.30662704,0.30662704,1e-05,30.66709518,0.44669434
57280,0.28659949,0.28659949,1e-05,4.29275179,0.44673403
57285,0.3488977,0.34889767,1e-05,5.36751413,0.44677372
57290,0.35187676,0.35187676,1e-05,4.88275719,0.44681341
57295,0.26838913,0.26838913,1e-05,2.88956141,0.4468531
57300,0.31208248,0.31208248,1e-05,5.52217913,0.44689279
57305,0.31944892,0.3194489,1e-05,4.18140173,0.44693247
57310,0.32646923,0.32646918,1e-05,5.5197649,0.44697216
57315,0.34705012,0.34705014,1e-05,5.63008928,0.44701185
57320,0.31881156,0.31881156,1e-05,4.52516556,0.44705154
57325,0.27672448,0.27672448,1e-05,3.4271791,0.44709123
57330,0.30094969,0.30094967,1e-05,3.50158715,0.44713092
57335,0.32792487,0.32792487,1e-05,4.06145763,0.44717061
57340,0.30498374,0.30498376,1e-05,5.43780136,0.44721029
57345,0.29071069,0.29071071,1e-05,3.19161391,0.44724998
57350,0.28053846,0.28053846,1e-05,4.33260155,0.44728967
57355,0.30954883,0.30954885,1e-05,4.01997709,0.44732936
57360,0.34447117,0.34175376,1e-05,6.67263603,0.44736905
57365,0.3487083,0.3487083,1e-05,7.58580637,0.44740874
57370,0.26566823,0.26566823,1e-05,3.85193729,0.44744842
57375,0.30380158,0.30380158,1e-05,4.60668564,0.44748811
57380,0.32568057,0.32568054,1e-05,4.0266037,0.4475278
57385,0.41484036,0.41484036,1e-05,4.66895247,0.44756749
57390,0.29318473,0.29318476,1e-05,3.79728508,0.44760718
57395,0.34754879,0.34754879,1e-05,4.96653509,0.44764687
57400,0.34069369,0.34069371,1e-05,3.26073432,0.44768656
57405,0.30281496,0.30281501,1e-05,5.56451893,0.44772624
57410,0.29585218,0.29585216,1e-05,4.82011843,0.44776593
57415,0.36856902,0.36856899,1e-05,4.35021877,0.44780562
57420,0.32441349,0.32441351,1e-05,4.19459534,0.44784531
57425,0.35669675,0.35669672,1e-05,3.14785862,0.447885
57430,0.32951765,0.32951765,1e-05,3.69669008,0.44792469
57435,0.32983384,0.32983384,1e-05,6.06888866,0.44796438
57440,0.32326641,0.32326639,1e-05,3.61170268,0.44800406
57445,0.30092714,0.30092716,1e-05,5.12051725,0.44804375
57450,0.32708545,0.32708545,1e-05,3.45452023,0.44808344
57455,0.35219772,0.35219774,1e-05,3.59303832,0.44812313
57460,0.2797446,0.2797446,1e-05,3.72960424,0.44816282
57465,0.29955561,0.29955561,1e-05,3.74868751,0.44820251
57470,0.35554879,0.35554881,1e-05,4.18761778,0.4482422
57475,0.29528875,0.2952888,1e-05,4.7750783,0.44828188
57480,0.3096945,0.30969453,1e-05,5.9942832,0.44832157
57485,0.35172918,0.35172918,1e-05,4.84723425,0.44836126
57490,0.31787443,0.31787441,1e-05,4.53483391,0.44840095
57495,0.35748286,0.35748289,1e-05,5.80539799,0.44844064
57500,0.28957374,0.28957372,1e-05,4.4526968,0.44848033
57505,0.3551929,0.3551929,1e-05,6.02315378,0.44852001
57510,0.34089935,0.34089937,1e-05,6.72697544,0.4485597
57515,0.28541164,0.28541164,1e-05,4.7883811,0.44859939
57520,0.28144135,0.28144133,1e-05,2.96068525,0.44863908
57525,0.29119432,0.29119434,1e-05,6.4780345,0.44867877
57530,0.35825391,0.35825388,1e-05,7.10381508,0.44871846
57535,0.39572523,0.3957252,1e-05,5.23499441,0.44875815
57540,0.36260138,0.36260133,1e-05,5.79182339,0.44879783
57545,0.30531881,0.30531881,1e-05,4.40908575,0.44883752
57550,0.34595146,0.34595144,1e-05,4.21286488,0.44887721
57555,0.28786983,0.28786983,1e-05,3.4850409,0.4489169
57560,0.34875116,0.34875112,1e-05,5.60890341,0.44895659
57565,0.33329256,0.33329258,1e-05,5.38593102,0.44899628
57570,0.26755254,0.26755254,1e-05,5.33308029,0.44903597
57575,0.27944255,0.27944255,1e-05,4.82229996,0.44907565
57580,0.36171088,0.36171093,1e-05,5.80351162,0.44911534
57585,0.35680664,0.35680661,1e-05,4.24028206,0.44915503
57590,0.31418691,0.31418691,1e-05,5.15094662,0.44919472
57595,0.34608679,0.34608679,1e-05,4.83404589,0.44923441
57600,0.34551582,0.34551585,1e-05,3.77553749,0.4492741
57605,0.33619041,0.33619041,1e-05,5.59733534,0.44931379
57610,0.26985164,0.26985168,1e-05,4.33606625,0.44935347
57615,0.26416306,0.26416306,1e-05,3.52139521,0.44939316
57620,0.31013062,0.31013062,1e-05,3.93235064,0.44943285
57625,0.35290327,0.35290322,1e-05,9.8194685,0.44947254
57630,0.36291187,0.36291189,1e-05,3.75757861,0.44951223
57635,0.26284359,0.26284359,1e-05,4.22167492,0.44955192
57640,0.33127232,0.33127232,1e-05,3.60699034,0.44959161
57645,0.27950797,0.27950797,1e-05,3.96971536,0.44963129
57650,0.35784943,0.35784943,1e-05,5.80163527,0.44967098
57655,0.29444218,0.29444215,1e-05,4.64664936,0.44971067
57660,0.32340775,0.32340775,1e-05,4.35174227,0.44975036
57665,0.35363774,0.35363774,1e-05,4.9851079,0.44979005
57670,0.39417658,0.37669277,1e-05,3.8376739,0.44982974
57675,0.32926826,0.32926829,1e-05,8.08509731,0.44986942
57680,0.29837379,0.29837384,1e-05,4.60201263,0.44990911
57685,0.3799808,0.3799808,1e-05,2.82351255,0.4499488
57690,0.35492022,0.35492022,1e-05,6.4396944,0.44998849
57695,0.3272954,0.32729542,1e-05,5.35330153,0.45002818
57700,0.2997391,0.29973907,1e-05,2.82843995,0.45006787
57705,0.33619287,0.33619287,1e-05,4.80461502,0.45010756
57710,0.30573821,0.30573821,1e-05,3.75548077,0.45014724
57715,0.27632854,0.27632854,1e-05,3.17693448,0.45018693
57720,0.33789449,0.33789449,1e-05,5.41696405,0.45022662
57725,0.28491778,0.28491778,1e-05,4.08265448,0.45026631
57730,0.32589974,0.32589974,1e-05,3.50711179,0.450306
57735,0.31763248,0.31763246,1e-05,5.69026089,0.45034569
57740,0.29886756,0.29886758,1e-05,4.29884434,0.45038538
57745,0.32414894,0.32414896,1e-05,5.77449369,0.45042506
57750,0.31115696,0.31115699,1e-05,4.32042265,0.45046475
57755,0.29595587,0.29595587,1e-05,4.26851273,0.45050444
57760,0.33090158,0.33090153,1e-05,3.62315726,0.45054413
57765,0.3579457,0.35794575,1e-05,6.65521049,0.45058382
57770,0.29318109,0.29318109,1e-05,4.99277067,0.45062351
57775,0.33621635,0.33621633,1e-05,4.37663984,0.4506632
57780,0.36671848,0.36671848,1e-05,7.68305111,0.45070288
57785,0.30283151,0.30283151,1e-05,5.73666716,0.45074257
57790,0.33040736,0.33040738,1e-05,5.035501,0.45078226
57795,0.3499876,0.3499876,1e-05,4.78379011,0.45082195
57800,0.30958571,0.30958574,1e-05,4.80823278,0.45086164
57805,0.29905813,0.2990581,1e-05,3.93620944,0.45090133
57810,0.35397367,0.35397367,1e-05,5.71932316,0.45094101
57815,0.32984352,0.32984352,1e-05,5.65919209,0.4509807
57820,0.31602261,0.31602259,1e-05,4.69693661,0.45102039
57825,0.35468078,0.35468078,1e-05,6.1907258,0.45106008
57830,0.30454488,0.30454488,1e-05,5.32227707,0.45109977
57835,0.37863283,0.37863281,1e-05,6.03772449,0.45113946
57840,0.31251316,0.31251316,1e-05,4.10550642,0.45117915
57845,0.32162702,0.321627,1e-05,5.05383968,0.45121883
57850,0.36597059,0.36597061,1e-05,6.23772812,0.45125852
57855,0.31765509,0.31765513,1e-05,8.99449062,0.45129821
57860,0.34669826,0.34669826,1e-05,7.14846706,0.4513379
57865,0.39701309,0.39701309,1e-05,19.40885162,0.45137759
57870,0.35016179,0.35016179,1e-05,3.38676429,0.45141728
57875,0.29589128,0.29589128,1e-05,4.27684689,0.45145697
57880,0.43317041,0.43317041,1e-05,5.64488649,0.45149665
57885,0.27720041,0.27720041,1e-05,3.88492894,0.45153634
57890,0.29491177,0.29491174,1e-05,4.93663216,0.45157603
57895,0.29480934,0.29480934,1e-05,4.95077181,0.45161572
57900,0.28936391,0.28936386,1e-05,4.98035908,0.45165541
57905,0.32670736,0.32670736,1e-05,4.73887539,0.4516951
57910,0.4149147,0.4149147,1e-05,6.55837774,0.45173479
57915,0.33365104,0.33365107,1e-05,5.63681841,0.45177447
57920,0.3403322,0.3403322,1e-05,4.73313522,0.45181416
57925,0.28314264,0.28314266,1e-05,3.49957991,0.45185385
57930,0.2959794,0.2959794,1e-05,4.04480362,0.45189354
57935,0.33744402,0.33744402,1e-05,4.14915705,0.45193323
57940,0.26248517,0.26248512,1e-05,3.66970277,0.45197292
57945,0.33964353,0.33964353,1e-05,5.15484047,0.45201261
57950,0.35415802,0.354158,1e-05,5.12670565,0.45205229
57955,0.34244475,0.34244475,1e-05,7.06264925,0.45209198
57960,0.25406547,0.25406547,1e-05,5.13512659,0.45213167
57965,0.36832013,0.36832013,1e-05,4.50414276,0.45217136
57970,0.35635695,0.35635691,1e-05,4.33069086,0.45221105
57975,0.31501126,0.31501126,1e-05,5.29723024,0.45225074
57980,0.32928162,0.32928162,1e-05,5.41074467,0.45229042
57985,0.39325781,0.38322697,1e-05,5.47475958,0.45233011
57990,0.31331701,0.31331697,1e-05,3.78732562,0.4523698
57995,0.36011629,0.36011629,1e-05,4.66728449,0.45240949
58000,0.3305635,0.3305635,1e-05,5.05205536,0.45244918
58005,0.32165895,0.32165897,1e-05,5.98841667,0.45248887
58010,0.32205749,0.32205749,1e-05,6.11813211,0.45252856
58015,0.33654571,0.33654571,1e-05,3.40604115,0.45256824
58020,0.3519706,0.3519706,1e-05,5.82653189,0.45260793
58025,0.32632618,0.32632613,1e-05,12.73451519,0.45264762
58030,0.29840689,0.29840689,1e-05,8.01510239,0.45268731
58035,0.33848405,0.33848405,1e-05,8.30560112,0.452727
58040,0.33032556,0.33032556,1e-05,5.24321222,0.45276669
58045,0.33736172,0.33736172,1e-05,3.59487319,0.45280638
58050,0.31862769,0.31862769,1e-05,3.77450156,0.45284606
58055,0.32884476,0.32884476,1e-05,5.82122278,0.45288575
58060,0.3113848,0.31138477,1e-05,3.79370213,0.45292544
58065,0.30015335,0.30015335,1e-05,4.34190226,0.45296513
58070,0.28701851,0.28701854,1e-05,5.06611681,0.45300482
58075,0.32916818,0.32916818,1e-05,6.37554312,0.45304451
58080,0.37789488,0.37789488,1e-05,5.31656408,0.4530842
58085,0.36265104,0.36265101,1e-05,3.87416053,0.45312388
58090,0.29532228,0.29532228,1e-05,5.40791702,0.45316357
58095,0.31656947,0.31656947,1e-05,3.71452022,0.45320326
58100,0.32997689,0.32997689,1e-05,8.29708481,0.45324295
58105,0.33700709,0.33700709,1e-05,4.98112011,0.45328264
58110,0.30134804,0.30134807,1e-05,2.40356779,0.45332233
58115,0.35128322,0.35128322,1e-05,4.88898754,0.45336201
58120,0.36746068,0.3674607,1e-05,4.02568054,0.4534017
58125,0.32432051,0.32432051,1e-05,6.5551281,0.45344139
58130,0.26915278,0.26915283,1e-05,4.26930189,0.45348108
58135,0.26490693,0.26490693,1e-05,3.62222123,0.45352077
58140,0.3145987,0.3145987,1e-05,5.04877138,0.45356046
58145,0.29364345,0.29364347,1e-05,2.77547526,0.45360015
58150,0.31873922,0.31873925,1e-05,4.07635975,0.45363983
58155,0.30258112,0.3025811,1e-05,4.68234825,0.45367952
58160,0.27962985,0.27962985,1e-05,4.41295147,0.45371921
58165,0.33911829,0.33911824,1e-05,4.38596392,0.4537589
58170,0.32266972,0.32266974,1e-05,3.82255173,0.45379859
58175,0.31288311,0.31288311,1e-05,4.4298563,0.45383828
58180,0.34841175,0.34841175,1e-05,4.04994678,0.45387797
58185,0.30605989,0.30605989,1e-05,4.78970528,0.45391765
58190,0.34873304,0.348733,1e-05,4.49402666,0.45395734
58195,0.3719933,0.37199328,1e-05,9.07979584,0.45399703
58200,0.27895741,0.27895737,1e-05,9.03403091,0.45403672
58205,0.39167132,0.39167132,1e-05,5.08594275,0.45407641
58210,0.3857368,0.3857368,1e-05,3.81784916,0.4541161
58215,0.4221611,0.42216105,1e-05,4.07584572,0.45415579
58220,0.30647776,0.30647779,1e-05,5.95056152,0.45419547
58225,0.35939691,0.35939689,1e-05,4.47660685,0.45423516
58230,0.35700195,0.35700197,1e-05,4.78277826,0.45427485
58235,0.39048376,0.39048376,1e-05,4.27334547,0.45431454
58240,0.31448526,0.31448524,1e-05,5.27533197,0.45435423
58245,0.26761312,0.26761312,1e-05,3.74256349,0.45439392
58250,0.3039165,0.30391653,1e-05,5.3889246,0.45443361
58255,0.33746572,0.33746567,1e-05,7.27749586,0.45447329
58260,0.29918323,0.29918323,1e-05,3.7646265,0.45451298
58265,0.29921608,0.2992161,1e-05,5.16624594,0.45455267
58270,0.31266713,0.31266713,1e-05,6.17195463,0.45459236
58275,0.32553568,0.32553568,1e-05,2.51875782,0.45463205
58280,0.26346068,0.26346066,1e-05,4.74440432,0.45467174
58285,0.36933451,0.36933448,1e-05,5.86865139,0.45471142
58290,0.33572688,0.33572688,1e-05,7.89617252,0.45475111
58295,0.34624527,0.34360973,1e-05,3.68636966,0.4547908
58300,0.37129436,0.3135332,1e-05,3.04127026,0.45483049
58305,0.2948117,0.29481168,1e-05,3.35873032,0.45487018
58310,0.33475385,0.33475385,1e-05,3.69078851,0.45490987
58315,0.26489165,0.26489162,1e-05,4.93797159,0.45494956
58320,0.31017861,0.31017861,1e-05,4.15204048,0.45498924
58325,0.30190077,0.30190077,1e-05,4.3779645,0.45502893
58330,0.3238816,0.3238816,1e-05,6.01199627,0.45506862
58335,0.32664804,0.32664804,1e-05,4.8951869,0.45510831
58340,0.32749205,0.32749207,1e-05,4.62494516,0.455148
58345,0.27433519,0.27433519,1e-05,5.61676264,0.45518769
58350,0.28534212,0.28534212,1e-05,3.15064907,0.45522738
58355,0.29469662,0.29469662,1e-05,4.92015886,0.45526706
58360,0.30737305,0.307373,1e-05,4.7014699,0.45530675
58365,0.31977882,0.31977882,1e-05,4.71942472,0.45534644
58370,0.32646556,0.32646556,1e-05,3.878093,0.45538613
58375,0.3025883,0.30258827,1e-05,4.59898901,0.45542582
58380,0.27692924,0.27692928,1e-05,3.45785117,0.45546551
58385,0.35589232,0.35589232,1e-05,6.87853622,0.4555052
58390,0.28790483,0.28790483,1e-05,5.12784386,0.45554488
58395,0.316014,0.316014,1e-05,5.65266943,0.45558457
58400,0.27437263,0.2743726,1e-05,3.30501986,0.45562426
58405,0.34809802,0.34809804,1e-05,4.66859627,0.45566395
58410,0.37447186,0.37447186,1e-05,6.72983646,0.45570364
58415,0.34677825,0.34677825,1e-05,6.279459,0.45574333
58420,0.30621285,0.30621285,1e-05,6.07449245,0.45578301
58425,0.32389357,0.32389355,1e-05,3.17247677,0.4558227
58430,0.32334521,0.32334518,1e-05,6.24503946,0.45586239
58435,0.31145828,0.31145825,1e-05,4.47877169,0.45590208
58440,0.30496578,0.30496583,1e-05,3.73198462,0.45594177
58445,0.33397508,0.33397508,1e-05,5.36755514,0.45598146
58450,0.27269864,0.27269864,1e-05,4.42399931,0.45602115
58455,0.33393259,0.33393259,1e-05,5.82627916,0.45606083
58460,0.36086526,0.36086521,1e-05,6.37259579,0.45610052
58465,0.28623943,0.28623943,1e-05,3.41011286,0.45614021
58470,0.28400888,0.28400888,1e-05,3.57454562,0.4561799
58475,0.33072362,0.33072364,1e-05,4.76943684,0.45621959
58480,0.3421581,0.3421581,1e-05,6.44375801,0.45625928
58485,0.35686259,0.35686259,1e-05,3.69908929,0.45629897
58490,0.24690151,0.24690151,1e-05,4.01058626,0.45633865
58495,0.35116541,0.35116544,1e-05,4.440516,0.45637834
58500,0.29707458,0.29707458,1e-05,2.78459096,0.45641803
58505,0.3177145,0.3177145,1e-05,5.42300272,0.45645772
58510,0.3115015,0.3115015,1e-05,3.52211499,0.45649741
58515,0.30150099,0.30150099,1e-05,4.09097815,0.4565371
58520,0.33348508,0.33348508,1e-05,3.91380668,0.45657679
58525,0.34591868,0.3459187,1e-05,5.3358798,0.45661647
58530,0.30557368,0.30557365,1e-05,3.83730602,0.45665616
58535,0.32140224,0.32140226,1e-05,4.59646797,0.45669585
58540,0.36023624,0.36023622,1e-05,4.44112825,0.45673554
58545,0.27930236,0.27930236,1e-05,4.2479744,0.45677523
58550,0.28306251,0.28306251,1e-05,4.40197325,0.45681492
58555,0.27732124,0.27732122,1e-05,4.15357447,0.45685461
58560,0.35016599,0.35016599,1e-05,3.86445475,0.45689429
58565,0.34813526,0.34813523,1e-05,4.90217543,0.45693398
58570,0.26882391,0.26882391,1e-05,5.70545244,0.45697367
58575,0.31801007,0.31801007,1e-05,4.16670465,0.45701336
58580,0.28278205,0.28278208,1e-05,5.44968653,0.45705305
58585,0.32041488,0.32041488,1e-05,7.488801,0.45709274
58590,0.3009016,0.3009016,1e-05,3.06167102,0.45713242
58595,0.31514299,0.31514301,1e-05,5.07570887,0.45717211
58600,0.28916254,0.28916256,1e-05,3.89552546,0.4572118
58605,0.32630024,0.32630022,1e-05,4.33464336,0.45725149
58610,0.36232748,0.33240732,1e-05,4.29282236,0.45729118
58615,0.33762825,0.33762825,1e-05,3.88418102,0.45733087
58620,0.38710589,0.38710589,1e-05,6.48613977,0.45737056
58625,0.34390285,0.34390285,1e-05,3.43893671,0.45741024
58630,0.27798295,0.27798295,1e-05,6.73501444,0.45744993
58635,0.31899395,0.31899395,1e-05,4.26540089,0.45748962
58640,0.30324836,0.30324836,1e-05,5.60392284,0.45752931
58645,0.26140056,0.26140056,1e-05,3.70242405,0.457569
58650,0.35533423,0.35533423,1e-05,4.63004875,0.45760869
58655,0.35126629,0.35126624,1e-05,8.07176971,0.45764838
58660,0.32242708,0.32242708,1e-05,6.39199162,0.45768806
58665,0.35238109,0.35238109,1e-05,5.39342499,0.45772775
58670,0.28847911,0.28847909,1e-05,4.94337273,0.45776744
58675,0.38936172,0.38936172,1e-05,3.99687028,0.45780713
58680,0.35427866,0.35427864,1e-05,5.1483202,0.45784682
58685,0.27129884,0.27129884,1e-05,4.17578363,0.45788651
58690,0.33495321,0.33495324,1e-05,6.17870235,0.4579262
58695,0.28819954,0.28819954,1e-05,4.77683306,0.45796588
58700,0.33764939,0.33764939,1e-05,11.36289215,0.45800557
58705,0.30711839,0.30711837,1e-05,4.64566898,0.45804526
58710,0.3162889,0.3162889,1e-05,3.20865083,0.45808495
58715,0.29503393,0.29503393,1e-05,4.68819046,0.45812464
58720,0.35055861,0.35055864,1e-05,4.60695601,0.45816433
58725,0.34047985,0.34047985,1e-05,5.23898029,0.45820401
58730,0.22103529,0.22103529,1e-05,8.95733833,0.4582437
58735,0.29405375,0.29405372,1e-05,5.14531565,0.45828339
58740,0.32828841,0.32828841,1e-05,3.78158712,0.45832308
58745,0.33736715,0.33736715,1e-05,4.97525692,0.45836277
58750,0.32119069,0.32119069,1e-05,3.13774586,0.45840246
58755,0.31772819,0.31772819,1e-05,5.0477705,0.45844215
58760,0.38210769,0.38210773,1e-05,6.20697117,0.45848183
58765,0.32458119,0.32458119,1e-05,7.17969227,0.45852152
58770,0.28477988,0.28477983,1e-05,3.14396977,0.45856121
58775,0.3925343,0.3925343,1e-05,7.5779767,0.4586009
58780,0.37315075,0.37315078,1e-05,6.41639662,0.45864059
58785,0.31018448,0.31018448,1e-05,4.86482334,0.45868028
58790,0.33574467,0.33574467,1e-05,3.49762511,0.45871997
58795,0.2823266,0.2823266,1e-05,4.7437501,0.45875965
58800,0.36954904,0.36954904,1e-05,5.40184212,0.45879934
58805,0.31183219,0.31183224,1e-05,5.53790331,0.45883903
58810,0.31413908,0.31413908,1e-05,5.96553516,0.45887872
58815,0.36694775,0.36694775,1e-05,5.03742218,0.45891841
58820,0.30083795,0.30083795,1e-05,4.31446886,0.4589581
58825,0.31347377,0.3134738,1e-05,4.42081738,0.45899779
58830,0.29973269,0.29973269,1e-05,5.34551239,0.45903747
58835,0.30490136,0.30490136,1e-05,4.12829113,0.45907716
58840,0.37114487,0.37114487,1e-05,5.45476723,0.45911685
58845,0.35332785,0.35332785,1e-05,4.61421156,0.45915654
58850,0.33982372,0.33982377,1e-05,5.568151,0.45919623
58855,0.4016613,0.4016613,1e-05,4.03284025,0.45923592
58860,0.33221824,0.33221827,1e-05,4.48765802,0.45927561
58865,0.35538833,0.35538831,1e-05,36.80070496,0.45931529
58870,0.32429252,0.32429252,1e-05,3.2890594,0.45935498
58875,0.35176072,0.35176072,1e-05,5.45281649,0.45939467
58880,0.34127412,0.34127412,1e-05,5.86737776,0.45943436
58885,0.34881516,0.34881516,1e-05,4.56141996,0.45947405
58890,0.33114433,0.33114433,1e-05,4.49004173,0.45951374
58895,0.32482975,0.32482972,1e-05,3.14775324,0.45955342
58900,0.35529785,0.35529788,1e-05,7.22466469,0.45959311
58905,0.30709624,0.30709624,1e-05,6.52642965,0.4596328
58910,0.38868971,0.38868971,1e-05,4.52600098,0.45967249
58915,0.38881388,0.38881383,1e-05,7.63726139,0.45971218
58920,0.32214465,0.32214465,1e-05,6.54725504,0.45975187
58925,0.38656869,0.37423281,1e-05,4.99068975,0.45979156
58930,0.38662763,0.38662763,1e-05,4.6369009,0.45983124
58935,0.37178688,0.37178688,1e-05,6.84268475,0.45987093
58940,0.28072596,0.28072596,1e-05,3.59838724,0.45991062
58945,0.33810439,0.33810439,1e-05,3.80516887,0.45995031
58950,0.25274823,0.2527482,1e-05,4.31686974,0.45999
58955,0.29745092,0.2974509,1e-05,3.32770967,0.46002969
58960,0.29821057,0.29821057,1e-05,5.95430088,0.46006938
58965,0.36525331,0.36525331,1e-05,4.63544941,0.46010906
58970,0.31754541,0.31754539,1e-05,5.19059849,0.46014875
58975,0.2994082,0.2994082,1e-05,4.22428846,0.46018844
58980,0.34581866,0.34581866,1e-05,3.35859084,0.46022813
58985,0.3416069,0.3416069,1e-05,5.91027355,0.46026782
58990,0.2856627,0.2856627,1e-05,3.5411067,0.46030751
58995,0.35208592,0.35208592,1e-05,3.17154551,0.4603472
59000,0.40214958,0.40214958,1e-05,4.82643652,0.46038688
59005,0.3437871,0.34378712,1e-05,4.22112179,0.46042657
59010,0.28571792,0.28571792,1e-05,3.87896967,0.46046626
59015,0.24510703,0.24510703,1e-05,2.90115047,0.46050595
59020,0.30743041,0.30743041,1e-05,4.97497702,0.46054564
59025,0.3426085,0.34260845,1e-05,4.27676392,0.46058533
59030,0.26868682,0.26868682,1e-05,4.6460371,0.46062501
59035,0.3508215,0.35082154,1e-05,4.17253685,0.4606647
59040,0.37939558,0.37939558,1e-05,5.37673092,0.46070439
59045,0.38052707,0.38052707,1e-05,6.0192194,0.46074408
59050,0.31055911,0.31055913,1e-05,3.36218143,0.46078377
59055,0.3295155,0.32951548,1e-05,5.43923187,0.46082346
59060,0.35829341,0.35829341,1e-05,5.3320775,0.46086315
59065,0.29513605,0.29513602,1e-05,6.37685966,0.46090283
59070,0.3079565,0.3079565,1e-05,5.83933115,0.46094252
59075,0.36043277,0.36043272,1e-05,4.25827599,0.46098221
59080,0.33330381,0.33330383,1e-05,5.06987619,0.4610219
59085,0.39221172,0.39221175,1e-05,8.87861156,0.46106159
59090,0.29035373,0.29035368,1e-05,3.58664846,0.46110128
59095,0.30413268,0.30413268,1e-05,4.90361118,0.46114097
59100,0.27963686,0.27963686,1e-05,3.84467006,0.46118065
59105,0.33343668,0.33343668,1e-05,4.14721918,0.46122034
59110,0.3103426,0.3103426,1e-05,7.28885841,0.46126003
59115,0.3186202,0.31862023,1e-05,6.07302094,0.46129972
59120,0.31589079,0.31589079,1e-05,4.99389648,0.46133941
59125,0.33829327,0.33829327,1e-05,5.7729187,0.4613791
59130,0.35167792,0.35167789,1e-05,4.70589256,0.46141879
59135,0.30656579,0.30656579,1e-05,4.8024745,0.46145847
59140,0.3367136,0.3367136,1e-05,3.3288219,0.46149816
59145,0.29633455,0.29633455,1e-05,4.39621878,0.46153785
59150,0.32399251,0.32399251,1e-05,4.10774422,0.46157754
59155,0.31977901,0.31977901,1e-05,5.34808588,0.46161723
59160,0.3244318,0.3244318,1e-05,5.46092844,0.46165692
59165,0.25905738,0.25905738,1e-05,4.14451647,0.46169661
59170,0.37213979,0.37213979,1e-05,7.39460564,0.46173629
59175,0.29174156,0.29174154,1e-05,5.47591972,0.46177598
59180,0.36495504,0.36495504,1e-05,6.30682373,0.46181567
59185,0.30892925,0.30892925,1e-05,3.77027321,0.46185536
59190,0.32527859,0.32527862,1e-05,5.46152067,0.46189505
59195,0.28169558,0.28169556,1e-05,4.91212559,0.46193474
59200,0.3223139,0.32231393,1e-05,3.70077872,0.46197442
59205,0.3325933,0.3325933,1e-05,6.84963894,0.46201411
59210,0.34397955,0.34397953,1e-05,6.5260911,0.4620538
59215,0.37007518,0.37007515,1e-05,5.21493673,0.46209349
59220,0.34770746,0.34770746,1e-05,5.9969759,0.46213318
59225,0.2892911,0.2892911,1e-05,5.31101036,0.46217287
59230,0.31684623,0.31684623,1e-05,2.80849266,0.46221256
59235,0.33597126,0.32457252,1e-05,2.21249628,0.46225224
59240,0.39395721,0.37758779,1e-05,5.55240011,0.46229193
59245,0.36091652,0.36091652,1e-05,4.51236486,0.46233162
59250,0.39547071,0.39547067,1e-05,4.99207497,0.46237131
59255,0.3506484,0.35064838,1e-05,13.58064175,0.462411
59260,0.29001954,0.29001956,1e-05,3.62186623,0.46245069
59265,0.32667882,0.32667885,1e-05,5.33609247,0.46249038
59270,0.29585276,0.29585278,1e-05,4.84346247,0.46253006
59275,0.31394057,0.31394055,1e-05,8.56666374,0.46256975
59280,0.34336312,0.34336314,1e-05,4.01027775,0.46260944
59285,0.41286831,0.41286831,1e-05,4.06537342,0.46264913
59290,0.30972025,0.30972028,1e-05,5.23130465,0.46268882
59295,0.29253612,0.29253612,1e-05,4.00195169,0.46272851
59300,0.35883083,0.35883086,1e-05,3.38929558,0.4627682
59305,0.27797728,0.27797723,1e-05,4.03104925,0.46280788
59310,0.33201308,0.33201306,1e-05,4.11281061,0.46284757
59315,0.32702045,0.32702041,1e-05,5.07756519,0.46288726
59320,0.29322519,0.29322519,1e-05,4.45361614,0.46292695
59325,0.31598904,0.31598904,1e-05,5.99544811,0.46296664
59330,0.34229221,0.34229221,1e-05,6.11337757,0.46300633
59335,0.38313684,0.38313684,1e-05,3.47002506,0.46304601
59340,0.35425711,0.35425715,1e-05,5.96346092,0.4630857
59345,0.3299155,0.32991552,1e-05,45.40036392,0.46312539
59350,0.32509918,0.32509918,1e-05,6.39055395,0.46316508
59355,0.24354129,0.24354129,1e-05,2.51282406,0.46320477
59360,0.37800717,0.37800722,1e-05,4.27854633,0.46324446
59365,0.29751105,0.29751105,1e-05,3.78527379,0.46328415
59370,0.31247683,0.31247683,1e-05,4.52107,0.46332383
59375,0.29787664,0.29787662,1e-05,4.50332928,0.46336352
59380,0.28186438,0.28186438,1e-05,8.81141567,0.46340321
59385,0.40358434,0.40358438,1e-05,5.45689774,0.4634429
59390,0.36972439,0.36972442,1e-05,4.11252785,0.46348259
59395,0.34233704,0.34233704,1e-05,4.48064137,0.46352228
59400,0.31334653,0.31334653,1e-05,5.34512568,0.46356197
59405,0.32509143,0.32509141,1e-05,5.08107471,0.46360165
59410,0.31596982,0.31596982,1e-05,5.06053829,0.46364134
59415,0.31796603,0.31796608,1e-05,6.66686344,0.46368103
59420,0.36243181,0.36243181,1e-05,4.26877308,0.46372072
59425,0.33657866,0.33657866,1e-05,8.74348259,0.46376041
59430,0.29127493,0.29127495,1e-05,4.71308041,0.4638001
59435,0.30615745,0.30615745,1e-05,3.91183043,0.46383979
59440,0.30748055,0.30748055,1e-05,3.64553666,0.46387947
59445,0.29938512,0.29938512,1e-05,3.76410484,0.46391916
59450,0.34415097,0.34415097,1e-05,5.25572634,0.46395885
59455,0.32587543,0.32587543,1e-05,4.0942874,0.46399854
59460,0.28844848,0.28844848,1e-05,4.93877506,0.46403823
59465,0.31378939,0.31378939,1e-05,4.91127062,0.46407792
59470,0.32130053,0.32130055,1e-05,4.98832846,0.46411761
59475,0.3499207,0.3499207,1e-05,5.18087244,0.46415729
59480,0.33532398,0.33532398,1e-05,6.44267845,0.46419698
59485,0.34480934,0.34480937,1e-05,6.16343784,0.46423667
59490,0.36761796,0.36761794,1e-05,4.99534416,0.46427636
59495,0.28865891,0.28865893,1e-05,6.06909561,0.46431605
59500,0.35664368,0.35664363,1e-05,5.9118104,0.46435574
59505,0.34250081,0.34250083,1e-05,3.93439221,0.46439542
59510,0.34256945,0.34256945,1e-05,6.37510395,0.46443511
59515,0.38273413,0.38273411,1e-05,3.13025403,0.4644748
59520,0.35942864,0.35942864,1e-05,4.58549929,0.46451449
59525,0.32889519,0.32889519,1e-05,7.04734707,0.46455418
59530,0.29640522,0.29640522,1e-05,5.37523746,0.46459387
59535,0.35902135,0.35902138,1e-05,5.31269503,0.46463356
59540,0.31811662,0.31811662,1e-05,4.0830245,0.46467324
59545,0.28410273,0.28410273,1e-05,5.95028591,0.46471293
59550,0.41969042,0.38860376,1e-05,3.68664098,0.46475262
59555,0.32565756,0.32565756,1e-05,4.82146502,0.46479231
59560,0.34660859,0.34660859,1e-05,6.10340261,0.464832
59565,0.32720933,0.32720933,1e-05,4.54627037,0.46487169
59570,0.35759115,0.35759115,1e-05,4.33724928,0.46491138
59575,0.2870656,0.28706565,1e-05,4.97945309,0.46495106
59580,0.32052128,0.32052128,1e-05,4.92695045,0.46499075
59585,0.32980175,0.32980175,1e-05,5.22429705,0.46503044
59590,0.38191688,0.38191686,1e-05,4.32305527,0.46507013
59595,0.30308695,0.30308697,1e-05,5.01708651,0.46510982
59600,0.33231874,0.33231869,1e-05,4.29718971,0.46514951
59605,0.30988116,0.30988119,1e-05,5.08146095,0.4651892
59610,0.26829572,0.26829572,1e-05,4.32069921,0.46522888
59615,0.35933261,0.35933263,1e-05,5.42238379,0.46526857
59620,0.42336993,0.42336988,1e-05,4.80552292,0.46530826
59625,0.3704783,0.3704783,1e-05,4.27904081,0.46534795
59630,0.31873136,0.31873136,1e-05,3.92858505,0.46538764
59635,0.38365426,0.38365424,1e-05,4.42795849,0.46542733
59640,0.30191879,0.30191879,1e-05,4.30030394,0.46546701
59645,0.3372719,0.33727193,1e-05,3.60831666,0.4655067
59650,0.32006092,0.32006092,1e-05,3.79887056,0.46554639
59655,0.35502644,0.35502648,1e-05,4.71566868,0.46558608
59660,0.27489288,0.27489285,1e-05,4.21622658,0.46562577
59665,0.36785951,0.36785951,1e-05,4.75919294,0.46566546
59670,0.3249877,0.3249877,1e-05,3.94565892,0.46570515
59675,0.35956278,0.35956278,1e-05,5.48727465,0.46574483
59680,0.30735698,0.307357,1e-05,5.97772789,0.46578452
59685,0.35086462,0.3508646,1e-05,6.21879244,0.46582421
59690,0.36674831,0.36674829,1e-05,4.36856747,0.4658639
59695,0.30588601,0.30588598,1e-05,5.80586767,0.46590359
59700,0.2959048,0.29590478,1e-05,3.54663849,0.46594328
59705,0.34060378,0.34060378,1e-05,4.82981682,0.46598297
59710,0.28691068,0.28691068,1e-05,4.45979452,0.46602265
59715,0.33701036,0.33701036,1e-05,5.91719961,0.46606234
59720,0.34602396,0.34602399,1e-05,22.76270294,0.46610203
59725,0.32900724,0.32900724,1e-05,4.8174119,0.46614172
59730,0.3331965,0.33319654,1e-05,4.77220535,0.46618141
59735,0.31935019,0.31935019,1e-05,4.85935974,0.4662211
59740,0.34983532,0.3498353,1e-05,4.9030571,0.46626079
59745,0.2977222,0.29772215,1e-05,3.68488097,0.46630047
59750,0.34836349,0.34836349,1e-05,5.03295183,0.46634016
59755,0.3612303,0.36123028,1e-05,4.16661692,0.46637985
59760,0.3069005,0.30690048,1e-05,3.45423985,0.46641954
59765,0.36301565,0.36301565,1e-05,4.76956654,0.46645923
59770,0.37641191,0.37641191,1e-05,3.69740319,0.46649892
59775,0.36969442,0.36969442,1e-05,4.84362793,0.46653861
59780,0.32893329,0.32893331,1e-05,4.31514025,0.46657829
59785,0.27867875,0.27867875,1e-05,4.87948942,0.46661798
59790,0.33795609,0.33795609,1e-05,11.42474174,0.46665767
59795,0.31672411,0.31672409,1e-05,3.97981119,0.46669736
59800,0.30187879,0.30187879,1e-05,3.70855331,0.46673705
59805,0.27684627,0.27684622,1e-05,4.35513258,0.46677674
59810,0.34574728,0.34574733,1e-05,3.86199999,0.46681642
59815,0.31805186,0.31805191,1e-05,5.05611086,0.46685611
59820,0.30731797,0.30731797,1e-05,5.00751543,0.4668958
59825,0.28355737,0.28355737,1e-05,3.41051054,0.46693549
59830,0.32391834,0.32391829,1e-05,3.8574791,0.46697518
59835,0.30232067,0.30232067,1e-05,4.94902086,0.46701487
59840,0.36843152,0.36843157,1e-05,4.93862915,0.46705456
59845,0.38482227,0.38482227,1e-05,5.74805737,0.46709424
59850,0.38931813,0.38931813,1e-05,6.01980639,0.46713393
59855,0.32434525,0.32434525,1e-05,4.43397856,0.46717362
59860,0.29982038,0.29982038,1e-05,3.68983102,0.46721331
59865,0.43098788,0.40111025,1e-05,4.5625844,0.467253
59870,0.32341492,0.32341495,1e-05,3.52820325,0.46729269
59875,0.31995058,0.31995058,1e-05,4.95369339,0.46733238
59880,0.33672025,0.33672023,1e-05,3.62750387,0.46737206
59885,0.25458307,0.25458302,1e-05,3.07083178,0.46741175
59890,0.33940349,0.33940349,1e-05,8.04261112,0.46745144
59895,0.31093688,0.31093688,1e-05,5.20753765,0.46749113
59900,0.38854809,0.38854814,1e-05,4.57590055,0.46753082
59905,0.3604218,0.36042185,1e-05,3.46442747,0.46757051
59910,0.31747708,0.31747708,1e-05,3.84406495,0.4676102
59915,0.33011084,0.33011088,1e-05,5.54428244,0.46764988
59920,0.33759241,0.33759241,1e-05,4.20444012,0.46768957
59925,0.32278023,0.32278023,1e-05,5.6678319,0.46772926
59930,0.30790687,0.30790687,1e-05,4.36687899,0.46776895
59935,0.34489837,0.34489832,1e-05,4.09734726,0.46780864
59940,0.31172128,0.31172132,1e-05,6.13076782,0.46784833
59945,0.33662643,0.33662646,1e-05,3.47821283,0.46788801
59950,0.30994606,0.30994611,1e-05,4.7976203,0.4679277
59955,0.24109797,0.24109802,1e-05,2.48853922,0.46796739
59960,0.37235136,0.37235136,1e-05,6.83082533,0.46800708
59965,0.3053226,0.3053226,1e-05,4.58573055,0.46804677
59970,0.29890282,0.29890282,1e-05,4.0714035,0.46808646
59975,0.33718286,0.33718286,1e-05,5.12603521,0.46812615
59980,0.30756454,0.30756454,1e-05,15.44699764,0.46816583
59985,0.37418714,0.37418716,1e-05,10.49343872,0.46820552
59990,0.41667023,0.41667023,1e-05,5.21637583,0.46824521
59995,0.33019791,0.33019791,1e-05,5.41789103,0.4682849
60000,0.3582685,0.35826845,1e-05,5.72982359,0.46832459
60005,0.38946214,0.38946214,1e-05,4.5689044,0.46836428
60010,0.37842882,0.37842884,1e-05,4.13401508,0.46840397
60015,0.30239143,0.30239143,1e-05,3.77359772,0.46844365
60020,0.36268773,0.36268773,1e-05,5.49256468,0.46848334
60025,0.26768541,0.26768541,1e-05,3.26898861,0.46852303
60030,0.29300327,0.29300327,1e-05,4.5642333,0.46856272
60035,0.39176478,0.39176478,1e-05,3.78847003,0.46860241
60040,0.28197865,0.28197865,1e-05,3.74959993,0.4686421
60045,0.2900363,0.29003627,1e-05,4.52963924,0.46868179
60050,0.32748036,0.32748036,1e-05,4.08862543,0.46872147
60055,0.39806521,0.39806523,1e-05,6.05972385,0.46876116
60060,0.38978393,0.38978393,1e-05,5.47718191,0.46880085
60065,0.35141039,0.35141037,1e-05,5.58513403,0.46884054
60070,0.3560863,0.35608633,1e-05,5.49324369,0.46888023
60075,0.34425526,0.34425528,1e-05,4.71302223,0.46891992
60080,0.38704309,0.38704309,1e-05,6.18996477,0.46895961
60085,0.30977352,0.30977352,1e-05,6.19239521,0.46899929
60090,0.32423472,0.32423472,1e-05,5.23502874,0.46903898
60095,0.37081232,0.37081232,1e-05,7.87140131,0.46907867
60100,0.33356571,0.33356574,1e-05,11.0435133,0.46911836
60105,0.32823803,0.32823806,1e-05,5.82631969,0.46915805
60110,0.36746919,0.36746922,1e-05,5.27654219,0.46919774
60115,0.34549799,0.34549799,1e-05,6.52455425,0.46923742
60120,0.30299397,0.30299397,1e-05,6.68855858,0.46927711
60125,0.33369713,0.3336971,1e-05,4.79870415,0.4693168
60130,0.2866128,0.2866128,1e-05,5.33261919,0.46935649
60135,0.32373619,0.32373619,1e-05,5.7288065,0.46939618
60140,0.33207927,0.33207927,1e-05,6.32266092,0.46943587
60145,0.3656018,0.3656018,1e-05,7.45863295,0.46947556
60150,0.35906162,0.35906162,1e-05,4.84141254,0.46951524
60155,0.28568518,0.28568521,1e-05,6.5741539,0.46955493
60160,0.30116448,0.30116446,1e-05,6.21276379,0.46959462
60165,0.33253551,0.33253551,1e-05,3.94874787,0.46963431
60170,0.31519592,0.31519589,1e-05,4.71004772,0.469674
60175,0.48848195,0.46470336,1e-05,2.22975707,0.46971369
60180,0.37213752,0.37191505,1e-05,4.54061222,0.46975338
60185,0.40773163,0.40773168,1e-05,6.7066288,0.46979306
60190,0.33863158,0.33863156,1e-05,4.14886189,0.46983275
60195,0.32650394,0.32650394,1e-05,3.55439568,0.46987244
60200,0.30180008,0.30180011,1e-05,3.76444173,0.46991213
60205,0.34897714,0.34897714,1e-05,4.28979778,0.46995182
60210,0.32236376,0.32236376,1e-05,5.97838116,0.46999151
60215,0.39838665,0.39838665,1e-05,5.56153584,0.4700312
60220,0.34953437,0.34953437,1e-05,3.65129995,0.47007088
60225,0.370367,0.370367,1e-05,5.96681833,0.47011057
60230,0.3811059,0.38110588,1e-05,5.45130777,0.47015026
60235,0.34525557,0.34525557,1e-05,4.13088846,0.47018995
60240,0.29541345,0.29541345,1e-05,4.38831139,0.47022964
60245,0.26515944,0.26515946,1e-05,5.49247408,0.47026933
60250,0.33640285,0.33640287,1e-05,5.50858688,0.47030901
60255,0.3086612,0.30866122,1e-05,4.29516363,0.4703487
60260,0.31368661,0.31368663,1e-05,4.47618103,0.47038839
60265,0.30977705,0.30977705,1e-05,4.54748869,0.47042808
60270,0.34613042,0.34613037,1e-05,6.1963625,0.47046777
60275,0.36274338,0.36274338,1e-05,3.75045657,0.47050746
60280,0.2958895,0.2958895,1e-05,3.73867011,0.47054715
60285,0.35893347,0.3589335,1e-05,5.05454016,0.47058683
60290,0.30422823,0.30422826,1e-05,5.02115059,0.47062652
60295,0.30246029,0.30246029,1e-05,4.24715757,0.47066621
60300,0.36767519,0.36767521,1e-05,4.33444357,0.4707059
60305,0.35662317,0.3566232,1e-05,4.34116888,0.47074559
60310,0.38338466,0.38338466,1e-05,4.00288677,0.47078528
60315,0.3716989,0.3716989,1e-05,4.34382486,0.47082497
60320,0.3108223,0.31082227,1e-05,5.30598211,0.47086465
60325,0.29807978,0.29807973,1e-05,3.5034585,0.47090434
60330,0.27368517,0.27368517,1e-05,3.07251573,0.47094403
60335,0.32956867,0.32956867,1e-05,5.46460533,0.47098372
60340,0.31802464,0.31802464,1e-05,4.13096046,0.47102341
60345,0.34015608,0.34015608,1e-05,4.1769681,0.4710631
60350,0.37136505,0.37136507,1e-05,9.00374413,0.47110279
60355,0.3191957,0.31919572,1e-05,4.14061737,0.47114247
60360,0.33065333,0.33065333,1e-05,4.95215082,0.47118216
60365,0.35944991,0.35944991,1e-05,4.42322254,0.47122185
60370,0.34156709,0.34156709,1e-05,3.71441817,0.47126154
60375,0.34657145,0.34657145,1e-05,5.34222889,0.47130123
60380,0.33014205,0.33014202,1e-05,3.69923687,0.47134092
60385,0.27905979,0.27905979,1e-05,5.18151236,0.47138061
60390,0.31317565,0.31317563,1e-05,5.60806561,0.47142029
60395,0.30256364,0.30256364,1e-05,4.70743704,0.47145998
60400,0.34102206,0.34102206,1e-05,4.74002075,0.47149967
60405,0.3846349,0.3846349,1e-05,5.268291,0.47153936
60410,0.4050004,0.4050004,1e-05,3.60962915,0.47157905
60415,0.26862111,0.26862116,1e-05,6.2589035,0.47161874
60420,0.30919847,0.30919845,1e-05,3.41261697,0.47165842
60425,0.30858936,0.30858936,1e-05,4.46864939,0.47169811
60430,0.3719506,0.3719506,1e-05,4.44508648,0.4717378
60435,0.3076185,0.30761852,1e-05,3.09767413,0.47177749
60440,0.38679509,0.38679514,1e-05,4.3885479,0.47181718
60445,0.31182742,0.31182742,1e-05,4.62024784,0.47185687
60450,0.31954322,0.31954322,1e-05,4.66880894,0.47189656
60455,0.3093852,0.30938518,1e-05,6.54680204,0.47193624
60460,0.34637666,0.34637666,1e-05,4.73631001,0.47197593
60465,0.38332715,0.38332715,1e-05,4.87715769,0.47201562
60470,0.3447109,0.3447109,1e-05,4.1418252,0.47205531
60475,0.29805527,0.29805532,1e-05,3.31244159,0.472095
60480,0.38510914,0.38510909,1e-05,8.38227463,0.47213469
60485,0.36265161,0.36265163,1e-05,4.78232527,0.47217438
60490,0.49558983,0.45687109,1e-05,4.05511713,0.47221406
60495,0.371173,0.371173,1e-05,5.85894442,0.47225375
60500,0.30320725,0.30320728,1e-05,4.95647621,0.47229344
60505,0.29353578,0.29353576,1e-05,5.65093088,0.47233313
60510,0.35344992,0.35344989,1e-05,4.39472771,0.47237282
60515,0.31327066,0.31327062,1e-05,5.01920652,0.47241251
60520,0.32801437,0.32801437,1e-05,4.66064644,0.4724522
60525,0.34989026,0.34989028,1e-05,4.8127408,0.47249188
60530,0.32476411,0.32476411,1e-05,6.06145906,0.47253157
60535,0.30027981,0.30027981,1e-05,4.6261425,0.47257126
60540,0.34366808,0.34366806,1e-05,3.85529113,0.47261095
60545,0.3981904,0.3981904,1e-05,5.92711258,0.47265064
60550,0.37526298,0.37526302,1e-05,5.38941717,0.47269033
60555,0.29440193,0.29440193,1e-05,5.15942383,0.47273001
60560,0.32971082,0.32971082,1e-05,5.79608583,0.4727697
60565,0.35183735,0.35183735,1e-05,4.98169804,0.47280939
60570,0.32653744,0.32653742,1e-05,5.3303957,0.47284908
60575,0.33420434,0.33420436,1e-05,3.9606595,0.47288877
60580,0.27756824,0.27756824,1e-05,2.87557983,0.47292846
60585,0.31625977,0.31625977,1e-05,4.30894756,0.47296815
60590,0.35990672,0.35990672,1e-05,5.74518633,0.47300783
60595,0.32846251,0.32846246,1e-05,3.41348767,0.47304752
60600,0.33165832,0.33165832,1e-05,12.10355473,0.47308721
60605,0.3805522,0.3805522,1e-05,5.51204109,0.4731269
60610,0.30614848,0.30614848,1e-05,3.61720729,0.47316659
60615,0.36083841,0.36083841,1e-05,4.91475773,0.47320628
60620,0.31251144,0.31251142,1e-05,4.06124735,0.47324597
60625,0.3163908,0.3163908,1e-05,3.22324324,0.47328565
60630,0.37211967,0.37211962,1e-05,5.20987558,0.47332534
60635,0.37346654,0.37346654,1e-05,5.5870657,0.47336503
60640,0.26271203,0.262712,1e-05,4.19446611,0.47340472
60645,0.40640163,0.40640163,1e-05,6.9941287,0.47344441
60650,0.39665067,0.39665065,1e-05,4.6674118,0.4734841
60655,0.3625526,0.36255262,1e-05,6.05220556,0.47352379
60660,0.39137964,0.39137964,1e-05,4.62147522,0.47356347
60665,0.31086378,0.31086376,1e-05,4.26641083,0.47360316
60670,0.35057588,0.35057588,1e-05,5.87526512,0.47364285
60675,0.29677868,0.29677873,1e-05,4.15422535,0.47368254
60680,0.32811415,0.32811415,1e-05,5.14472866,0.47372223
60685,0.32660122,0.32660122,1e-05,6.04200506,0.47376192
60690,0.29268279,0.29268279,1e-05,4.38437319,0.47380161
60695,0.27498276,0.27498279,1e-05,5.86859703,0.47384129
60700,0.31914763,0.31914759,1e-05,4.21839571,0.47388098
60705,0.34780953,0.34780951,1e-05,4.78543139,0.47392067
60710,0.32957904,0.32957902,1e-05,3.92915964,0.47396036
60715,0.30035903,0.30035903,1e-05,3.57303143,0.47400005
60720,0.32368493,0.32368493,1e-05,4.55653429,0.47403974
60725,0.3234107,0.32341068,1e-05,5.28788519,0.47407942
60730,0.32580414,0.32580416,1e-05,5.08571959,0.47411911
60735,0.31967437,0.31967435,1e-05,4.65926695,0.4741588
60740,0.32164099,0.32164102,1e-05,3.80100727,0.47419849
60745,0.28081598,0.28081598,1e-05,3.72225165,0.47423818
60750,0.30476742,0.30476742,1e-05,3.74169707,0.47427787
60755,0.35409582,0.35409582,1e-05,5.2787118,0.47431756
60760,0.33125472,0.33125477,1e-05,4.96003962,0.47435724
60765,0.32133284,0.32133284,1e-05,5.31884003,0.47439693
60770,0.34167206,0.34167206,1e-05,5.623631,0.47443662
60775,0.30345931,0.30345931,1e-05,4.41925907,0.47447631
60780,0.32577982,0.32577982,1e-05,5.54371977,0.474516
60785,0.27626295,0.27626295,1e-05,5.00485849,0.47455569
60790,0.35586152,0.35586152,1e-05,5.75783587,0.47459538
60795,0.34159164,0.34159164,1e-05,4.37752485,0.47463506
60800,0.34814134,0.34814134,1e-05,5.14657116,0.47467475
60805,0.4707859,0.44118646,1e-05,4.57189512,0.47471444
60810,0.32456536,0.32456536,1e-05,3.8727448,0.47475413
60815,0.32007236,0.32007236,1e-05,5.16900682,0.47479382
60820,0.31383934,0.31383934,1e-05,4.82791996,0.47483351
60825,0.29936829,0.29936829,1e-05,6.28043652,0.4748732
60830,0.31017649,0.31017649,1e-05,5.78297806,0.47491288
60835,0.40601492,0.40601492,1e-05,4.20537472,0.47495257
60840,0.29483089,0.29483085,1e-05,4.18990088,0.47499226
60845,0.27432671,0.27432671,1e-05,3.52861643,0.47503195
60850,0.35397964,0.35397964,1e-05,5.05622673,0.47507164
60855,0.31405525,0.3140553,1e-05,6.05278254,0.47511133
60860,0.32109032,0.32109032,1e-05,3.98230624,0.47515101
60865,0.29571786,0.29571788,1e-05,4.12767601,0.4751907
60870,0.39455297,0.39455297,1e-05,4.3444581,0.47523039
60875,0.27213345,0.27213345,1e-05,4.33177996,0.47527008
60880,0.37230392,0.37230394,1e-05,5.45486975,0.47530977
60885,0.34298973,0.34298973,1e-05,6.19246054,0.47534946
60890,0.25515516,0.25515516,1e-05,2.84953308,0.47538915
60895,0.3403147,0.34031467,1e-05,4.44435167,0.47542883
60900,0.35650344,0.35650344,1e-05,3.5067637,0.47546852
60905,0.32143259,0.32143259,1e-05,3.70048428,0.47550821
60910,0.29564409,0.29564414,1e-05,7.11491871,0.4755479
60915,0.29876161,0.29876161,1e-05,2.86600208,0.47558759
60920,0.27458596,0.27458596,1e-05,3.3399725,0.47562728
60925,0.30740352,0.30740352,1e-05,4.57424927,0.47566697
60930,0.34837811,0.34837811,1e-05,5.88523006,0.47570665
60935,0.32107773,0.32107773,1e-05,3.71444941,0.47574634
60940,0.27487154,0.27487156,1e-05,4.23582125,0.47578603
60945,0.32404504,0.32404499,1e-05,5.3299675,0.47582572
60950,0.32343664,0.32343659,1e-05,4.90843248,0.47586541
60955,0.33011577,0.33011577,1e-05,4.36412477,0.4759051
60960,0.24988129,0.24988132,1e-05,2.34475017,0.47594479
60965,0.38646407,0.3864641,1e-05,4.09565496,0.47598447
60970,0.27298663,0.2729866,1e-05,5.28387642,0.47602416
60975,0.37186861,0.37186861,1e-05,6.29083061,0.47606385
60980,0.2977684,0.29776843,1e-05,6.09594536,0.47610354
60985,0.36574569,0.36574571,1e-05,6.30138826,0.47614323
60990,0.28770022,0.28770022,1e-05,4.62128735,0.47618292
60995,0.32606096,0.32606091,1e-05,3.56912518,0.4762226
61000,0.33548322,0.33548322,1e-05,4.55174923,0.47626229
61005,0.38030827,0.38030825,1e-05,6.28172731,0.47630198
61010,0.32026973,0.32026973,1e-05,5.34956884,0.47634167
61015,0.30961528,0.30961525,1e-05,3.46536446,0.47638136
61020,0.33995502,0.33995504,1e-05,5.72571659,0.47642105
61025,0.38148139,0.38148139,1e-05,3.25999594,0.47646074
61030,0.35859041,0.35859044,1e-05,4.50071001,0.47650042
61035,0.37373824,0.37373822,1e-05,4.97709608,0.47654011
61040,0.36926332,0.36926327,1e-05,3.67884493,0.4765798
61045,0.33017726,0.33017726,1e-05,4.48149729,0.47661949
61050,0.31570041,0.31570039,1e-05,5.98450565,0.47665918
61055,0.35409207,0.35409207,1e-05,5.0311451,0.47669887
61060,0.26278138,0.26278138,1e-05,5.06405926,0.47673856
61065,0.37491398,0.37491398,1e-05,3.85422015,0.47677824
61070,0.35375848,0.35375853,1e-05,5.05139828,0.47681793
61075,0.32250416,0.32250414,1e-05,4.65650749,0.47685762
61080,0.3126528,0.31265278,1e-05,5.85640049,0.47689731
61085,0.37217519,0.37217522,1e-05,4.22759628,0.476937
61090,0.30210106,0.30210104,1e-05,5.63441563,0.47697669
61095,0.29120722,0.29120719,1e-05,4.63538313,0.47701638
61100,0.310414,0.31041403,1e-05,5.46256113,0.47705606
61105,0.31886182,0.31886182,1e-05,3.99301624,0.47709575
61110,0.34854178,0.34854176,1e-05,4.29689169,0.47713544
61115,0.42149835,0.40463797,1e-05,2.36736584,0.47717513
61120,0.34132888,0.34217336,1e-05,5.08092022,0.47721482
61125,0.36278207,0.36278207,1e-05,4.74234629,0.47725451
61130,0.32779341,0.32779346,1e-05,3.78591967,0.4772942
61135,0.28041439,0.28041439,1e-05,12.20079613,0.47733388
61140,0.32885914,0.32885914,1e-05,3.61415696,0.47737357
61145,0.28310065,0.28310063,1e-05,3.15729618,0.47741326
61150,0.36708157,0.36708155,1e-05,6.36910868,0.47745295
61155,0.37543774,0.37543769,1e-05,6.08258438,0.47749264
61160,0.30408013,0.30408015,1e-05,4.64907551,0.47753233
61165,0.35557537,0.35557539,1e-05,5.20340252,0.47757201
61170,0.3434222,0.3434222,1e-05,5.91765976,0.4776117
61175,0.35567794,0.35567789,1e-05,4.69106388,0.47765139
61180,0.3316143,0.3316143,1e-05,6.1001339,0.47769108
61185,0.28779325,0.28779325,1e-05,3.43481398,0.47773077
61190,0.36584797,0.36584792,1e-05,6.42218828,0.47777046
61195,0.32756824,0.32756822,1e-05,6.76939678,0.47781015
61200,0.33172975,0.33172979,1e-05,4.9220252,0.47784983
61205,0.35200758,0.3520076,1e-05,3.83073235,0.47788952
61210,0.3440974,0.34409738,1e-05,9.91603088,0.47792921
61215,0.36311874,0.3631187,1e-05,4.98921633,0.4779689
61220,0.38208299,0.38208299,1e-05,5.63415241,0.47800859
61225,0.34021454,0.34021454,1e-05,5.73409081,0.47804828
61230,0.37683463,0.37683461,1e-05,5.8900032,0.47808797
61235,0.32865655,0.32865658,1e-05,4.14969635,0.47812765
61240,0.32392509,0.32392511,1e-05,6.36635733,0.47816734
61245,0.32752075,0.3275207,1e-05,5.5233674,0.47820703
61250,0.34682097,0.34682097,1e-05,4.50155258,0.47824672
61255,0.30589051,0.30589049,1e-05,5.75402021,0.47828641
61260,0.29737329,0.29737329,1e-05,3.88050604,0.4783261
61265,0.35507197,0.35507197,1e-05,5.17765999,0.47836579
61270,0.35055809,0.35055809,1e-05,3.99476337,0.47840547
61275,0.36290932,0.36290932,1e-05,5.44878149,0.47844516
61280,0.32105711,0.32105711,1e-05,3.94484162,0.47848485
61285,0.30118098,0.30118098,1e-05,3.95832849,0.47852454
61290,0.34396603,0.34396603,1e-05,4.43777323,0.47856423
61295,0.36398139,0.36398139,1e-05,5.15908813,0.47860392
61300,0.29884231,0.29884229,1e-05,6.91860819,0.4786436
61305,0.33629827,0.33629827,1e-05,4.04511786,0.47868329
61310,0.28810468,0.28810468,1e-05,4.9815011,0.47872298
61315,0.34246964,0.34246967,1e-05,5.0310297,0.47876267
61320,0.37132306,0.37132306,1e-05,4.59435654,0.47880236
61325,0.29365902,0.29365902,1e-05,5.33756733,0.47884205
61330,0.32483017,0.3248302,1e-05,4.57133198,0.47888174
61335,0.31024542,0.31024542,1e-05,5.06316996,0.47892142
61340,0.2919728,0.29197283,1e-05,3.66606116,0.47896111
61345,0.37126956,0.37126956,1e-05,6.04122353,0.4790008
61350,0.31450961,0.31450961,1e-05,4.67532301,0.47904049
61355,0.35979133,0.35979133,1e-05,5.92773867,0.47908018
61360,0.36452298,0.36452298,1e-05,3.84145737,0.47911987
61365,0.37462335,0.37462332,1e-05,4.79145288,0.47915956
61370,0.34809728,0.34809728,1e-05,3.79217911,0.47919924
61375,0.33007028,0.33007026,1e-05,3.55183148,0.47923893
61380,0.32926452,0.3292645,1e-05,10.09248543,0.47927862
61385,0.29145594,0.29145594,1e-05,4.35144329,0.47931831
61390,0.36554868,0.36554868,1e-05,5.74904442,0.479358
61395,0.35210264,0.35210264,1e-05,5.81647539,0.47939769
61400,0.330672,0.33067203,1e-05,4.93729496,0.47943738
61405,0.3589227,0.3589227,1e-05,4.51517344,0.47947706
61410,0.34429729,0.34429731,1e-05,10.49731922,0.47951675
61415,0.37031984,0.37031984,1e-05,6.17085981,0.47955644
61420,0.32302098,0.32302098,1e-05,4.4303751,0.47959613
61425,0.35787144,0.35787144,1e-05,6.97377396,0.47963582
61430,0.42501936,0.41495132,1e-05,5.64568424,0.47967551
61435,0.35300996,0.35300996,1e-05,3.40205622,0.4797152
61440,0.31702001,0.31701999,1e-05,4.72015429,0.47975488
61445,0.33249888,0.33249884,1e-05,8.45342159,0.47979457
61450,0.29366498,0.29366498,1e-05,4.66414976,0.47983426
61455,0.36616902,0.36616902,1e-05,6.10870743,0.47987395
61460,0.30195751,0.30195751,1e-05,2.91919518,0.47991364
61465,0.40483632,0.40483627,1e-05,4.39829206,0.47995333
61470,0.32362928,0.32362928,1e-05,4.57916641,0.47999301
61475,0.33626318,0.33626318,1e-05,3.60286212,0.4800327
61480,0.30740433,0.30740435,1e-05,5.24993563,0.48007239
61485,0.34966452,0.3496645,1e-05,4.20223475,0.48011208
61490,0.27331674,0.27331676,1e-05,3.92036247,0.48015177
61495,0.26754248,0.26754246,1e-05,5.12967491,0.48019146
61500,0.32038922,0.32038922,1e-05,3.68694448,0.48023115
61505,0.28551717,0.28551717,1e-05,4.49840879,0.48027083
61510,0.34805174,0.34805174,1e-05,4.93515778,0.48031052
61515,0.34608002,0.34608002,1e-05,6.70412207,0.48035021
61520,0.30043058,0.30043061,1e-05,4.74694967,0.4803899
61525,0.25679526,0.25679526,1e-05,4.15712976,0.48042959
61530,0.36888433,0.36888433,1e-05,4.49516773,0.48046928
61535,0.24263983,0.24263983,1e-05,3.76706123,0.48050897
61540,0.32819178,0.3281918,1e-05,6.9452014,0.48054865
61545,0.37985735,0.37985735,1e-05,5.03450394,0.48058834
61550,0.33192391,0.33192391,1e-05,4.41635656,0.48062803
61555,0.35074306,0.35074303,1e-05,5.61298704,0.48066772
61560,0.30508599,0.30508599,1e-05,3.79081154,0.48070741
61565,0.39898605,0.3989861,1e-05,4.81033182,0.4807471
61570,0.31562896,0.31562896,1e-05,5.1602397,0.48078679
61575,0.33553591,0.33553591,1e-05,3.4162364,0.48082647
61580,0.35307679,0.35307679,1e-05,4.26194286,0.48086616
61585,0.34594805,0.34594805,1e-05,3.45800114,0.48090585
61590,0.35120533,0.3512053,1e-05,3.83746004,0.48094554
61595,0.38333359,0.38333364,1e-05,16.13700294,0.48098523
61600,0.3281332,0.3281332,1e-05,5.27876759,0.48102492
61605,0.34827385,0.34827385,1e-05,6.21021938,0.4810646
61610,0.38672447,0.3867245,1e-05,5.53127003,0.48110429
61615,0.28618546,0.28618541,1e-05,4.30056906,0.48114398
61620,0.32174067,0.32174067,1e-05,5.00840139,0.48118367
61625,0.3996454,0.39964538,1e-05,6.06268358,0.48122336
61630,0.31622431,0.31622431,1e-05,4.94600105,0.48126305
61635,0.36172659,0.36172659,1e-05,4.72199726,0.48130274
61640,0.30324292,0.3032429,1e-05,3.86365271,0.48134242
61645,0.36486704,0.36486704,1e-05,3.3636148,0.48138211
61650,0.4169066,0.41690655,1e-05,7.87345362,0.4814218
61655,0.28231659,0.28231659,1e-05,2.33406091,0.48146149
61660,0.36949589,0.36949587,1e-05,5.19783258,0.48150118
61665,0.30371947,0.30371947,1e-05,4.45831203,0.48154087
61670,0.28685102,0.28685102,1e-05,5.74431944,0.48158056
61675,0.30866127,0.30866127,1e-05,4.3315587,0.48162024
61680,0.31803875,0.31803875,1e-05,2.9761281,0.48165993
61685,0.38616996,0.38616996,1e-05,6.29802275,0.48169962
61690,0.24394867,0.24394867,1e-05,5.16522551,0.48173931
61695,0.30663662,0.30663667,1e-05,4.41772652,0.481779
61700,0.37157397,0.371574,1e-05,5.32412004,0.48181869
61705,0.3554034,0.35540342,1e-05,5.25280094,0.48185838
61710,0.31759937,0.31759937,1e-05,5.37991285,0.48189806
61715,0.35076962,0.35076962,1e-05,6.57036543,0.48193775
61720,0.32477245,0.32477245,1e-05,4.68235445,0.48197744
61725,0.31894581,0.31894579,1e-05,6.63972521,0.48201713
61730,0.28195238,0.28195238,1e-05,4.37977934,0.48205682
61735,0.33010774,0.33010774,1e-05,4.59063387,0.48209651
61740,0.38720052,0.38741327,1e-05,7.0621953,0.4821362
61745,0.43147411,0.41347125,1e-05,6.42271566,0.48217588
61750,0.35922699,0.35922699,1e-05,5.16260481,0.48221557
61755,0.35024004,0.35024004,1e-05,3.72704077,0.48225526
61760,0.31039689,0.31039686,1e-05,4.03472137,0.48229495
61765,0.382585,0.382585,1e-05,4.67159986,0.48233464
61770,0.36384482,0.36384482,1e-05,5.22813034,0.48237433
61775,0.32359791,0.32359788,1e-05,3.98085237,0.48241401
61780,0.30714197,0.30714195,1e-05,3.59772992,0.4824537
61785,0.37265792,0.3726579,1e-05,6.06999779,0.48249339
61790,0.32706637,0.32706637,1e-05,4.75004244,0.48253308
61795,0.27125714,0.27125716,1e-05,5.36474609,0.48257277
61800,0.33841949,0.33841949,1e-05,4.04182482,0.48261246
61805,0.36081762,0.36081762,1e-05,5.16933489,0.48265215
61810,0.26806436,0.26806436,1e-05,6.94606876,0.48269183
61815,0.32629976,0.32629976,1e-05,3.64932513,0.48273152
61820,0.34646623,0.34646623,1e-05,5.89315128,0.48277121
61825,0.34125259,0.34125259,1e-05,3.59962201,0.4828109
61830,0.28703604,0.28703599,1e-05,3.86109114,0.48285059
61835,0.33036623,0.33036621,1e-05,3.05858541,0.48289028
61840,0.32334533,0.32334533,1e-05,4.06887341,0.48292997
61845,0.38516746,0.38516746,1e-05,4.17177486,0.48296965
61850,0.34750564,0.34750562,1e-05,4.06365538,0.48300934
61855,0.36000447,0.36000447,1e-05,3.8608458,0.48304903
61860,0.37835031,0.37835031,1e-05,6.07058096,0.48308872
61865,0.37119544,0.37119546,1e-05,9.03573132,0.48312841
61870,0.35449576,0.35449576,1e-05,4.4730196,0.4831681
61875,0.3067205,0.30672052,1e-05,4.75893068,0.48320779
61880,0.29935541,0.29935541,1e-05,5.32827663,0.48324747
61885,0.32920003,0.32920003,1e-05,3.00651073,0.48328716
61890,0.30053158,0.30053158,1e-05,6.72597504,0.48332685
61895,0.33250918,0.33250918,1e-05,5.22374153,0.48336654
61900,0.28319206,0.28319206,1e-05,4.32767534,0.48340623
61905,0.33912497,0.33912497,1e-05,6.31885529,0.48344592
61910,0.33748951,0.33748946,1e-05,5.55582809,0.4834856
61915,0.31247721,0.31247721,1e-05,8.34275723,0.48352529
61920,0.29083667,0.29083669,1e-05,5.13491631,0.48356498
61925,0.24803939,0.24803934,1e-05,5.75564194,0.48360467
61930,0.32918429,0.32918429,1e-05,4.19374752,0.48364436
61935,0.25682397,0.25682395,1e-05,2.85490704,0.48368405
61940,0.29711132,0.29711134,1e-05,6.18990898,0.48372374
61945,0.32441244,0.32441244,1e-05,4.39633608,0.48376342
61950,0.33390188,0.33390186,1e-05,4.47675657,0.48380311
61955,0.31713715,0.31713717,1e-05,4.02241373,0.4838428
61960,0.32297721,0.32297723,1e-05,4.96141195,0.48388249
61965,0.32713015,0.32713015,1e-05,6.23751307,0.48392218
61970,0.35295038,0.35295038,1e-05,5.45069981,0.48396187
61975,0.30298538,0.30298538,1e-05,4.12703896,0.48400156
61980,0.27511218,0.27511218,1e-05,11.78616714,0.48404124
61985,0.31686292,0.31686292,1e-05,4.65792942,0.48408093
61990,0.3280117,0.32801168,1e-05,4.46707821,0.48412062
61995,0.33340821,0.33340821,1e-05,5.92305613,0.48416031
62000,0.34950557,0.34950557,1e-05,6.46810579,0.4842
62005,0.32801929,0.32801929,1e-05,4.95526123,0.48423969
62010,0.37683196,0.37683196,1e-05,4.26912212,0.48427938
62015,0.32583799,0.32583799,1e-05,4.81649208,0.48431906
62020,0.32143354,0.32143352,1e-05,3.87817574,0.48435875
62025,0.33337445,0.3333744,1e-05,5.60086584,0.48439844
62030,0.35617516,0.35617518,1e-05,6.75124693,0.48443813
62035,0.32857418,0.32857418,1e-05,4.98814964,0.48447782
62040,0.3302413,0.3302413,1e-05,11.1811161,0.48451751
62045,0.3167887,0.31678867,1e-05,4.2453208,0.4845572
62050,0.36289558,0.36289554,1e-05,4.98092413,0.48459688
62055,0.4455164,0.42948143,1e-05,3.7146709,0.48463657
62060,0.32915373,0.32915373,1e-05,5.39986229,0.48467626
62065,0.33624701,0.33624699,1e-05,5.18051147,0.48471595
62070,0.36141872,0.36141872,1e-05,5.21256781,0.48475564
62075,0.30817633,0.30817633,1e-05,4.60960627,0.48479533
62080,0.3778111,0.3778111,1e-05,4.21200228,0.48483501
62085,0.36350317,0.36350322,1e-05,5.19554329,0.4848747
62090,0.33318906,0.33318901,1e-05,5.54068279,0.48491439
62095,0.26970332,0.26970332,1e-05,6.54007816,0.48495408
62100,0.37186699,0.37186699,1e-05,5.95567942,0.48499377
62105,0.31017344,0.31017346,1e-05,5.55536032,0.48503346
62110,0.33481555,0.33481555,1e-05,3.21015573,0.48507315
62115,0.32399406,0.32399406,1e-05,5.33891678,0.48511283
62120,0.34780846,0.34780846,1e-05,8.75229549,0.48515252
62125,0.34291284,0.34291284,1e-05,4.56158209,0.48519221
62130,0.33291073,0.33291073,1e-05,3.84434295,0.4852319
62135,0.36531062,0.36531062,1e-05,5.09244204,0.48527159
62140,0.32683055,0.32683053,1e-05,4.77953005,0.48531128
62145,0.29186468,0.29186468,1e-05,3.30970335,0.48535097
62150,0.28201942,0.28201947,1e-05,4.5800786,0.48539065
62155,0.35874956,0.35874953,1e-05,4.21131563,0.48543034
62160,0.30621638,0.30621638,1e-05,7.48516941,0.48547003
62165,0.34533617,0.34533617,1e-05,8.15131569,0.48550972
62170,0.29711962,0.29711964,1e-05,2.504107,0.48554941
62175,0.33041973,0.33041973,1e-05,7.42085361,0.4855891
62180,0.33909755,0.33909755,1e-05,5.67467642,0.48562879
62185,0.32031085,0.32031083,1e-05,6.8749156,0.48566847
62190,0.34025657,0.34025657,1e-05,5.01237965,0.48570816
62195,0.32977841,0.32977839,1e-05,6.43365049,0.48574785
62200,0.33548231,0.33548229,1e-05,4.50369024,0.48578754
62205,0.34053824,0.34053826,1e-05,4.41730261,0.48582723
62210,0.31908102,0.31908104,1e-05,6.70309973,0.48586692
62215,0.36019888,0.36019886,1e-05,8.13507462,0.4859066
62220,0.31656823,0.31656823,1e-05,6.36314344,0.48594629
62225,0.33346,0.33346,1e-05,5.51398277,0.48598598
62230,0.34285297,0.342853,1e-05,5.03579426,0.48602567
62235,0.32448165,0.32448168,1e-05,5.25094318,0.48606536
62240,0.30248165,0.30248163,1e-05,5.93834877,0.48610505
62245,0.37524481,0.37524481,1e-05,5.21975899,0.48614474
62250,0.35866599,0.35866599,1e-05,7.08333683,0.48618442
62255,0.30876412,0.30876412,1e-05,8.34871864,0.48622411
62260,0.3426796,0.34267957,1e-05,6.13220644,0.4862638
62265,0.28992069,0.28992066,1e-05,4.96218777,0.48630349
62270,0.30697551,0.30697551,1e-05,5.25788832,0.48634318
62275,0.34573894,0.34573896,1e-05,3.73129606,0.48638287
62280,0.31480041,0.31480041,1e-05,4.56050444,0.48642256
62285,0.29748085,0.29748082,1e-05,11.49105644,0.48646224
62290,0.34798045,0.34798045,1e-05,3.75820541,0.48650193
62295,0.31104915,0.31104918,1e-05,5.64344883,0.48654162
62300,0.36649837,0.36649835,1e-05,5.17708492,0.48658131
62305,0.34942679,0.34942679,1e-05,4.06300592,0.486621
62310,0.34844928,0.34844928,1e-05,6.04419136,0.48666069
62315,0.30569391,0.30569391,1e-05,4.7609458,0.48670038
62320,0.31135464,0.31135464,1e-05,4.0929637,0.48674006
62325,0.32760105,0.32760105,1e-05,4.97722864,0.48677975
62330,0.29701905,0.2970191,1e-05,5.08072424,0.48681944
62335,0.33762374,0.33762376,1e-05,10.63945866,0.48685913
62340,0.3504972,0.35049717,1e-05,5.16360712,0.48689882
62345,0.30387664,0.30387666,1e-05,4.29976845,0.48693851
62350,0.36236956,0.36236954,1e-05,6.63705492,0.4869782
62355,0.35951476,0.35951476,1e-05,4.46200323,0.48701788
62360,0.34346294,0.34346294,1e-05,6.5517621,0.48705757
62365,0.36076,0.36075997,1e-05,7.83432817,0.48709726
62370,0.40715294,0.40554425,1e-05,4.40177202,0.48713695
62375,0.35103841,0.35103841,1e-05,5.29086637,0.48717664
62380,0.35056224,0.35056224,1e-05,4.33401442,0.48721633
62385,0.37554779,0.37554774,1e-05,9.06624985,0.48725601
62390,0.39589586,0.39589586,1e-05,9.82765675,0.4872957
62395,0.36007423,0.36007423,1e-05,3.76717544,0.48733539
62400,0.35784931,0.35784929,1e-05,5.8608861,0.48737508
62405,0.3381671,0.33816707,1e-05,7.62610149,0.48741477
62410,0.3167953,0.3167953,1e-05,5.58216953,0.48745446
62415,0.2902555,0.29025548,1e-05,5.57277966,0.48749415
62420,0.32745385,0.32745385,1e-05,3.90739965,0.48753383
62425,0.35639045,0.35639043,1e-05,8.44634819,0.48757352
62430,0.32508664,0.32508664,1e-05,5.86153412,0.48761321
62435,0.36230021,0.36230023,1e-05,6.17464495,0.4876529
62440,0.25677664,0.25677664,1e-05,3.34449887,0.48769259
62445,0.30319829,0.30319829,1e-05,5.76202631,0.48773228
62450,0.33167219,0.33167219,1e-05,3.7301271,0.48777197
62455,0.30889564,0.30889561,1e-05,6.73146582,0.48781165
62460,0.29106209,0.29106207,1e-05,3.57910681,0.48785134
62465,0.31590061,0.31590061,1e-05,3.94566345,0.48789103
62470,0.2976315,0.2976315,1e-05,3.91395402,0.48793072
62475,0.3231071,0.3231071,1e-05,4.05885935,0.48797041
62480,0.32631733,0.32631733,1e-05,3.21681428,0.4880101
62485,0.30288935,0.30288939,1e-05,2.95968294,0.48804979
62490,0.33758516,0.33758514,1e-05,5.32587004,0.48808947
62495,0.40471516,0.40471516,1e-05,5.51070213,0.48812916
62500,0.3722796,0.37227957,1e-05,3.93346167,0.48816885
62505,0.34189296,0.34189301,1e-05,5.6571579,0.48820854
62510,0.34270487,0.34270489,1e-05,4.32782221,0.48824823
62515,0.2584619,0.2584619,1e-05,5.14068842,0.48828792
62520,0.36467214,0.36467214,1e-05,3.62684822,0.4883276
62525,0.2685729,0.2685729,1e-05,3.69672966,0.48836729
62530,0.38558221,0.38558223,1e-05,5.71919918,0.48840698
62535,0.310636,0.310636,1e-05,7.11676884,0.48844667
62540,0.33287389,0.33287387,1e-05,4.4386363,0.48848636
62545,0.37027278,0.37027283,1e-05,4.20005703,0.48852605
62550,0.32678838,0.32678838,1e-05,4.63707447,0.48856574
62555,0.36874814,0.36874812,1e-05,4.46421957,0.48860542
62560,0.34370108,0.3437011,1e-05,4.1280427,0.48864511
62565,0.32458377,0.32458379,1e-05,4.29847622,0.4886848
62570,0.29539697,0.29539695,1e-05,3.82478189,0.48872449
62575,0.35378299,0.35378296,1e-05,4.42821932,0.48876418
62580,0.32333298,0.32333302,1e-05,4.86111689,0.48880387
62585,0.31761351,0.31761348,1e-05,5.32371521,0.48884356
62590,0.34863911,0.34863911,1e-05,4.8074975,0.48888324
62595,0.39734344,0.39734344,1e-05,5.32232237,0.48892293
62600,0.34030116,0.34030118,1e-05,6.38383722,0.48896262
62605,0.33357644,0.33357649,1e-05,6.25227642,0.48900231
62610,0.34418693,0.34418693,1e-05,3.19980454,0.489042
62615,0.36372452,0.36372452,1e-05,4.93620825,0.48908169
62620,0.35908074,0.35908074,1e-05,10.61804485,0.48912138
62625,0.36485949,0.36485949,1e-05,5.0862937,0.48916106
62630,0.36170468,0.36170466,1e-05,4.78809214,0.48920075
62635,0.40187268,0.40187268,1e-05,9.33572674,0.48924044
62640,0.31688485,0.31688485,1e-05,3.16901803,0.48928013
62645,0.31838932,0.31838932,1e-05,4.68213844,0.48931982
62650,0.39522846,0.39522848,1e-05,24.04924393,0.48935951
62655,0.29232063,0.29232063,1e-05,5.07508469,0.4893992
62660,0.33754222,0.33754225,1e-05,3.50153422,0.48943888
62665,0.32889082,0.3288908,1e-05,4.13310671,0.48947857
62670,0.32350869,0.32350869,1e-05,5.33531332,0.48951826
62675,0.31576962,0.3157696,1e-05,3.72716236,0.48955795
62680,0.36820366,0.36719023,1e-05,2.73875356,0.48959764
62685,0.35799611,0.34999788,1e-05,3.28159213,0.48963733
62690,0.30714998,0.30714998,1e-05,7.35416508,0.48967701
62695,0.31083782,0.31083782,1e-05,28.63745117,0.4897167
62700,0.32188959,0.32188959,1e-05,4.33285093,0.48975639
62705,0.37818458,0.37818456,1e-05,5.27814817,0.48979608
62710,0.29548011,0.29548008,1e-05,3.99015379,0.48983577
62715,0.30006781,0.30006781,1e-05,4.45219326,0.48987546
62720,0.31650476,0.31650476,1e-05,4.74931479,0.48991515
62725,0.34084642,0.34084642,1e-05,5.11151409,0.48995483
62730,0.30910168,0.30910168,1e-05,4.86142015,0.48999452
62735,0.29205031,0.29205031,1e-05,4.12559223,0.49003421
62740,0.31402025,0.31402023,1e-05,5.95782709,0.4900739
62745,0.33143885,0.33143888,1e-05,4.18354511,0.49011359
62750,0.30701404,0.30701404,1e-05,4.7126832,0.49015328
62755,0.38801644,0.38801641,1e-05,14.87728405,0.49019297
62760,0.32864106,0.32864103,1e-05,3.26592994,0.49023265
62765,0.36192174,0.36192172,1e-05,7.09171247,0.49027234
62770,0.35314918,0.35314918,1e-05,5.04601383,0.49031203
62775,0.31570098,0.31570098,1e-05,3.82138824,0.49035172
62780,0.39299588,0.39299588,1e-05,4.91156626,0.49039141
62785,0.35602181,0.35602179,1e-05,5.65300894,0.4904311
62790,0.38146987,0.38146987,1e-05,3.52894497,0.49047079
62795,0.30800486,0.30800486,1e-05,3.63364649,0.49051047
62800,0.31413605,0.31413608,1e-05,4.83502293,0.49055016
62805,0.33396978,0.33396978,1e-05,6.62633991,0.49058985
62810,0.27918591,0.27918591,1e-05,3.26216054,0.49062954
62815,0.38302455,0.38302455,1e-05,5.50640821,0.49066923
62820,0.37691691,0.37691689,1e-05,12.30512905,0.49070892
62825,0.3544889,0.3544889,1e-05,4.17875671,0.4907486
62830,0.29984574,0.29984574,1e-05,4.23158932,0.49078829
62835,0.32387323,0.32387323,1e-05,7.44003105,0.49082798
62840,0.4191268,0.41912684,1e-05,9.10578632,0.49086767
62845,0.36461058,0.3646106,1e-05,6.26917458,0.49090736
62850,0.30359552,0.30359554,1e-05,3.5988884,0.49094705
62855,0.32104719,0.32104721,1e-05,5.52851009,0.49098674
62860,0.33687143,0.33687143,1e-05,3.8805449,0.49102642
62865,0.34272413,0.34272413,1e-05,4.03092766,0.49106611
62870,0.38860826,0.38860826,1e-05,3.9754591,0.4911058
62875,0.30793409,0.30793412,1e-05,4.65278387,0.49114549
62880,0.35579443,0.35579438,1e-05,3.82183313,0.49118518
62885,0.34148026,0.34148021,1e-05,3.65666676,0.49122487
62890,0.35605307,0.35605307,1e-05,6.50461864,0.49126456
62895,0.2719686,0.2719686,1e-05,4.41484356,0.49130424
62900,0.31194363,0.31194363,1e-05,3.59923911,0.49134393
62905,0.35378938,0.35378938,1e-05,6.23125982,0.49138362
62910,0.39734426,0.39734426,1e-05,3.84690857,0.49142331
62915,0.35283842,0.35283842,1e-05,6.2854538,0.491463
62920,0.30470839,0.30470839,1e-05,5.26902103,0.49150269
62925,0.3337429,0.3337429,1e-05,2.77070904,0.49154238
62930,0.3344101,0.3344101,1e-05,6.19987154,0.49158206
62935,0.36444941,0.36444941,1e-05,5.70363855,0.49162175
62940,0.35554142,0.35554142,1e-05,3.89653397,0.49166144
62945,0.29731305,0.29731302,1e-05,5.79374456,0.49170113
62950,0.34208167,0.34208167,1e-05,4.6052475,0.49174082
62955,0.31980236,0.31980236,1e-05,3.75207448,0.49178051
62960,0.30151031,0.30151033,1e-05,5.91619205,0.4918202
62965,0.35377717,0.35377717,1e-05,10.37088966,0.49185988
62970,0.33840911,0.33840914,1e-05,4.61320591,0.49189957
62975,0.32118695,0.32118697,1e-05,4.70396662,0.49193926
62980,0.37511835,0.3751184,1e-05,5.49165297,0.49197895
62985,0.32308784,0.32308784,1e-05,3.06245232,0.49201864
62990,0.2987134,0.2987134,1e-05,3.98514032,0.49205833
62995,0.37449069,0.36659312,1e-05,6.00378561,0.49209801
63000,0.34298067,0.34298067,1e-05,4.97368097,0.4921377
63005,0.30351219,0.30351219,1e-05,5.37171412,0.49217739
63010,0.31241241,0.31241241,1e-05,33.24874878,0.49221708
63015,0.33021722,0.33021722,1e-05,4.6279788,0.49225677
63020,0.35002019,0.35002017,1e-05,3.92810893,0.49229646
63025,0.331706,0.331706,1e-05,5.34862661,0.49233615
63030,0.34619246,0.34619246,1e-05,4.15467072,0.49237583
63035,0.34555809,0.34555807,1e-05,4.08815384,0.49241552
63040,0.35559173,0.35559177,1e-05,3.5393455,0.49245521
63045,0.31419563,0.31419561,1e-05,4.99101353,0.4924949
63050,0.32875242,0.32875242,1e-05,5.95087481,0.49253459
63055,0.34828424,0.34828422,1e-05,3.42813325,0.49257428
63060,0.40755329,0.40755339,1e-05,4.25439405,0.49261397
63065,0.28038821,0.28038824,1e-05,3.19604468,0.49265365
63070,0.35631282,0.35631285,1e-05,3.93486524,0.49269334
63075,0.3364161,0.33641608,1e-05,4.92470741,0.49273303
63080,0.32159667,0.32159665,1e-05,5.1804204,0.49277272
63085,0.31859355,0.31859355,1e-05,6.09903765,0.49281241
63090,0.30476294,0.30476294,1e-05,3.14861751,0.4928521
63095,0.27406025,0.2740603,1e-05,3.72872281,0.49289179
63100,0.32247348,0.3224735,1e-05,4.0914588,0.49293147
63105,0.29641876,0.29641874,1e-05,5.29896879,0.49297116
63110,0.31199837,0.31199834,1e-05,4.95427895,0.49301085
63115,0.32118015,0.32118018,1e-05,5.29346037,0.49305054
63120,0.34751921,0.34751921,1e-05,5.55762577,0.49309023
63125,0.34588258,0.34588256,1e-05,5.50904846,0.49312992
63130,0.36318536,0.36318531,1e-05,3.40779948,0.4931696
63135,0.41401653,0.41401653,1e-05,4.0678072,0.49320929
63140,0.33355923,0.33355925,1e-05,4.68393612,0.49324898
63145,0.3607125,0.3607125,1e-05,4.40984011,0.49328867
63150,0.32867355,0.32867353,1e-05,5.26105881,0.49332836
63155,0.32060742,0.32060742,1e-05,4.37118483,0.49336805
63160,0.34492285,0.34492285,1e-05,4.88215113,0.49340774
63165,0.34346926,0.34346924,1e-05,3.04076576,0.49344742
63170,0.30326266,0.30326266,1e-05,8.7227211,0.49348711
63175,0.41996708,0.41996703,1e-05,6.40806723,0.4935268
63180,0.296033,0.296033,1e-05,4.74007654,0.49356649
63185,0.32633252,0.32633252,1e-05,5.06449413,0.49360618
63190,0.2853466,0.2853466,1e-05,4.48291445,0.49364587
63195,0.29823089,0.29823089,1e-05,5.70841026,0.49368556
63200,0.33947327,0.33947327,1e-05,5.2066884,0.49372524
63205,0.4010478,0.4010478,1e-05,4.01612234,0.49376493
63210,0.31432767,0.31432767,1e-05,5.49845982,0.49380462
63215,0.30165668,0.30165668,1e-05,3.95748496,0.49384431
63220,0.3734827,0.3734827,1e-05,4.80564499,0.493884
63225,0.36300387,0.36300387,1e-05,5.80563164,0.49392369
63230,0.39621983,0.39621985,1e-05,6.39134884,0.49396338
63235,0.32215106,0.32215106,1e-05,4.16085148,0.49400306
63240,0.34469707,0.34469709,1e-05,7.00786686,0.49404275
63245,0.33963408,0.33963408,1e-05,4.80230522,0.49408244
63250,0.31956968,0.31956968,1e-05,4.4326458,0.49412213
63255,0.33245344,0.33245344,1e-05,4.59500885,0.49416182
63260,0.35140021,0.35140021,1e-05,5.33163929,0.49420151
63265,0.29764867,0.29764867,1e-05,4.07099342,0.4942412
63270,0.37155206,0.37155206,1e-05,3.10354948,0.49428088
63275,0.30605383,0.30605383,1e-05,3.26725817,0.49432057
63280,0.32670207,0.32670207,1e-05,6.53643942,0.49436026
63285,0.3236057,0.32360573,1e-05,4.88309908,0.49439995
63290,0.33949499,0.33949499,1e-05,4.54611969,0.49443964
63295,0.33974972,0.33974972,1e-05,4.09952211,0.49447933
63300,0.32829466,0.32829463,1e-05,4.12532854,0.49451901
63305,0.31084509,0.31084509,1e-05,2.89162588,0.4945587
63310,0.38446193,0.3647995,1e-05,3.48712444,0.49459839
63315,0.33460004,0.33460007,1e-05,3.79342175,0.49463808
63320,0.33163011,0.33163013,1e-05,4.06644201,0.49467777
63325,0.31231315,0.31231318,1e-05,4.98695183,0.49471746
63330,0.3136482,0.31364822,1e-05,4.41566467,0.49475715
63335,0.38477545,0.38477545,1e-05,5.68740416,0.49479683
63340,0.3266748,0.3266748,1e-05,3.27861857,0.49483652
63345,0.33722034,0.33722034,1e-05,4.71357632,0.49487621
63350,0.34361405,0.34361405,1e-05,7.48026943,0.4949159
63355,0.36802649,0.36802649,1e-05,3.50824833,0.49495559
63360,0.32598886,0.32598886,1e-05,3.34512353,0.49499528
63365,0.33787909,0.33787909,1e-05,4.98851395,0.49503497
63370,0.32888079,0.32888079,1e-05,4.73516703,0.49507465
63375,0.37923884,0.37923884,1e-05,5.67783403,0.49511434
63380,0.35848339,0.35848336,1e-05,6.54215145,0.49515403
63385,0.38464828,0.38464828,1e-05,6.18580055,0.49519372
63390,0.31818671,0.31818674,1e-05,3.913764,0.49523341
63395,0.28798633,0.28798633,1e-05,4.25237465,0.4952731
63400,0.37086065,0.37086065,1e-05,4.8619976,0.49531279
63405,0.3313242,0.3313242,1e-05,4.54149914,0.49535247
63410,0.28039751,0.28039751,1e-05,4.82639265,0.49539216
63415,0.31957624,0.31957626,1e-05,4.13649416,0.49543185
63420,0.37770958,0.37770958,1e-05,4.75822878,0.49547154
63425,0.3539017,0.35390172,1e-05,6.46923399,0.49551123
63430,0.40927038,0.40927043,1e-05,5.54224586,0.49555092
63435,0.36712003,0.36712003,1e-05,5.34118319,0.4955906
63440,0.32640462,0.32640462,1e-05,4.64557457,0.49563029
63445,0.34821005,0.34821005,1e-05,3.64589095,0.49566998
63450,0.33699546,0.33699543,1e-05,4.45956278,0.49570967
63455,0.30791862,0.30791864,1e-05,9.12864685,0.49574936
63460,0.37649891,0.37649889,1e-05,5.64064074,0.49578905
63465,0.38294716,0.38294716,1e-05,4.46724319,0.49582874
63470,0.31148734,0.31148734,1e-05,4.9090147,0.49586842
63475,0.31774139,0.31774142,1e-05,3.13817525,0.49590811
63480,0.37415099,0.37415099,1e-05,3.64056277,0.4959478
63485,0.30312252,0.30312252,1e-05,5.56960726,0.49598749
63490,0.39659801,0.39659801,1e-05,5.48238087,0.49602718
63495,0.28274119,0.28274117,1e-05,3.85407043,0.49606687
63500,0.31932378,0.31932378,1e-05,4.2474246,0.49610656
63505,0.30385885,0.30385885,1e-05,4.43958759,0.49614624
63510,0.35173941,0.35173941,1e-05,3.83145523,0.49618593
63515,0.25889864,0.25889864,1e-05,4.61079454,0.49622562
63520,0.30741572,0.30741572,1e-05,5.20618582,0.49626531
63525,0.38649538,0.38649538,1e-05,4.33999872,0.496305
63530,0.35491946,0.35491948,1e-05,8.4864912,0.49634469
63535,0.29576607,0.29576607,1e-05,5.87610292,0.49638438
63540,0.38610208,0.38610203,1e-05,5.09987307,0.49642406
63545,0.39352088,0.39352083,1e-05,3.91430807,0.49646375
63550,0.37797642,0.37797639,1e-05,11.5832386,0.49650344
63555,0.3332974,0.3332974,1e-05,6.1582222,0.49654313
63560,0.4111495,0.4111495,1e-05,4.66042471,0.49658282
63565,0.28448815,0.28448818,1e-05,3.2902925,0.49662251
63570,0.34767327,0.3476733,1e-05,3.0245204,0.4966622
63575,0.30026915,0.30026915,1e-05,5.10053539,0.49670188
63580,0.38968642,0.38968639,1e-05,5.08166838,0.49674157
63585,0.34331236,0.34331236,1e-05,3.54641414,0.49678126
63590,0.29874375,0.29874377,1e-05,6.98343229,0.49682095
63595,0.28754811,0.28754811,1e-05,3.45695782,0.49686064
63600,0.31245546,0.31245544,1e-05,5.29062128,0.49690033
63605,0.32677684,0.32677679,1e-05,6.0699172,0.49694001
63610,0.31636565,0.31636565,1e-05,4.55983734,0.4969797
63615,0.35304708,0.35304713,1e-05,5.31522274,0.49701939
63620,0.38834116,0.38498997,1e-05,3.30618238,0.49705908
63625,0.37705812,0.37705812,1e-05,8.36912632,0.49709877
63630,0.29814324,0.29814324,1e-05,3.13150907,0.49713846
63635,0.28752022,0.28752022,1e-05,5.47215557,0.49717815
63640,0.35317547,0.35317547,1e-05,3.49714899,0.49721783
63645,0.31841431,0.31841431,1e-05,4.04546165,0.49725752
63650,0.32530086,0.32530086,1e-05,5.56176949,0.49729721
63655,0.34581518,0.34581518,1e-05,5.96165991,0.4973369
63660,0.35497303,0.35497303,1e-05,4.342875,0.49737659
63665,0.33058836,0.33058834,1e-05,3.36728215,0.49741628
63670,0.31460595,0.31460595,1e-05,6.03838968,0.49745597
63675,0.37713323,0.37713323,1e-05,5.54675722,0.49749565
63680,0.36739929,0.36739929,1e-05,4.67589378,0.49753534
63685,0.31981835,0.31981838,1e-05,8.11873913,0.49757503
63690,0.34079075,0.34079075,1e-05,4.3248086,0.49761472
63695,0.38949385,0.38949385,1e-05,5.2733531,0.49765441
63700,0.33839054,0.33839054,1e-05,5.76570129,0.4976941
63705,0.32478905,0.32478907,1e-05,4.12317514,0.49773379
63710,0.32084517,0.32084517,1e-05,3.7741375,0.49777347
63715,0.32443044,0.32443047,1e-05,4.44683695,0.49781316
63720,0.35926924,0.35926929,1e-05,4.41449976,0.49785285
63725,0.33581338,0.33581338,1e-05,4.12986994,0.49789254
63730,0.32080622,0.32080622,1e-05,8.48146915,0.49793223
63735,0.38868561,0.38868561,1e-05,4.30503035,0.49797192
63740,0.38891699,0.38891699,1e-05,4.77743769,0.4980116
63745,0.30132272,0.3013227,1e-05,3.2368319,0.49805129
63750,0.31004112,0.31004109,1e-05,4.54855347,0.49809098
63755,0.36578119,0.36578116,1e-05,5.47297955,0.49813067
63760,0.32901621,0.32901621,1e-05,6.51727629,0.49817036
63765,0.30515387,0.30515385,1e-05,3.44302201,0.49821005
63770,0.36805558,0.36805558,1e-05,2.97885633,0.49824974
63775,0.30109525,0.30109522,1e-05,5.17487621,0.49828942
63780,0.27439544,0.27439547,1e-05,2.77374029,0.49832911
63785,0.30462899,0.30462899,1e-05,9.57195187,0.4983688
63790,0.36563201,0.36563201,1e-05,6.20430374,0.49840849
63795,0.33750148,0.33750148,1e-05,5.0003047,0.49844818
63800,0.32906792,0.3290679,1e-05,4.38911295,0.49848787
63805,0.33381159,0.33381159,1e-05,4.77215147,0.49852756
63810,0.34524343,0.34524343,1e-05,6.17916822,0.49856724
63815,0.34679365,0.34679365,1e-05,5.07224894,0.49860693
63820,0.32208796,0.32208796,1e-05,3.5356307,0.49864662
63825,0.3919065,0.39190652,1e-05,4.49380589,0.49868631
63830,0.36312432,0.36312432,1e-05,5.32918978,0.498726
63835,0.36099505,0.36099505,1e-05,5.19521236,0.49876569
63840,0.35917268,0.3591727,1e-05,7.50477695,0.49880538
63845,0.2884321,0.2884321,1e-05,9.75668526,0.49884506
63850,0.34279819,0.34279819,1e-05,4.77678871,0.49888475
63855,0.3136374,0.31363735,1e-05,3.40050936,0.49892444
63860,0.36277072,0.36277075,1e-05,4.59761381,0.49896413
63865,0.34554386,0.34554386,1e-05,3.57008743,0.49900382
63870,0.29835715,0.29835715,1e-05,3.8450501,0.49904351
63875,0.33721039,0.33721039,1e-05,5.57272625,0.4990832
63880,0.32008891,0.32008891,1e-05,5.42400694,0.49912288
63885,0.30313272,0.3031327,1e-05,4.11598778,0.49916257
63890,0.30180147,0.30180149,1e-05,3.28563905,0.49920226
63895,0.3111773,0.3111773,1e-05,3.68471122,0.49924195
63900,0.3102952,0.31029518,1e-05,4.18783283,0.49928164
63905,0.30368478,0.30368481,1e-05,5.77300739,0.49932133
63910,0.33777883,0.33777883,1e-05,4.26433325,0.49936101
63915,0.30049088,0.30049086,1e-05,3.71216488,0.4994007
63920,0.32474656,0.32474656,1e-05,3.09595609,0.49944039
63925,0.35773308,0.35773311,1e-05,4.03902483,0.49948008
63930,0.34701939,0.34701939,1e-05,4.97939253,0.49951977
63935,0.37693338,0.3732659,1e-05,4.2244606,0.49955946
63940,0.32058201,0.32058201,1e-05,4.6011734,0.49959915
63945,0.28267775,0.28267775,1e-05,3.36766291,0.49963883
63950,0.48764257,0.48764262,1e-05,4.60930252,0.49967852
63955,0.27152154,0.27152152,1e-05,3.74328732,0.49971821
63960,0.36707599,0.36707602,1e-05,5.67756081,0.4997579
63965,0.33925779,0.33925779,1e-05,3.81804323,0.49979759
63970,0.39065943,0.39065948,1e-05,4.72038031,0.49983728
63975,0.33506904,0.33506901,1e-05,4.47656679,0.49987697
63980,0.32424858,0.32424858,1e-05,3.74608374,0.49991665
63985,0.39267564,0.39267569,1e-05,5.16912746,0.49995634
63990,0.38912334,0.38912337,1e-05,5.91220856,0.49999603
63995,0.33431244,0.33431244,1e-05,5.861063,0.50003572
64000,0.30313063,0.30313063,1e-05,4.99742889,0.50007541
64005,0.35609803,0.35609808,1e-05,5.20814323,0.5001151
64010,0.34872732,0.34872735,1e-05,4.6128335,0.50015479
64015,0.34608412,0.34608412,1e-05,4.39551592,0.50019447
64020,0.30588448,0.3058845,1e-05,4.41043663,0.50023416
64025,0.33519723,0.33519723,1e-05,4.36670351,0.50027385
64030,0.41709299,0.41709299,1e-05,5.07866859,0.50031354
64035,0.33276505,0.33276505,1e-05,4.12857246,0.50035323
64040,0.33562987,0.33562989,1e-05,4.76806879,0.50039292
64045,0.32014523,0.32014523,1e-05,6.31573772,0.5004326
64050,0.3570982,0.3570982,1e-05,4.55167913,0.50047229
64055,0.38727698,0.38727698,1e-05,5.03339052,0.50051198
64060,0.38273821,0.38273821,1e-05,6.57440042,0.50055167
64065,0.30570054,0.30570054,1e-05,4.73444843,0.50059136
64070,0.30693059,0.30693057,1e-05,3.93777013,0.50063105
64075,0.35491385,0.35491385,1e-05,3.32845402,0.50067074
64080,0.33915224,0.33915224,1e-05,3.693959,0.50071042
64085,0.36067615,0.36067615,1e-05,6.75050163,0.50075011
64090,0.33900099,0.33900099,1e-05,3.70882821,0.5007898
64095,0.32938819,0.32938821,1e-05,3.02890801,0.50082949
64100,0.31327505,0.3132751,1e-05,3.44121861,0.50086918
64105,0.37319365,0.37319365,1e-05,4.04623175,0.50090887
64110,0.32586827,0.32586827,1e-05,3.81141949,0.50094856
64115,0.3283421,0.32834215,1e-05,5.1284771,0.50098824
64120,0.36920176,0.36920176,1e-05,9.30897236,0.50102793
64125,0.35721235,0.35721231,1e-05,6.45173264,0.50106762
64130,0.3554183,0.35541828,1e-05,5.18202829,0.50110731
64135,0.34136443,0.34136443,1e-05,5.37557507,0.501147
64140,0.34074214,0.34074216,1e-05,3.55312753,0.50118669
64145,0.34122717,0.34122715,1e-05,5.06197166,0.50122638
64150,0.35018997,0.35018997,1e-05,5.23907757,0.50126606
64155,0.33997648,0.33997655,1e-05,9.6875515,0.50130575
64160,0.33950396,0.33950396,1e-05,4.63798285,0.50134544
64165,0.29785712,0.29785714,1e-05,3.67652464,0.50138513
64170,0.3432663,0.34326632,1e-05,4.03515482,0.50142482
64175,0.3414012,0.3414012,1e-05,4.65725899,0.50146451
64180,0.34133434,0.34133434,1e-05,4.46796942,0.5015042
64185,0.30018585,0.30018585,1e-05,4.89000988,0.50154388
64190,0.33668637,0.33668637,1e-05,12.93369484,0.50158357
64195,0.34752994,0.34752994,1e-05,3.37151265,0.50162326
64200,0.32063959,0.32063959,1e-05,3.98822045,0.50166295
64205,0.31461399,0.31461401,1e-05,5.31651545,0.50170264
64210,0.3737793,0.3737793,1e-05,4.44096088,0.50174233
64215,0.36220627,0.36220622,1e-05,9.75355625,0.50178201
64220,0.31486616,0.31486616,1e-05,5.53421926,0.5018217
64225,0.32130189,0.32130189,1e-05,8.35639668,0.50186139
64230,0.36355572,0.36355572,1e-05,6.13330841,0.50190108
64235,0.28967848,0.28967848,1e-05,2.65331984,0.50194077
64240,0.36907148,0.36907153,1e-05,4.68948317,0.50198046
64245,0.35921841,0.34988525,1e-05,5.29970407,0.50202015
64250,0.39219661,0.39028979,1e-05,4.72352982,0.50205983
64255,0.35434718,0.35434718,1e-05,5.40876198,0.50209952
64260,0.34909735,0.34909737,1e-05,5.00150108,0.50213921
64265,0.32375381,0.32375379,1e-05,6.07249069,0.5021789
64270,0.35574069,0.35574069,1e-05,4.70856047,0.50221859
64275,0.32526271,0.32526271,1e-05,4.43856812,0.50225828
64280,0.35706015,0.35706015,1e-05,8.79005527,0.50229797
64285,0.34968832,0.34968829,1e-05,6.90932798,0.50233765
64290,0.34228907,0.34228907,1e-05,4.42272234,0.50237734
64295,0.33277168,0.33277168,1e-05,5.89267826,0.50241703
64300,0.34584293,0.34584293,1e-05,11.44673729,0.50245672
64305,0.33952813,0.33952813,1e-05,5.84997082,0.50249641
64310,0.34611225,0.34611228,1e-05,4.5296998,0.5025361
64315,0.38111567,0.3811157,1e-05,6.14320517,0.50257579
64320,0.31179957,0.31179957,1e-05,4.61165571,0.50261547
64325,0.28054619,0.28054621,1e-05,4.26657104,0.50265516
64330,0.35285301,0.35285304,1e-05,5.69049931,0.50269485
64335,0.32769341,0.32769337,1e-05,5.13418436,0.50273454
64340,0.36615334,0.36615334,1e-05,4.63706779,0.50277423
64345,0.31059358,0.31059356,1e-05,4.45858955,0.50281392
64350,0.33657117,0.33657119,1e-05,6.17490768,0.5028536
64355,0.33743382,0.33743382,1e-05,4.6815629,0.50289329
64360,0.3316607,0.33166072,1e-05,4.61113787,0.50293298
64365,0.38463218,0.38463221,1e-05,6.0182662,0.50297267
64370,0.33651237,0.33651237,1e-05,4.97018909,0.50301236
64375,0.35260372,0.35260372,1e-05,4.78035116,0.50305205
64380,0.31415124,0.31415119,1e-05,3.71937943,0.50309174
64385,0.29691942,0.29691939,1e-05,4.34819412,0.50313142
64390,0.3690537,0.36905365,1e-05,3.51033282,0.50317111
64395,0.35882559,0.35882554,1e-05,4.183002,0.5032108
64400,0.2997925,0.2997925,1e-05,3.61725664,0.50325049
64405,0.33789651,0.33789654,1e-05,3.42070389,0.50329018
64410,0.32732408,0.3273241,1e-05,2.94715333,0.50332987
64415,0.33531995,0.33531995,1e-05,9.45890808,0.50336956
64420,0.33340163,0.33340163,1e-05,5.18759584,0.50340924
64425,0.32196612,0.32196612,1e-05,3.56853366,0.50344893
64430,0.32732098,0.32732098,1e-05,4.2216301,0.50348862
64435,0.30755134,0.30755134,1e-05,4.41239214,0.50352831
64440,0.3439146,0.34391465,1e-05,5.78688717,0.503568
64445,0.31510482,0.31510479,1e-05,5.57885408,0.50360769
64450,0.35463598,0.35463598,1e-05,5.36137724,0.50364738
64455,0.34762859,0.34762859,1e-05,3.71710563,0.50368706
64460,0.3411082,0.34110818,1e-05,3.36139226,0.50372675
64465,0.27516069,0.27516069,1e-05,6.99486732,0.50376644
64470,0.3030426,0.30304263,1e-05,5.13110733,0.50380613
64475,0.33348932,0.33348932,1e-05,5.42900658,0.50384582
64480,0.35100737,0.35100737,1e-05,7.22616482,0.50388551
64485,0.34140666,0.34140663,1e-05,4.47736216,0.5039252
64490,0.3161119,0.3161119,1e-05,3.79980993,0.50396488
64495,0.39544516,0.39544518,1e-05,7.63943672,0.50400457
64500,0.30661974,0.30661974,1e-05,3.10285974,0.50404426
64505,0.32054067,0.32054067,1e-05,4.22461414,0.50408395
64510,0.4449605,0.4449605,1e-05,4.63606977,0.50412364
64515,0.36652541,0.36652541,1e-05,3.95035028,0.50416333
64520,0.35204606,0.35204606,1e-05,3.59221292,0.50420301
64525,0.36535239,0.36535239,1e-05,3.57229209,0.5042427
64530,0.29907384,0.29907384,1e-05,3.81351757,0.50428239
64535,0.29685211,0.29685211,1e-05,2.76246071,0.50432208
64540,0.34564481,0.34564481,1e-05,3.86311722,0.50436177
64545,0.37705131,0.37705128,1e-05,3.94796777,0.50440146
64550,0.34477646,0.34477646,1e-05,5.04170179,0.50444115
64555,0.33283095,0.33283098,1e-05,5.39808226,0.50448083
64560,0.42410665,0.41802616,1e-05,5.21281767,0.50452052
64565,0.31387286,0.31387286,1e-05,4.61748838,0.50456021
64570,0.3303628,0.33036275,1e-05,4.89817333,0.5045999
64575,0.35677896,0.35677896,1e-05,6.23351288,0.50463959
64580,0.35120416,0.35120416,1e-05,3.95717216,0.50467928
64585,0.33385127,0.33385124,1e-05,5.15931559,0.50471897
64590,0.33806443,0.33806441,1e-05,5.46122789,0.50475865
64595,0.38335197,0.38335199,1e-05,7.19267416,0.50479834
64600,0.33069561,0.33069558,1e-05,5.98115063,0.50483803
64605,0.34136982,0.34136982,1e-05,4.19861937,0.50487772
64610,0.34998622,0.34998622,1e-05,5.62019253,0.50491741
64615,0.32203097,0.32203097,1e-05,3.90154314,0.5049571
64620,0.35168571,0.35168571,1e-05,4.76046562,0.50499679
64625,0.36763513,0.36763515,1e-05,5.17059469,0.50503647
64630,0.37444949,0.37444949,1e-05,3.66758657,0.50507616
64635,0.32524295,0.32524295,1e-05,6.5624795,0.50511585
64640,0.35302613,0.35302613,1e-05,5.94618464,0.50515554
64645,0.36488004,0.36488008,1e-05,5.15744686,0.50519523
64650,0.34729209,0.34729209,1e-05,4.34472466,0.50523492
64655,0.30281425,0.30281427,1e-05,7.03157091,0.5052746
64660,0.3250947,0.32509475,1e-05,4.96522951,0.50531429
64665,0.30673904,0.30673904,1e-05,4.51457453,0.50535398
64670,0.33866119,0.33866119,1e-05,5.27352953,0.50539367
64675,0.37199697,0.37199702,1e-05,4.92434931,0.50543336
64680,0.32717006,0.32717009,1e-05,3.91831398,0.50547305
64685,0.36818657,0.36818657,1e-05,5.30941248,0.50551274
64690,0.41441002,0.41440997,1e-05,4.78322268,0.50555242
64695,0.32447376,0.32447376,1e-05,4.15708494,0.50559211
64700,0.29220476,0.29220476,1e-05,6.07717896,0.5056318
64705,0.32923784,0.32923784,1e-05,4.29242563,0.50567149
64710,0.38145795,0.3814579,1e-05,3.46026039,0.50571118
64715,0.32416377,0.32416377,1e-05,4.78363132,0.50575087
64720,0.35582914,0.35582914,1e-05,5.53126192,0.50579056
64725,0.3270956,0.3270956,1e-05,11.9445076,0.50583024
64730,0.36335251,0.36335251,1e-05,6.56549072,0.50586993
64735,0.32584434,0.32584436,1e-05,3.2051928,0.50590962
64740,0.35656815,0.35656815,1e-05,6.73232174,0.50594931
64745,0.29925828,0.29925828,1e-05,4.93773746,0.505989
64750,0.31526513,0.31526513,1e-05,4.31549454,0.50602869
64755,0.32832699,0.32832694,1e-05,4.40777445,0.50606838
64760,0.35399148,0.35399151,1e-05,7.24335051,0.50610806
64765,0.32318354,0.32318354,1e-05,4.55806398,0.50614775
64770,0.33669126,0.33669126,1e-05,4.76594162,0.50618744
64775,0.34224095,0.34224091,1e-05,4.14301634,0.50622713
64780,0.31821439,0.31821439,1e-05,4.68556976,0.50626682
64785,0.37863376,0.37863376,1e-05,5.54550505,0.50630651
64790,0.31372573,0.31372571,1e-05,4.79460287,0.5063462
64795,0.29754815,0.29754815,1e-05,3.59380317,0.50638588
64800,0.33138843,0.3313884,1e-05,6.18071651,0.50642557
64805,0.34012814,0.34012814,1e-05,3.52107167,0.50646526
64810,0.40417042,0.40417042,1e-05,3.69506383,0.50650495
64815,0.37238357,0.37238359,1e-05,5.78289461,0.50654464
64820,0.30275478,0.30275478,1e-05,5.4000864,0.50658433
64825,0.28418708,0.28418705,1e-05,3.48228335,0.50662401
64830,0.31394467,0.31394467,1e-05,4.00515509,0.5066637
64835,0.33585405,0.33585405,1e-05,4.47903061,0.50670339
64840,0.34117727,0.34117727,1e-05,6.40983343,0.50674308
64845,0.35344968,0.35344968,1e-05,4.00642395,0.50678277
64850,0.33561797,0.33561797,1e-05,4.296731,0.50682246
64855,0.28048973,0.28048973,1e-05,4.77791882,0.50686215
64860,0.39253449,0.39253449,1e-05,5.981493,0.50690183
64865,0.31253724,0.31253726,1e-05,3.94555736,0.50694152
64870,0.3484601,0.3484601,1e-05,3.86349225,0.50698121
64875,0.39170265,0.37872304,1e-05,4.11909199,0.5070209
64880,0.34328218,0.3432822,1e-05,5.05561733,0.50706059
64885,0.34293532,0.3429353,1e-05,3.79596114,0.50710028
64890,0.33794706,0.33794703,1e-05,4.96098614,0.50713997
64895,0.29569769,0.29569771,1e-05,5.61922312,0.50717965
64900,0.30649729,0.30649731,1e-05,5.04520559,0.50721934
64905,0.31599224,0.31599221,1e-05,5.44710541,0.50725903
64910,0.36782293,0.36782289,1e-05,5.44954109,0.50729872
64915,0.37596934,0.37596931,1e-05,4.70622396,0.50733841
64920,0.43271794,0.43271794,1e-05,7.05672455,0.5073781
64925,0.33306856,0.33306856,1e-05,4.33015108,0.50741779
64930,0.3990705,0.39907048,1e-05,3.9006021,0.50745747
64935,0.43808351,0.43808351,1e-05,6.33317661,0.50749716
64940,0.35002308,0.3500231,1e-05,6.43387365,0.50753685
64945,0.3242394,0.32423937,1e-05,4.26779938,0.50757654
64950,0.31227582,0.31227584,1e-05,4.37183571,0.50761623
64955,0.31168923,0.31168923,1e-05,5.13285303,0.50765592
64960,0.37306333,0.37306337,1e-05,4.92880583,0.5076956
64965,0.29837713,0.29837713,1e-05,3.31746459,0.50773529
64970,0.35414333,0.35414333,1e-05,19.76274109,0.50777498
64975,0.36244078,0.36244078,1e-05,5.59144926,0.50781467
64980,0.34044614,0.34044614,1e-05,5.0362978,0.50785436
64985,0.32824178,0.32824175,1e-05,4.37027931,0.50789405
64990,0.29108958,0.29108956,1e-05,4.47375727,0.50793374
64995,0.33033655,0.33033652,1e-05,4.73614311,0.50797342
65000,0.32739351,0.32739351,1e-05,3.96794462,0.50801311
65005,0.36155701,0.36155696,1e-05,4.76542091,0.5080528
65010,0.33325932,0.33325934,1e-05,4.2299304,0.50809249
65015,0.3695313,0.36953132,1e-05,5.32429504,0.50813218
65020,0.36836162,0.36836157,1e-05,4.52046585,0.50817187
65025,0.37703047,0.37703047,1e-05,5.16754055,0.50821156
65030,0.41361165,0.4136116,1e-05,6.99930954,0.50825124
65035,0.34471068,0.34471071,1e-05,3.74458742,0.50829093
65040,0.27268915,0.27268918,1e-05,2.6826427,0.50833062
65045,0.36044273,0.36044273,1e-05,4.84856272,0.50837031
65050,0.32184825,0.32184823,1e-05,4.86155415,0.50841
65055,0.33185809,0.33185811,1e-05,5.19207907,0.50844969
65060,0.4228107,0.4228107,1e-05,5.42043781,0.50848938
65065,0.38147106,0.38147106,1e-05,4.48923063,0.50852906
65070,0.30289614,0.30289612,1e-05,3.98941565,0.50856875
65075,0.35442562,0.35442557,1e-05,6.39753342,0.50860844
65080,0.318009,0.318009,1e-05,4.88618708,0.50864813
65085,0.35772355,0.35772352,1e-05,5.84288168,0.50868782
65090,0.36675627,0.36675625,1e-05,4.32136726,0.50872751
65095,0.33955598,0.33955598,1e-05,5.11948442,0.5087672
65100,0.34141784,0.34141784,1e-05,6.49486685,0.50880688
65105,0.33760033,0.33760035,1e-05,2.97747397,0.50884657
65110,0.3685077,0.36850772,1e-05,3.34636307,0.50888626
65115,0.36324797,0.36324797,1e-05,6.48008871,0.50892595
65120,0.38755836,0.38755836,1e-05,6.17141676,0.50896564
65125,0.36829884,0.36829886,1e-05,5.81503105,0.50900533
65130,0.31618137,0.31618137,1e-05,4.24246645,0.50904501
65135,0.34307837,0.34307837,1e-05,6.50494814,0.5090847
65140,0.35689788,0.35689783,1e-05,6.66600323,0.50912439
65145,0.36675763,0.36675763,1e-05,4.92852402,0.50916408
65150,0.33099771,0.33099771,1e-05,4.61018658,0.50920377
65155,0.35236614,0.35236616,1e-05,9.23889923,0.50924346
65160,0.26473296,0.26473298,1e-05,3.81871533,0.50928315
65165,0.35709095,0.35709095,1e-05,6.54881144,0.50932283
65170,0.34785101,0.34785101,1e-05,4.34515285,0.50936252
65175,0.34087133,0.34087133,1e-05,4.69198561,0.50940221
65180,0.32160788,0.32160788,1e-05,4.00040388,0.5094419
65185,0.38660278,0.3878445,1e-05,4.07301092,0.50948159
65190,0.32827182,0.32827182,1e-05,4.62766075,0.50952128
65195,0.32904007,0.3290401,1e-05,3.62069893,0.50956097
65200,0.40756121,0.40756121,1e-05,4.6393075,0.50960065
65205,0.35700765,0.35700765,1e-05,7.2759757,0.50964034
65210,0.36913552,0.36913552,1e-05,6.3965044,0.50968003
65215,0.26201239,0.26201239,1e-05,3.08272743,0.50971972
65220,0.31516833,0.31516833,1e-05,3.8147409,0.50975941
65225,0.32110751,0.32110753,1e-05,6.52992535,0.5097991
65230,0.3196384,0.3196384,1e-05,4.87910557,0.50983879
65235,0.31546965,0.31546965,1e-05,3.76227927,0.50987847
65240,0.36703372,0.36703367,1e-05,3.39264584,0.50991816
65245,0.34618664,0.34618664,1e-05,7.66401863,0.50995785
65250,0.34344378,0.34344375,1e-05,4.94698,0.50999754
65255,0.37729602,0.37729602,1e-05,5.02778912,0.51003723
65260,0.31615257,0.31615257,1e-05,4.66017103,0.51007692
65265,0.38908572,0.38908575,1e-05,5.1224637,0.5101166
65270,0.29788332,0.29788332,1e-05,5.43066502,0.51015629
65275,0.31235931,0.31235931,1e-05,3.37615681,0.51019598
65280,0.29595776,0.29595778,1e-05,5.37686586,0.51023567
65285,0.33729305,0.33729305,1e-05,5.56003428,0.51027536
65290,0.41472511,0.41472511,1e-05,4.88943243,0.51031505
65295,0.36465569,0.36465569,1e-05,5.56653023,0.51035474
65300,0.35927792,0.35927789,1e-05,9.89992237,0.51039442
65305,0.34084029,0.34084029,1e-05,4.08647156,0.51043411
65310,0.32850518,0.32850518,1e-05,5.07870674,0.5104738
65315,0.32401199,0.32401199,1e-05,4.34119511,0.51051349
65320,0.33879228,0.33879228,1e-05,4.55813885,0.51055318
65325,0.32799156,0.32799153,1e-05,2.90089536,0.51059287
65330,0.36478558,0.36478555,1e-05,4.54560947,0.51063256
65335,0.35096767,0.35096765,1e-05,4.58941031,0.51067224
65340,0.33063312,0.33063309,1e-05,4.98278189,0.51071193
65345,0.37127771,0.37127771,1e-05,5.72007322,0.51075162
65350,0.29377079,0.29377079,1e-05,4.98580313,0.51079131
65355,0.37187319,0.37187319,1e-05,9.38182831,0.510831
65360,0.3726615,0.37266147,1e-05,3.97186065,0.51087069
65365,0.34844477,0.34844477,1e-05,5.08792877,0.51091038
65370,0.33512411,0.33512414,1e-05,3.9060905,0.51095006
65375,0.28581843,0.28581843,1e-05,4.40178251,0.51098975
65380,0.33442991,0.33442991,1e-05,4.71495676,0.51102944
65385,0.36916161,0.36916161,1e-05,4.52479172,0.51106913
65390,0.34221668,0.34221673,1e-05,5.02693367,0.51110882
65395,0.33588476,0.33588476,1e-05,3.12643313,0.51114851
65400,0.36593919,0.36593919,1e-05,4.21487093,0.5111882
65405,0.32380447,0.32380447,1e-05,4.46425533,0.51122788
65410,0.39293156,0.39293156,1e-05,5.49960899,0.51126757
65415,0.38012681,0.38012686,1e-05,3.9084959,0.51130726
65420,0.31789012,0.31789012,1e-05,3.4383235,0.51134695
65425,0.34953675,0.34953673,1e-05,6.74991512,0.51138664
65430,0.33722348,0.33722348,1e-05,3.98025346,0.51142633
65435,0.33365421,0.33365421,1e-05,5.10598803,0.51146601
65440,0.37010841,0.37010841,1e-05,5.76187325,0.5115057
65445,0.28628316,0.28628316,1e-05,8.86231518,0.51154539
65450,0.29375529,0.29375529,1e-05,3.68297505,0.51158508
65455,0.40863943,0.40863943,1e-05,5.46693802,0.51162477
65460,0.34518704,0.345187,1e-05,3.93028975,0.51166446
65465,0.31887236,0.3188724,1e-05,5.78806829,0.51170415
65470,0.32256429,0.32256429,1e-05,3.58355498,0.51174383
65475,0.39577036,0.39577034,1e-05,11.57142162,0.51178352
65480,0.35520489,0.35520489,1e-05,5.79255342,0.51182321
65485,0.38308401,0.38308406,1e-05,3.79484606,0.5118629
65490,0.31758678,0.31758678,1e-05,5.00491762,0.51190259
65495,0.31879258,0.31879256,1e-05,7.23360443,0.51194228
65500,0.45226746,0.44081263,1e-05,5.84176731,0.51198197
65505,0.32377496,0.32377498,1e-05,4.25473022,0.51202165
65510,0.33184032,0.33184032,1e-05,3.32586861,0.51206134
65515,0.35576897,0.35576897,1e-05,5.17866325,0.51210103
65520,0.30637765,0.30637765,1e-05,4.60301971,0.51214072
65525,0.32901583,0.32901583,1e-05,3.95592785,0.51218041
65530,0.3558157,0.35581567,1e-05,2.86045051,0.5122201
65535,0.32160273,0.32160273,1e-05,3.64425278,0.51225979
65540,0.33815069,0.33815069,1e-05,5.43205214,0.51229947
65545,0.34095316,0.34095316,1e-05,6.59265471,0.51233916
65550,0.28985243,0.28985243,1e-05,6.58027077,0.51237885
65555,0.33294311,0.33294311,1e-05,4.43598843,0.51241854
65560,0.44798832,0.44798827,1e-05,4.53513956,0.51245823
65565,0.33483138,0.33483138,1e-05,6.76202583,0.51249792
65570,0.33275611,0.33275614,1e-05,4.41866207,0.5125376
65575,0.35398681,0.35398684,1e-05,5.48667765,0.51257729
65580,0.34994891,0.34994893,1e-05,3.17241168,0.51261698
65585,0.29687676,0.29687676,1e-05,4.39260244,0.51265667
65590,0.41090431,0.41090431,1e-05,4.36570597,0.51269636
65595,0.31658993,0.31658993,1e-05,10.31242085,0.51273605
65600,0.35765679,0.35765681,1e-05,5.02418756,0.51277574
65605,0.31430364,0.31430364,1e-05,5.48660994,0.51281542
65610,0.38876352,0.38876352,1e-05,4.17871904,0.51285511
65615,0.37875199,0.37875199,1e-05,4.61121845,0.5128948
65620,0.40770979,0.40770979,1e-05,5.39712334,0.51293449
65625,0.3941093,0.39410934,1e-05,7.12584782,0.51297418
65630,0.37622859,0.37622857,1e-05,7.7834878,0.51301387
65635,0.30893245,0.30893242,1e-05,4.70266724,0.51305356
65640,0.37508998,0.37508998,1e-05,4.33161783,0.51309324
65645,0.3504108,0.35041082,1e-05,5.51348352,0.51313293
65650,0.28168416,0.28168414,1e-05,3.04334164,0.51317262
65655,0.37695956,0.37695954,1e-05,3.47250056,0.51321231
65660,0.31835499,0.31835499,1e-05,4.15970182,0.513252
65665,0.30495763,0.3049576,1e-05,6.01437426,0.51329169
65670,0.34013863,0.34013863,1e-05,4.12367392,0.51333138
65675,0.33979983,0.33979983,1e-05,5.43633366,0.51337106
65680,0.36749129,0.36749127,1e-05,4.66411686,0.51341075
65685,0.29141641,0.29141641,1e-05,3.88222694,0.51345044
65690,0.30802143,0.30802143,1e-05,4.91913319,0.51349013
65695,0.34115367,0.34115367,1e-05,2.80100179,0.51352982
65700,0.35793848,0.35793848,1e-05,4.68119812,0.51356951
65705,0.33903413,0.33903415,1e-05,6.17361212,0.5136092
65710,0.39576006,0.39576006,1e-05,7.64292955,0.51364888
65715,0.31956599,0.31956601,1e-05,4.16033983,0.51368857
65720,0.28053317,0.28053319,1e-05,3.27897429,0.51372826
65725,0.29479926,0.29479923,1e-05,4.89400148,0.51376795
65730,0.40295167,0.40295167,1e-05,3.7061193,0.51380764
65735,0.30398707,0.30398707,1e-05,8.00579929,0.51384733
65740,0.30030718,0.30030718,1e-05,4.81564045,0.51388701
65745,0.36099563,0.36099558,1e-05,4.66394377,0.5139267
65750,0.34655359,0.34655356,1e-05,8.17628765,0.51396639
65755,0.31937714,0.31937711,1e-05,5.08056355,0.51400608
65760,0.38821149,0.38821149,1e-05,7.83976173,0.51404577
65765,0.31753469,0.31753469,1e-05,5.516819,0.51408546
65770,0.35291307,0.35291309,1e-05,6.75991058,0.51412515
65775,0.34226532,0.34226532,1e-05,4.18129921,0.51416483
65780,0.32835271,0.32835274,1e-05,3.95795345,0.51420452
65785,0.3136776,0.31367764,1e-05,4.82907534,0.51424421
65790,0.31177297,0.31177297,1e-05,4.85092878,0.5142839
65795,0.34339855,0.34339857,1e-05,4.1268301,0.51432359
65800,0.31506069,0.31506071,1e-05,4.9689703,0.51436328
65805,0.3303091,0.3303091,1e-05,4.9952817,0.51440297
65810,0.39333248,0.38891247,1e-05,2.34458756,0.51444265
65815,0.38485522,0.35059438,1e-05,6.96104002,0.51448234
65820,0.34177723,0.34177723,1e-05,4.7107482,0.51452203
65825,0.22943873,0.22943876,1e-05,7.18949318,0.51456172
65830,0.33223112,0.33223114,1e-05,5.83255625,0.51460141
65835,0.34950368,0.34950368,1e-05,3.15065074,0.5146411
65840,0.32054377,0.32054377,1e-05,4.80669451,0.51468079
65845,0.35406246,0.35406246,1e-05,3.79278827,0.51472047
65850,0.31065831,0.31065826,1e-05,3.46922016,0.51476016
65855,0.34579706,0.34579709,1e-05,6.97214556,0.51479985
65860,0.35181363,0.35181365,1e-05,4.11218643,0.51483954
65865,0.39059517,0.3905952,1e-05,4.64581156,0.51487923
65870,0.3650826,0.3650826,1e-05,3.1804657,0.51491892
65875,0.30326314,0.30326314,1e-05,6.74306393,0.5149586
65880,0.36453476,0.36453476,1e-05,2.96460676,0.51499829
65885,0.32750077,0.32750077,1e-05,5.03660536,0.51503798
65890,0.32794213,0.32794218,1e-05,5.63868523,0.51507767
65895,0.26638958,0.26638956,1e-05,4.17609549,0.51511736
65900,0.32986369,0.32986369,1e-05,5.27181339,0.51515705
65905,0.4228199,0.4228199,1e-05,5.61825466,0.51519674
65910,0.31848078,0.31848078,1e-05,4.00471258,0.51523642
65915,0.37571669,0.37571666,1e-05,5.24574041,0.51527611
65920,0.34584913,0.34584913,1e-05,5.10886097,0.5153158
65925,0.41804981,0.41804981,1e-05,8.91645432,0.51535549
65930,0.35536208,0.35536208,1e-05,3.39407969,0.51539518
65935,0.29985313,0.29985309,1e-05,3.83624697,0.51543487
65940,0.34619665,0.34619665,1e-05,6.14611721,0.51547456
65945,0.36257613,0.36257615,1e-05,5.49037695,0.51551424
65950,0.38021197,0.38021197,1e-05,3.39719176,0.51555393
65955,0.3657814,0.3657814,1e-05,5.64963818,0.51559362
65960,0.36628881,0.36628881,1e-05,5.02623558,0.51563331
65965,0.32386029,0.32386031,1e-05,3.6375289,0.515673
65970,0.30128,0.30128002,1e-05,3.96764779,0.51571269
65975,0.35169747,0.35169747,1e-05,5.45983505,0.51575238
65980,0.34598646,0.34598646,1e-05,4.82988262,0.51579206
65985,0.34649825,0.34649825,1e-05,4.5882287,0.51583175
65990,0.31980748,0.31980748,1e-05,7.31924534,0.51587144
65995,0.33322923,0.33322926,1e-05,3.59801126,0.51591113
66000,0.36530936,0.36530936,1e-05,8.41478348,0.51595082
66005,0.3353127,0.3353127,1e-05,3.93520713,0.51599051
66010,0.31001208,0.31001208,1e-05,5.05722332,0.5160302
66015,0.3334487,0.33344872,1e-05,4.49484539,0.51606988
66020,0.37944078,0.37944078,1e-05,5.41551113,0.51610957
66025,0.35572424,0.35572426,1e-05,4.50781775,0.51614926
66030,0.28125491,0.28125491,1e-05,2.92699718,0.51618895
66035,0.31842365,0.31842365,1e-05,7.06289244,0.51622864
66040,0.33060174,0.33060174,1e-05,5.06508112,0.51626833
66045,0.34823534,0.34823532,1e-05,7.17449045,0.51630801
66050,0.33744531,0.33744533,1e-05,3.59476018,0.5163477
66055,0.37632389,0.37632389,1e-05,8.07988071,0.51638739
66060,0.29814076,0.29814079,1e-05,4.20142031,0.51642708
66065,0.34925075,0.34925075,1e-05,5.74525499,0.51646677
66070,0.32790177,0.32790174,1e-05,3.72454214,0.51650646
66075,0.34894114,0.34894114,1e-05,5.74535275,0.51654615
66080,0.3392436,0.33924356,1e-05,2.63123083,0.51658583
66085,0.40201402,0.40201402,1e-05,6.32975674,0.51662552
66090,0.30091987,0.30091984,1e-05,6.02490091,0.51666521
66095,0.35674167,0.35674167,1e-05,4.21453142,0.5167049
66100,0.34927821,0.34927821,1e-05,6.1107583,0.51674459
66105,0.40470858,0.40470858,1e-05,4.10013342,0.51678428
66110,0.33710322,0.3371032,1e-05,4.35924959,0.51682397
66115,0.30994382,0.30994382,1e-05,4.47747421,0.51686365
66120,0.33979943,0.33979943,1e-05,2.76639962,0.51690334
66125,0.38316469,0.34310395,1e-05,4.33888197,0.51694303
66130,0.40973182,0.40973186,1e-05,5.27373981,0.51698272
66135,0.31387277,0.31387277,1e-05,3.58287024,0.51702241
66140,0.32430842,0.32430847,1e-05,5.52804136,0.5170621
66145,0.33667254,0.33667257,1e-05,8.35010815,0.51710179
66150,0.32604256,0.32604256,1e-05,3.80785942,0.51714147
66155,0.35198727,0.35198724,1e-05,3.51316476,0.51718116
66160,0.36243033,0.36243038,1e-05,4.80684423,0.51722085
66165,0.39091449,0.39091446,1e-05,5.07067966,0.51726054
66170,0.38399177,0.38399177,1e-05,5.6021862,0.51730023
66175,0.35164828,0.35164828,1e-05,9.95057678,0.51733992
66180,0.33504758,0.33504758,1e-05,4.43733692,0.5173796
66185,0.35221095,0.35221097,1e-05,5.45871878,0.51741929
66190,0.35123158,0.35123158,1e-05,4.82578135,0.51745898
66195,0.32657065,0.32657065,1e-05,4.00884104,0.51749867
66200,0.36260343,0.36260343,1e-05,3.57355118,0.51753836
66205,0.36286895,0.36286898,1e-05,4.99676371,0.51757805
66210,0.40120468,0.40120473,1e-05,6.58224249,0.51761774
66215,0.32967293,0.32967293,1e-05,7.50071335,0.51765742
66220,0.31360054,0.31360054,1e-05,4.91918325,0.51769711
66225,0.35690818,0.35690823,1e-05,3.82505846,0.5177368
66230,0.31680191,0.31680188,1e-05,8.53244305,0.51777649
66235,0.3499218,0.34992175,1e-05,3.6320262,0.51781618
66240,0.34950571,0.34950571,1e-05,5.18978977,0.51785587
66245,0.2775176,0.2775176,1e-05,4.97567892,0.51789556
66250,0.34704161,0.34704163,1e-05,7.37591505,0.51793524
66255,0.35717757,0.35717759,1e-05,4.0103898,0.51797493
66260,0.32982025,0.32982028,1e-05,5.01954412,0.51801462
66265,0.28789206,0.28789203,1e-05,24.03239059,0.51805431
66270,0.30273218,0.30273218,1e-05,3.84297228,0.518094
66275,0.31028314,0.31028314,1e-05,5.03722477,0.51813369
66280,0.31335354,0.31335354,1e-05,3.61625457,0.51817338
66285,0.34647279,0.34647279,1e-05,6.599576,0.51821306
66290,0.33684387,0.33684382,1e-05,5.01061249,0.51825275
66295,0.34805715,0.34805713,1e-05,4.22371769,0.51829244
66300,0.34888296,0.34888296,1e-05,5.70600653,0.51833213
66305,0.34060206,0.34060206,1e-05,5.77362823,0.51837182
66310,0.35557532,0.35557532,1e-05,5.04624081,0.51841151
66315,0.34807301,0.34807301,1e-05,3.53337193,0.5184512
66320,0.32512941,0.32512944,1e-05,2.23565459,0.51849088
66325,0.31688795,0.31688795,1e-05,6.5050087,0.51853057
66330,0.34100604,0.34100604,1e-05,4.65474367,0.51857026
66335,0.28717201,0.28717201,1e-05,4.26136303,0.51860995
66340,0.33548884,0.33548887,1e-05,4.98167276,0.51864964
66345,0.37629862,0.37629859,1e-05,5.26999187,0.51868933
66350,0.30300012,0.30300012,1e-05,9.98735142,0.51872901
66355,0.31562176,0.31562176,1e-05,3.21738052,0.5187687
66360,0.34341593,0.34341593,1e-05,4.47303295,0.51880839
66365,0.38419018,0.38419018,1e-05,5.21361446,0.51884808
66370,0.35121031,0.35121031,1e-05,4.94528675,0.51888777
66375,0.37474802,0.37474804,1e-05,3.44723845,0.51892746
66380,0.33109531,0.33109531,1e-05,4.7529068,0.51896715
66385,0.34957418,0.34957418,1e-05,6.04512644,0.51900683
66390,0.2885859,0.2885859,1e-05,4.05664921,0.51904652
66395,0.34943995,0.34943995,1e-05,3.90319371,0.51908621
66400,0.29844961,0.29844961,1e-05,4.43058062,0.5191259
66405,0.36360545,0.36360545,1e-05,5.16401434,0.51916559
66410,0.3913435,0.39134347,1e-05,3.61133647,0.51920528
66415,0.38267848,0.38267851,1e-05,5.57656574,0.51924497
66420,0.33724627,0.33724627,1e-05,3.52962112,0.51928465
66425,0.32614689,0.32614689,1e-05,5.26642561,0.51932434
66430,0.31483178,0.31483183,1e-05,3.58665347,0.51936403
66435,0.3563827,0.35638266,1e-05,6.24877024,0.51940372
66440,0.4033731,0.38339909,1e-05,7.95785427,0.51944341
66445,0.36264389,0.36264391,1e-05,4.36647129,0.5194831
66450,0.3029176,0.30291758,1e-05,5.42678213,0.51952279
66455,0.35545003,0.35545003,1e-05,4.21643209,0.51956247
66460,0.31276264,0.31276264,1e-05,7.22073174,0.51960216
66465,0.36922393,0.36922393,1e-05,4.12174368,0.51964185
66470,0.34923699,0.34923697,1e-05,4.97996092,0.51968154
66475,0.35893168,0.35893168,1e-05,4.8833828,0.51972123
66480,0.38114066,0.38114066,1e-05,6.33134556,0.51976092
66485,0.31576786,0.31576786,1e-05,3.37871623,0.5198006
66490,0.34577608,0.34577608,1e-05,8.67239666,0.51984029
66495,0.33274107,0.33274107,1e-05,5.11393642,0.51987998
66500,0.30179029,0.30179029,1e-05,5.60505867,0.51991967
66505,0.39381709,0.39381704,1e-05,4.86850166,0.51995936
66510,0.32224491,0.32224491,1e-05,10.13756084,0.51999905
66515,0.42211637,0.42211637,1e-05,4.41772318,0.52003874
66520,0.32446334,0.32446334,1e-05,4.03659821,0.52007842
66525,0.35525527,0.35525527,1e-05,3.94440103,0.52011811
66530,0.35174868,0.35174868,1e-05,5.53918028,0.5201578
66535,0.29679258,0.29679255,1e-05,3.50445771,0.52019749
66540,0.33548231,0.33548231,1e-05,3.97556448,0.52023718
66545,0.37753382,0.37753382,1e-05,3.919348,0.52027687
66550,0.39653347,0.39653349,1e-05,6.2412715,0.52031656
66555,0.32362683,0.32362685,1e-05,5.16188812,0.52035624
66560,0.35168915,0.35168915,1e-05,11.68433666,0.52039593
66565,0.34145775,0.34145775,1e-05,4.89835787,0.52043562
66570,0.37444444,0.37444444,1e-05,3.59162331,0.52047531
66575,0.33788581,0.33788581,1e-05,6.54641533,0.520515
66580,0.29858356,0.29858356,1e-05,3.37540054,0.52055469
66585,0.31314108,0.31314108,1e-05,4.08307886,0.52059438
66590,0.32410488,0.32410488,1e-05,4.45185232,0.52063406
66595,0.34577003,0.34577005,1e-05,11.71950722,0.52067375
66600,0.35681574,0.35681577,1e-05,6.14087057,0.52071344
66605,0.36423078,0.36423078,1e-05,4.63218689,0.52075313
66610,0.35349479,0.35349479,1e-05,3.6150701,0.52079282
66615,0.37958252,0.37958255,1e-05,5.95017481,0.52083251
66620,0.25090942,0.2509094,1e-05,3.95476151,0.5208722
66625,0.37896113,0.37896113,1e-05,10.08282185,0.52091188
66630,0.28216064,0.28216064,1e-05,5.4779458,0.52095157
66635,0.34744043,0.34744043,1e-05,5.7456212,0.52099126
66640,0.27351608,0.27351608,1e-05,3.76338768,0.52103095
66645,0.34194379,0.34194379,1e-05,4.360919,0.52107064
66650,0.35598431,0.35598431,1e-05,7.03555679,0.52111033
66655,0.32883482,0.3288348,1e-05,3.83024502,0.52115001
66660,0.34137361,0.34137363,1e-05,5.9481802,0.5211897
66665,0.37006502,0.370065,1e-05,4.70583773,0.52122939
66670,0.39310539,0.39310539,1e-05,4.92437172,0.52126908
66675,0.35387168,0.35387168,1e-05,5.22805595,0.52130877
66680,0.36694095,0.36694093,1e-05,8.93364716,0.52134846
66685,0.34463122,0.34463124,1e-05,4.32228374,0.52138815
66690,0.33086267,0.33086269,1e-05,4.05049896,0.52142783
66695,0.38373175,0.38373175,1e-05,4.72073269,0.52146752
66700,0.34120059,0.34120059,1e-05,6.37931442,0.52150721
66705,0.32146955,0.32146955,1e-05,6.14160013,0.5215469
66710,0.40655403,0.40655408,1e-05,4.8030014,0.52158659
66715,0.34723063,0.34723063,1e-05,4.69578838,0.52162628
66720,0.32353232,0.32353232,1e-05,7.43624544,0.52166597
66725,0.32399645,0.32399645,1e-05,4.89157677,0.52170565
66730,0.30647883,0.30647881,1e-05,4.11199903,0.52174534
66735,0.32891111,0.32891109,1e-05,3.12763333,0.52178503
66740,0.37349682,0.37349682,1e-05,5.23842669,0.52182472
66745,0.3207799,0.3207799,1e-05,4.2176199,0.52186441
66750,0.41827526,0.3989578,1e-05,1.95019996,0.5219041
66755,0.35832088,0.35903971,1e-05,8.01318836,0.52194379
66760,0.31893702,0.31893702,1e-05,3.32871103,0.52198347
66765,0.34812646,0.34812651,1e-05,4.30832672,0.52202316
66770,0.43311787,0.43311787,1e-05,3.68869567,0.52206285
66775,0.37751789,0.37751789,1e-05,5.30099583,0.52210254
66780,0.36520128,0.36520128,1e-05,6.09952831,0.52214223
66785,0.28008878,0.28008881,1e-05,4.66847849,0.52218192
66790,0.31549668,0.31549671,1e-05,5.34275389,0.5222216
66795,0.30435452,0.30435455,1e-05,4.60199261,0.52226129
66800,0.3414186,0.3414186,1e-05,4.50906372,0.52230098
66805,0.29262285,0.2926229,1e-05,4.90021038,0.52234067
66810,0.36982005,0.36982002,1e-05,3.95789385,0.52238036
66815,0.36167834,0.36167836,1e-05,7.23420525,0.52242005
66820,0.30198722,0.30198722,1e-05,4.31966543,0.52245974
66825,0.32290835,0.32290838,1e-05,3.94986176,0.52249942
66830,0.35649331,0.35649333,1e-05,6.72923517,0.52253911
66835,0.35452974,0.35452974,1e-05,4.40793657,0.5225788
66840,0.36630168,0.36630163,1e-05,3.2994523,0.52261849
66845,0.33280177,0.33280177,1e-05,4.24621677,0.52265818
66850,0.38881443,0.38881445,1e-05,4.1561923,0.52269787
66855,0.37915201,0.37915201,1e-05,10.69543362,0.52273756
66860,0.34754882,0.34754884,1e-05,5.69134378,0.52277724
66865,0.32589145,0.32589145,1e-05,4.58172035,0.52281693
66870,0.31377101,0.31377101,1e-05,3.53719211,0.52285662
66875,0.3729341,0.37293413,1e-05,7.90491295,0.52289631
66880,0.34499674,0.34499676,1e-05,6.42909384,0.522936
66885,0.3088943,0.30889432,1e-05,5.2169261,0.52297569
66890,0.3173573,0.3173573,1e-05,4.86761475,0.52301538
66895,0.38420432,0.38420434,1e-05,3.68782949,0.52305506
66900,0.36640348,0.36640348,1e-05,3.19815302,0.52309475
66905,0.34705572,0.34705572,1e-05,4.40593958,0.52313444
66910,0.28051243,0.28051243,1e-05,13.27211761,0.52317413
66915,0.2954843,0.2954843,1e-05,5.90703869,0.52321382
66920,0.33609672,0.33609669,1e-05,16.50413513,0.52325351
66925,0.36018913,0.3601891,1e-05,5.79807234,0.5232932
66930,0.32105105,0.32105103,1e-05,4.56309319,0.52333288
66935,0.37655334,0.37655332,1e-05,4.50004387,0.52337257
66940,0.40877495,0.40877495,1e-05,4.06994009,0.52341226
66945,0.35645041,0.35645041,1e-05,5.47184896,0.52345195
66950,0.33842895,0.33842895,1e-05,4.57782793,0.52349164
66955,0.36172533,0.36172533,1e-05,4.21994448,0.52353133
66960,0.29951305,0.29951305,1e-05,3.67033648,0.52357101
66965,0.35505042,0.35505042,1e-05,4.02685928,0.5236107
66970,0.32283778,0.32283781,1e-05,7.44012785,0.52365039
66975,0.29663324,0.29663324,1e-05,5.11584806,0.52369008
66980,0.29330215,0.29330215,1e-05,3.69246411,0.52372977
66985,0.40253549,0.40253549,1e-05,4.47470331,0.52376946
66990,0.35539813,0.35539813,1e-05,4.93472576,0.52380915
66995,0.28808098,0.28808098,1e-05,3.76468825,0.52384883
67000,0.32225571,0.32225571,1e-05,3.86032033,0.52388852
67005,0.35358076,0.35358071,1e-05,9.96141052,0.52392821
67010,0.35274544,0.35274544,1e-05,3.96256781,0.5239679
67015,0.2928781,0.29287808,1e-05,4.36450911,0.52400759
67020,0.34998453,0.34998455,1e-05,5.66278076,0.52404728
67025,0.32630582,0.32630582,1e-05,3.87965488,0.52408697
67030,0.35953951,0.35953951,1e-05,4.0117588,0.52412665
67035,0.32535095,0.32535095,1e-05,3.83622956,0.52416634
67040,0.34429021,0.34429021,1e-05,3.82883692,0.52420603
67045,0.39933958,0.3993396,1e-05,6.73308039,0.52424572
67050,0.34719753,0.34719753,1e-05,7.84168005,0.52428541
67055,0.37790205,0.37790203,1e-05,4.39272642,0.5243251
67060,0.3471904,0.34719038,1e-05,4.72538662,0.52436479
67065,0.38584471,0.37350172,1e-05,6.61474419,0.52440447
67070,0.39965763,0.39965758,1e-05,7.24619102,0.52444416
67075,0.32419581,0.32419581,1e-05,7.44880533,0.52448385
67080,0.30180554,0.30180554,1e-05,4.00922489,0.52452354
67085,0.26891336,0.26891339,1e-05,4.22057343,0.52456323
67090,0.31537933,0.31537933,1e-05,4.49930525,0.52460292
67095,0.30050631,0.30050631,1e-05,5.09703064,0.5246426
67100,0.32436056,0.32436061,1e-05,3.58983874,0.52468229
67105,0.38040528,0.38040528,1e-05,4.31018543,0.52472198
67110,0.37489073,0.37489071,1e-05,5.16251326,0.52476167
67115,0.31068439,0.31068439,1e-05,3.96278524,0.52480136
67120,0.27558079,0.27558079,1e-05,5.16998911,0.52484105
67125,0.36737866,0.36737862,1e-05,4.32157135,0.52488074
67130,0.366924,0.366924,1e-05,3.59762096,0.52492042
67135,0.3605365,0.36053653,1e-05,3.85280108,0.52496011
67140,0.34720097,0.34720094,1e-05,4.20732641,0.5249998
67145,0.39319534,0.39319534,1e-05,5.28227901,0.52503949
67150,0.34496069,0.34496074,1e-05,4.32912922,0.52507918
67155,0.31737556,0.31737559,1e-05,7.02899313,0.52511887
67160,0.31861508,0.3186151,1e-05,4.10470676,0.52515856
67165,0.33793166,0.33793163,1e-05,3.92490244,0.52519824
67170,0.28528035,0.28528035,1e-05,4.52801991,0.52523793
67175,0.33234038,0.33234036,1e-05,4.18236256,0.52527762
67180,0.33482463,0.33482461,1e-05,6.13400173,0.52531731
67185,0.3150878,0.3150878,1e-05,4.85521698,0.525357
67190,0.38609152,0.38609157,1e-05,5.38019609,0.52539669
67195,0.37267919,0.37267914,1e-05,7.38882923,0.52543638
67200,0.35096612,0.35096612,1e-05,4.80934095,0.52547606
67205,0.34869556,0.34869552,1e-05,4.09526205,0.52551575
67210,0.37575936,0.37575941,1e-05,4.48477983,0.52555544
67215,0.38176572,0.3817657,1e-05,4.07593727,0.52559513
67220,0.29591217,0.29591217,1e-05,5.5255146,0.52563482
67225,0.39755483,0.39755485,1e-05,6.49592161,0.52567451
67230,0.33981547,0.33981547,1e-05,3.28095174,0.52571419
67235,0.35710101,0.35710101,1e-05,6.54237938,0.52575388
67240,0.37706566,0.37706568,1e-05,5.38345861,0.52579357
67245,0.3528899,0.35288992,1e-05,8.63537502,0.52583326
67250,0.32744818,0.32744818,1e-05,4.68499899,0.52587295
67255,0.36040483,0.36040483,1e-05,3.88237143,0.52591264
67260,0.37607243,0.37607243,1e-05,5.21605921,0.52595233
67265,0.40926251,0.40926247,1e-05,4.53810072,0.52599201
67270,0.38831959,0.38831959,1e-05,3.41043401,0.5260317
67275,0.35883646,0.35883646,1e-05,4.58070421,0.52607139
67280,0.33145835,0.33145833,1e-05,4.60689449,0.52611108
67285,0.32175245,0.32175245,1e-05,6.03849602,0.52615077
67290,0.31213462,0.31213462,1e-05,3.81031156,0.52619046
67295,0.35187497,0.35187502,1e-05,4.7587595,0.52623015
67300,0.30406365,0.30406365,1e-05,4.62256765,0.52626983
67305,0.32697217,0.32697217,1e-05,5.29158163,0.52630952
67310,0.35835266,0.35835264,1e-05,4.3983717,0.52634921
67315,0.3499824,0.34998236,1e-05,3.85463142,0.5263889
67320,0.33927796,0.33927794,1e-05,3.02660871,0.52642859
67325,0.36356702,0.36356702,1e-05,3.63443136,0.52646828
67330,0.36425104,0.36425104,1e-05,5.74611616,0.52650797
67335,0.38019705,0.38019705,1e-05,4.50878716,0.52654765
67340,0.3176796,0.31767957,1e-05,4.35269117,0.52658734
67345,0.34407732,0.34407735,1e-05,4.5725379,0.52662703
67350,0.35406184,0.35406184,1e-05,7.24114561,0.52666672
67355,0.39000506,0.39000506,1e-05,5.26061153,0.52670641
67360,0.32487645,0.32487645,1e-05,3.96611142,0.5267461
67365,0.32385185,0.32385182,1e-05,6.20190287,0.52678579
67370,0.32185588,0.32185588,1e-05,3.38916016,0.52682547
67375,0.31791682,0.31791682,1e-05,4.65522385,0.52686516
67380,0.41773148,0.39416024,1e-05,4.18643761,0.52690485
67385,0.33619661,0.33619661,1e-05,4.87506104,0.52694454
67390,0.37567959,0.37567959,1e-05,5.99020195,0.52698423
67395,0.33667927,0.33667927,1e-05,4.54270315,0.52702392
67400,0.29838514,0.29838514,1e-05,3.97688746,0.5270636
67405,0.34421375,0.34421375,1e-05,5.59483385,0.52710329
67410,0.38848572,0.38848572,1e-05,7.17509127,0.52714298
67415,0.36133144,0.36133144,1e-05,5.84293413,0.52718267
67420,0.31124625,0.31124623,1e-05,3.43510556,0.52722236
67425,0.2426034,0.2426034,1e-05,4.0518918,0.52726205
67430,0.42331843,0.42331843,1e-05,6.18077469,0.52730174
67435,0.3076329,0.30763292,1e-05,3.34291553,0.52734142
67440,0.33284924,0.33284924,1e-05,8.49571419,0.52738111
67445,0.41495605,0.414956,1e-05,19.22556686,0.5274208
67450,0.31385632,0.31385632,1e-05,5.32718277,0.52746049
67455,0.3318326,0.3318326,1e-05,3.84364581,0.52750018
67460,0.33953156,0.33953156,1e-05,7.73016691,0.52753987
67465,0.34160285,0.34160283,1e-05,5.28341055,0.52757956
67470,0.31799517,0.31799517,1e-05,3.56811213,0.52761924
67475,0.37143569,0.37143569,1e-05,4.99810123,0.52765893
67480,0.35302811,0.35302811,1e-05,5.82370567,0.52769862
67485,0.33113136,0.33113139,1e-05,3.26248646,0.52773831
67490,0.39948301,0.39948306,1e-05,6.94433737,0.527778
67495,0.4038631,0.40386305,1e-05,4.39055061,0.52781769
67500,0.35521836,0.35521836,1e-05,4.31248331,0.52785738
67505,0.31734638,0.31734638,1e-05,3.40637422,0.52789706
67510,0.4181437,0.41814365,1e-05,3.98233414,0.52793675
67515,0.31766424,0.31766424,1e-05,4.14313269,0.52797644
67520,0.34789302,0.34789305,1e-05,3.50515389,0.52801613
67525,0.33018675,0.3301867,1e-05,6.41445208,0.52805582
67530,0.42086492,0.42086487,1e-05,5.52234364,0.52809551
67535,0.32872429,0.32872429,1e-05,5.3098588,0.52813519
67540,0.37955854,0.37955854,1e-05,2.80939102,0.52817488
67545,0.30464072,0.30464072,1e-05,4.67675734,0.52821457
67550,0.36045628,0.36045628,1e-05,4.12620163,0.52825426
67555,0.32460394,0.32460394,1e-05,4.43146181,0.52829395
67560,0.34163225,0.34163222,1e-05,5.1102891,0.52833364
67565,0.33364668,0.33364668,1e-05,4.31247616,0.52837333
67570,0.33267946,0.33267946,1e-05,5.88654327,0.52841301
67575,0.33399754,0.33399758,1e-05,4.81964731,0.5284527
67580,0.35147269,0.35147269,1e-05,3.5539124,0.52849239
67585,0.32235439,0.32235441,1e-05,3.96754313,0.52853208
67590,0.33238082,0.33238082,1e-05,3.1546793,0.52857177
67595,0.35174997,0.35174997,1e-05,4.44670534,0.52861146
67600,0.28670852,0.28670852,1e-05,3.23424792,0.52865115
67605,0.34713264,0.34713259,1e-05,3.11652207,0.52869083
67610,0.39639969,0.39639969,1e-05,4.23137617,0.52873052
67615,0.34488316,0.34488316,1e-05,5.11101246,0.52877021
67620,0.36562018,0.36562018,1e-05,7.20490217,0.5288099
67625,0.33342791,0.33342788,1e-05,4.1600194,0.52884959
67630,0.35881283,0.35881281,1e-05,3.98927474,0.52888928
67635,0.37635832,0.37635832,1e-05,4.68140841,0.52892897
67640,0.36070454,0.36070454,1e-05,4.94007254,0.52896865
67645,0.3291064,0.32910643,1e-05,4.6405549,0.52900834
67650,0.3068563,0.3068563,1e-05,3.61643004,0.52904803
67655,0.34013777,0.34013777,1e-05,4.38442564,0.52908772
67660,0.3435081,0.3435081,1e-05,6.3316083,0.52912741
67665,0.32906537,0.32906532,1e-05,7.0768342,0.5291671
67670,0.28902106,0.28902106,1e-05,3.42275834,0.52920679
67675,0.37519393,0.37519398,1e-05,6.14816713,0.52924647
67680,0.3551996,0.35519958,1e-05,5.34590769,0.52928616
67685,0.3855051,0.38550506,1e-05,4.10685921,0.52932585
67690,0.37982068,0.37311077,1e-05,3.95203614,0.52936554
67695,0.33957319,0.33957319,1e-05,4.33584499,0.52940523
67700,0.35900435,0.3590044,1e-05,5.00549364,0.52944492
67705,0.34499383,0.34499388,1e-05,3.63586307,0.5294846
67710,0.34758515,0.3475852,1e-05,7.36964321,0.52952429
67715,0.391609,0.391609,1e-05,7.43186998,0.52956398
67720,0.35110245,0.35110245,1e-05,5.02321339,0.52960367
67725,0.3315846,0.3315846,1e-05,4.66438055,0.52964336
67730,0.33723788,0.33723788,1e-05,4.62736654,0.52968305
67735,0.36986318,0.36986313,1e-05,5.150105,0.52972274
67740,0.33205514,0.33205514,1e-05,3.56926084,0.52976242
67745,0.37541091,0.37541089,1e-05,2.83416319,0.52980211
67750,0.27520902,0.275209,1e-05,3.40955663,0.5298418
67755,0.3443965,0.3443965,1e-05,5.35402918,0.52988149
67760,0.46263885,0.46263885,1e-05,4.72689962,0.52992118
67765,0.35011425,0.35011427,1e-05,5.76107645,0.52996087
67770,0.31817026,0.31817026,1e-05,3.26700521,0.53000056
67775,0.32669091,0.32669091,1e-05,3.43310714,0.53004024
67780,0.33009663,0.33009663,1e-05,4.53486681,0.53007993
67785,0.29155881,0.29155884,1e-05,4.2907567,0.53011962
67790,0.33811617,0.33811617,1e-05,6.88151026,0.53015931
67795,0.32457001,0.32456999,1e-05,4.01106358,0.530199
67800,0.31419144,0.31419144,1e-05,4.92294216,0.53023869
67805,0.33830094,0.33830094,1e-05,4.18197966,0.53027838
67810,0.36809483,0.36809483,1e-05,5.58287477,0.53031806
67815,0.26136816,0.26136816,1e-05,3.6900804,0.53035775
67820,0.33155479,0.33155484,1e-05,4.04295635,0.53039744
67825,0.33659565,0.33659568,1e-05,6.30211592,0.53043713
67830,0.38366797,0.38366797,1e-05,4.39974022,0.53047682
67835,0.3412353,0.34123533,1e-05,3.83654237,0.53051651
67840,0.36232593,0.36232591,1e-05,3.59649491,0.53055619
67845,0.3533823,0.35338233,1e-05,4.29765606,0.53059588
67850,0.35592365,0.35592365,1e-05,5.11915684,0.53063557
67855,0.29060526,0.29060526,1e-05,3.29094172,0.53067526
67860,0.40759916,0.40759916,1e-05,5.63906813,0.53071495
67865,0.36545143,0.36545143,1e-05,7.51833391,0.53075464
67870,0.36938782,0.36938782,1e-05,4.59251785,0.53079433
67875,0.31020331,0.31020327,1e-05,4.65934992,0.53083401
67880,0.35578327,0.35578327,1e-05,5.8404212,0.5308737
67885,0.3146481,0.31464808,1e-05,3.28697824,0.53091339
67890,0.38424597,0.38424599,1e-05,4.16052008,0.53095308
67895,0.27053828,0.27053828,1e-05,3.97216463,0.53099277
67900,0.32997894,0.32997894,1e-05,3.8650713,0.53103246
67905,0.38984606,0.38984609,1e-05,4.25559282,0.53107215
67910,0.37254543,0.37254543,1e-05,4.28962755,0.53111183
67915,0.3787797,0.3787797,1e-05,6.54663372,0.53115152
67920,0.39572473,0.39572468,1e-05,5.70356178,0.53119121
67925,0.39653473,0.39653473,1e-05,5.5091629,0.5312309
67930,0.33943036,0.33943038,1e-05,5.77703857,0.53127059
67935,0.31087236,0.31087236,1e-05,3.51852345,0.53131028
67940,0.37088649,0.37088649,1e-05,5.2672472,0.53134997
67945,0.35565858,0.35565858,1e-05,4.55493689,0.53138965
67950,0.30292628,0.30292628,1e-05,3.64571404,0.53142934
67955,0.32978878,0.32978873,1e-05,7.81633711,0.53146903
67960,0.35129189,0.35129189,1e-05,7.2747097,0.53150872
67965,0.29131091,0.29131088,1e-05,5.31831789,0.53154841
67970,0.34562399,0.34562397,1e-05,3.49742913,0.5315881
67975,0.38613091,0.38613091,1e-05,5.86527205,0.53162779
67980,0.33900671,0.33900671,1e-05,4.27894497,0.53166747
67985,0.33497195,0.33497195,1e-05,7.08172703,0.53170716
67990,0.31594639,0.31594639,1e-05,3.55912948,0.53174685
67995,0.3511838,0.3511838,1e-05,5.97918034,0.53178654
68000,0.39912198,0.399122,1e-05,5.03747034,0.53182623
68005,0.40775828,0.39884833,1e-05,5.07246494,0.53186592
68010,0.40062513,0.40062513,1e-05,4.5002985,0.5319056
68015,0.35143089,0.35143085,1e-05,4.58883238,0.53194529
68020,0.34979153,0.34979153,1e-05,3.44486189,0.53198498
68025,0.3245235,0.3245235,1e-05,4.22996283,0.53202467
68030,0.26527693,0.26527693,1e-05,2.58111048,0.53206436
68035,0.34838641,0.34838641,1e-05,4.76217794,0.53210405
68040,0.34570439,0.34570436,1e-05,5.51490498,0.53214374
68045,0.31078894,0.31078892,1e-05,4.34197187,0.53218342
68050,0.31686525,0.31686525,1e-05,5.24848461,0.53222311
68055,0.34610286,0.34610288,1e-05,4.94041634,0.5322628
68060,0.4220335,0.4220335,1e-05,4.30199194,0.53230249
68065,0.34456091,0.34456091,1e-05,4.7175045,0.53234218
68070,0.3149971,0.3149971,1e-05,5.00284624,0.53238187
68075,0.35641537,0.35641537,1e-05,4.0414443,0.53242156
68080,0.32225604,0.32225604,1e-05,2.7511704,0.53246124
68085,0.32836399,0.32836399,1e-05,5.32741547,0.53250093
68090,0.31437132,0.31437132,1e-05,3.17852855,0.53254062
68095,0.3371083,0.3371083,1e-05,6.89942408,0.53258031
68100,0.34109778,0.34109776,1e-05,6.17436457,0.53262
68105,0.36541162,0.36541162,1e-05,5.39744473,0.53265969
68110,0.31342304,0.31342304,1e-05,5.27000904,0.53269938
68115,0.30783799,0.30783801,1e-05,4.786798,0.53273906
68120,0.33995509,0.33995509,1e-05,5.03019619,0.53277875
68125,0.34672101,0.34672103,1e-05,4.57458973,0.53281844
68130,0.32567701,0.32567701,1e-05,4.14946842,0.53285813
68135,0.32257433,0.32257433,1e-05,5.59148836,0.53289782
68140,0.3547574,0.35475738,1e-05,5.106143,0.53293751
68145,0.36169791,0.36169791,1e-05,4.20720291,0.53297719
68150,0.33436871,0.33436871,1e-05,4.39853764,0.53301688
68155,0.31011953,0.31011953,1e-05,4.14135838,0.53305657
68160,0.29222867,0.29222872,1e-05,9.01922894,0.53309626
68165,0.34265141,0.34265141,1e-05,4.08132124,0.53313595
68170,0.3665338,0.36653376,1e-05,5.26689243,0.53317564
68175,0.30060701,0.30060704,1e-05,6.75135088,0.53321533
68180,0.46064796,0.46064796,1e-05,3.68281865,0.53325501
68185,0.33901606,0.33901606,1e-05,3.83104849,0.5332947
68190,0.37167835,0.37167833,1e-05,5.42271709,0.53333439
68195,0.35074937,0.3507494,1e-05,4.64866257,0.53337408
68200,0.30865822,0.30865819,1e-05,4.46200418,0.53341377
68205,0.3922904,0.39229045,1e-05,3.98138475,0.53345346
68210,0.31929216,0.31929221,1e-05,4.00845861,0.53349315
68215,0.30359993,0.30359993,1e-05,2.90338778,0.53353283
68220,0.36506517,0.36506519,1e-05,3.49259019,0.53357252
68225,0.3824192,0.3824192,1e-05,4.01837349,0.53361221
68230,0.35255609,0.35255604,1e-05,5.17784929,0.5336519
68235,0.36352315,0.36352315,1e-05,5.99728155,0.53369159
68240,0.35420761,0.35420761,1e-05,5.49135065,0.53373128
68245,0.38798594,0.38798592,1e-05,3.97416592,0.53377097
68250,0.40616784,0.40616784,1e-05,4.52123976,0.53381065
68255,0.32253885,0.32253885,1e-05,4.51635122,0.53385034
68260,0.37073414,0.37073417,1e-05,5.71511602,0.53389003
68265,0.35737252,0.35737247,1e-05,4.69917536,0.53392972
68270,0.34270663,0.34270661,1e-05,4.99248743,0.53396941
68275,0.34416425,0.34416428,1e-05,2.11755061,0.5340091
68280,0.43758001,0.43758001,1e-05,5.5753541,0.53404879
68285,0.30356426,0.30356426,1e-05,3.82597065,0.53408847
68290,0.33869917,0.33869915,1e-05,4.98848581,0.53412816
68295,0.3263238,0.3263238,1e-05,3.77214217,0.53416785
68300,0.32735512,0.32735515,1e-05,4.88034678,0.53420754
68305,0.36608672,0.36608675,1e-05,3.80266666,0.53424723
68310,0.34064403,0.34064403,1e-05,4.23548603,0.53428692
68315,0.3914187,0.38097927,1e-05,3.84845114,0.5343266
68320,0.36350884,0.35113976,1e-05,3.90240073,0.53436629
68325,0.31880655,0.31880655,1e-05,4.27806902,0.53440598
68330,0.33105145,0.33105145,1e-05,3.96102643,0.53444567
68335,0.31985459,0.31985459,1e-05,2.9201839,0.53448536
68340,0.32865262,0.32865262,1e-05,5.4799304,0.53452505
68345,0.36146996,0.36146994,1e-05,4.48430824,0.53456474
68350,0.35448501,0.35448503,1e-05,4.92958784,0.53460442
68355,0.31249177,0.3124918,1e-05,5.44231129,0.53464411
68360,0.35338221,0.35338221,1e-05,4.21805048,0.5346838
68365,0.34965997,0.34965997,1e-05,4.83451557,0.53472349
68370,0.34132938,0.34132938,1e-05,4.26159286,0.53476318
68375,0.34420397,0.344204,1e-05,8.20807743,0.53480287
68380,0.37228091,0.37228088,1e-05,3.37764859,0.53484256
68385,0.32935691,0.32935688,1e-05,10.26389408,0.53488224
68390,0.36705637,0.36705637,1e-05,6.56573868,0.53492193
68395,0.31500466,0.31500466,1e-05,7.21405029,0.53496162
68400,0.38450987,0.3845099,1e-05,4.01897717,0.53500131
68405,0.35638278,0.3563828,1e-05,4.64684868,0.535041
68410,0.34297082,0.34297085,1e-05,4.32329607,0.53508069
68415,0.35389843,0.35389843,1e-05,6.84705496,0.53512038
68420,0.31871409,0.31871409,1e-05,3.10224557,0.53516006
68425,0.37534661,0.37534661,1e-05,8.09608269,0.53519975
68430,0.39190607,0.39190607,1e-05,3.72633576,0.53523944
68435,0.31582747,0.31582747,1e-05,5.27046824,0.53527913
68440,0.3136044,0.3136044,1e-05,7.43560743,0.53531882
68445,0.35556307,0.35556307,1e-05,5.44013214,0.53535851
68450,0.37733898,0.37733898,1e-05,4.47214794,0.53539819
68455,0.40792346,0.40792346,1e-05,6.56933451,0.53543788
68460,0.30039957,0.30039954,1e-05,4.81019878,0.53547757
68465,0.33950765,0.33950763,1e-05,5.59241438,0.53551726
68470,0.35751963,0.35751963,1e-05,3.17095399,0.53555695
68475,0.39340513,0.39340513,1e-05,7.10363913,0.53559664
68480,0.35312376,0.35312376,1e-05,5.13635874,0.53563633
68485,0.30607648,0.30607646,1e-05,7.44433594,0.53567601
68490,0.45042,0.45041995,1e-05,7.69689322,0.5357157
68495,0.32497602,0.32497606,1e-05,4.56699467,0.53575539
68500,0.37100551,0.37100549,1e-05,4.92690754,0.53579508
68505,0.31317697,0.31317699,1e-05,5.16826105,0.53583477
68510,0.30924172,0.3092417,1e-05,5.1490798,0.53587446
68515,0.37330003,0.37330003,1e-05,4.41717863,0.53591415
68520,0.30730844,0.30730844,1e-05,4.34295511,0.53595383
68525,0.33326454,0.33326454,1e-05,3.53962922,0.53599352
68530,0.32043414,0.32043412,1e-05,4.70357227,0.53603321
68535,0.35575275,0.35575275,1e-05,5.575068,0.5360729
68540,0.36483979,0.36483977,1e-05,3.20208526,0.53611259
68545,0.37175336,0.37175333,1e-05,4.71153975,0.53615228
68550,0.38978763,0.3897876,1e-05,9.34623909,0.53619197
68555,0.31932802,0.31932802,1e-05,4.21003437,0.53623165
68560,0.34995792,0.34995794,1e-05,4.52214432,0.53627134
68565,0.30263176,0.30263178,1e-05,5.0162015,0.53631103
68570,0.28023925,0.28023927,1e-05,5.7297678,0.53635072
68575,0.32451682,0.32451687,1e-05,4.5771842,0.53639041
68580,0.36807244,0.36807246,1e-05,6.37767553,0.5364301
68585,0.28418386,0.28418388,1e-05,5.21103048,0.53646979
68590,0.33233399,0.33233399,1e-05,5.16532326,0.53650947
68595,0.30549111,0.30549114,1e-05,3.14494181,0.53654916
68600,0.35371196,0.35371196,1e-05,5.29331875,0.53658885
68605,0.33842382,0.33842382,1e-05,5.21649647,0.53662854
68610,0.38925867,0.38925867,1e-05,3.31008887,0.53666823
68615,0.34624965,0.34624963,1e-05,7.4565568,0.53670792
68620,0.32690082,0.32690082,1e-05,3.80776453,0.5367476
68625,0.33637338,0.33637338,1e-05,5.84136438,0.53678729
68630,0.47960138,0.4833844,1e-05,7.6634903,0.53682698
68635,0.38263478,0.38263478,1e-05,4.70155764,0.53686667
68640,0.42107511,0.42107515,1e-05,4.4840579,0.53690636
68645,0.35902524,0.35902522,1e-05,4.2883234,0.53694605
68650,0.35298166,0.35298166,1e-05,4.75825024,0.53698574
68655,0.37594905,0.37594905,1e-05,3.77344513,0.53702542
68660,0.3650718,0.36507177,1e-05,5.93585205,0.53706511
68665,0.31871011,0.31871014,1e-05,4.74996185,0.5371048
68670,0.31586623,0.31586623,1e-05,4.06062746,0.53714449
68675,0.32772977,0.3277298,1e-05,4.33142042,0.53718418
68680,0.38897319,0.38897324,1e-05,3.96688151,0.53722387
68685,0.39904902,0.399049,1e-05,4.59281015,0.53726356
68690,0.33860977,0.33860974,1e-05,4.29704189,0.53730324
68695,0.31794853,0.31794853,1e-05,3.77209139,0.53734293
68700,0.27511213,0.2751121,1e-05,4.58885288,0.53738262
68705,0.38085794,0.3808579,1e-05,3.92181063,0.53742231
68710,0.35173349,0.35173352,1e-05,5.67145252,0.537462
68715,0.36735091,0.36735091,1e-05,4.12508631,0.53750169
68720,0.46536798,0.46536798,1e-05,6.36435318,0.53754138
68725,0.36241329,0.36241331,1e-05,3.46670365,0.53758106
68730,0.30267057,0.30267057,1e-05,5.13131666,0.53762075
68735,0.31780882,0.31780882,1e-05,4.21689034,0.53766044
68740,0.35692649,0.35692649,1e-05,8.28648853,0.53770013
68745,0.41006041,0.41006041,1e-05,7.73031616,0.53773982
68750,0.30988469,0.30988469,1e-05,3.41297245,0.53777951
68755,0.32113259,0.32113261,1e-05,4.03259802,0.53781919
68760,0.3669003,0.36690028,1e-05,4.46242762,0.53785888
68765,0.32607265,0.3260726,1e-05,4.96552181,0.53789857
68770,0.34418726,0.34418731,1e-05,4.70246887,0.53793826
68775,0.29814034,0.29814034,1e-05,4.84810925,0.53797795
68780,0.3484201,0.34842005,1e-05,4.85898256,0.53801764
68785,0.30091624,0.30091624,1e-05,4.14313221,0.53805733
68790,0.32554078,0.32554078,1e-05,3.35940075,0.53809701
68795,0.41221809,0.41221809,1e-05,7.53462267,0.5381367
68800,0.37576241,0.37576237,1e-05,4.68773174,0.53817639
68805,0.35051503,0.35051503,1e-05,4.82717705,0.53821608
68810,0.37554235,0.37554238,1e-05,4.40941238,0.53825577
68815,0.36618485,0.3661849,1e-05,6.45890284,0.53829546
68820,0.43673863,0.43673868,1e-05,5.5702858,0.53833515
68825,0.38777952,0.3877795,1e-05,8.86960602,0.53837483
68830,0.36788011,0.36788006,1e-05,3.37069941,0.53841452
68835,0.36343901,0.36343899,1e-05,4.94011497,0.53845421
68840,0.35764184,0.35764184,1e-05,4.0528326,0.5384939
68845,0.27594333,0.27594333,1e-05,3.41101909,0.53853359
68850,0.35991874,0.35991876,1e-05,9.96595764,0.53857328
68855,0.36888382,0.36888385,1e-05,9.47364998,0.53861297
68860,0.33656034,0.3365603,1e-05,4.47299862,0.53865265
68865,0.3339467,0.33394673,1e-05,6.39952087,0.53869234
68870,0.31474729,0.31474733,1e-05,3.82504487,0.53873203
68875,0.43075867,0.43075867,1e-05,4.84152603,0.53877172
68880,0.29791658,0.29791658,1e-05,3.26783848,0.53881141
68885,0.30198498,0.301985,1e-05,6.03328943,0.5388511
68890,0.36818681,0.36818683,1e-05,6.6128087,0.53889079
68895,0.31396294,0.31396294,1e-05,3.77517295,0.53893047
68900,0.36001105,0.3600111,1e-05,6.057796,0.53897016
68905,0.3044179,0.30441792,1e-05,6.22592545,0.53900985
68910,0.32847233,0.32847233,1e-05,10.18466091,0.53904954
68915,0.34016023,0.34016023,1e-05,4.8828969,0.53908923
68920,0.40768728,0.40768728,1e-05,4.01577854,0.53912892
68925,0.32549429,0.32549429,1e-05,5.9440732,0.5391686
68930,0.34198031,0.34198031,1e-05,3.4474988,0.53920829
68935,0.38429542,0.38429542,1e-05,3.30896473,0.53924798
68940,0.3982965,0.39829645,1e-05,4.66921091,0.53928767
68945,0.40524006,0.39057382,1e-05,7.16608906,0.53932736
68950,0.32858844,0.32858844,1e-05,3.32742953,0.53936705
68955,0.39181707,0.39181709,1e-05,3.0177114,0.53940674
68960,0.33945951,0.33945951,1e-05,4.6978569,0.53944642
68965,0.38872862,0.38872862,1e-05,5.1101265,0.53948611
68970,0.38437943,0.38437941,1e-05,5.78471661,0.5395258
68975,0.34763503,0.34763505,1e-05,5.41672039,0.53956549
68980,0.30022078,0.30022078,1e-05,4.33095741,0.53960518
68985,0.3502089,0.35020893,1e-05,3.5920372,0.53964487
68990,0.33262587,0.33262587,1e-05,3.75125265,0.53968456
68995,0.3388191,0.33881912,1e-05,3.252213,0.53972424
69000,0.32841637,0.3284164,1e-05,5.56543636,0.53976393
69005,0.32518873,0.32518873,1e-05,5.42114925,0.53980362
69010,0.36190631,0.36190634,1e-05,4.84991884,0.53984331
69015,0.37406728,0.37406728,1e-05,3.68329978,0.539883
69020,0.37163768,0.37163768,1e-05,4.00657892,0.53992269
69025,0.39500556,0.39500551,1e-05,6.89485884,0.53996238
69030,0.33449407,0.33449407,1e-05,3.39578414,0.54000206
69035,0.34674461,0.34674461,1e-05,5.32981586,0.54004175
69040,0.34094701,0.34094698,1e-05,4.92793846,0.54008144
69045,0.36913674,0.36913671,1e-05,5.37830067,0.54012113
69050,0.3684721,0.3684721,1e-05,4.21573448,0.54016082
69055,0.32335296,0.32335296,1e-05,4.74801683,0.54020051
69060,0.36975012,0.36975012,1e-05,5.40368843,0.54024019
69065,0.33899941,0.33899939,1e-05,5.21633339,0.54027988
69070,0.30933843,0.30933845,1e-05,7.10825539,0.54031957
69075,0.34607201,0.34607201,1e-05,4.89087486,0.54035926
69080,0.3448442,0.3448442,1e-05,5.33530045,0.54039895
69085,0.32578306,0.32578309,1e-05,3.92669415,0.54043864
69090,0.32989593,0.32989593,1e-05,4.13533545,0.54047833
69095,0.3047718,0.3047718,1e-05,4.67612982,0.54051801
69100,0.40341582,0.40341587,1e-05,7.95843363,0.5405577
69105,0.46109972,0.46109972,1e-05,3.80600357,0.54059739
69110,0.41762376,0.41762381,1e-05,7.61867952,0.54063708
69115,0.33994193,0.33994193,1e-05,6.12836981,0.54067677
69120,0.32945123,0.32945123,1e-05,4.01256514,0.54071646
69125,0.34331307,0.34331303,1e-05,5.87955141,0.54075615
69130,0.32059877,0.32059879,1e-05,4.76676369,0.54079583
69135,0.38273249,0.38273246,1e-05,3.0603919,0.54083552
69140,0.38931041,0.38931041,1e-05,4.52724171,0.54087521
69145,0.30288243,0.30288246,1e-05,4.32545328,0.5409149
69150,0.34228821,0.34228821,1e-05,5.86941481,0.54095459
69155,0.30717587,0.30717587,1e-05,5.17635965,0.54099428
69160,0.37300963,0.37300968,1e-05,7.05849218,0.54103397
69165,0.3478652,0.3478652,1e-05,3.67636871,0.54107365
69170,0.35985944,0.35985942,1e-05,4.41998243,0.54111334
69175,0.30610595,0.30610592,1e-05,4.78639269,0.54115303
69180,0.30185132,0.30185132,1e-05,3.46810126,0.54119272
69185,0.3641274,0.3641274,1e-05,3.40777302,0.54123241
69190,0.35805821,0.35805821,1e-05,5.58040714,0.5412721
69195,0.39430537,0.39430537,1e-05,18.60185814,0.54131179
69200,0.34666498,0.34666495,1e-05,4.32164097,0.54135147
69205,0.40950818,0.40950813,1e-05,7.8835969,0.54139116
69210,0.37666016,0.37666018,1e-05,4.85506821,0.54143085
69215,0.35461674,0.35461674,1e-05,4.89258003,0.54147054
69220,0.31123443,0.31123438,1e-05,4.29369164,0.54151023
69225,0.37864904,0.37864904,1e-05,4.34239531,0.54154992
69230,0.34577603,0.34577601,1e-05,3.1598289,0.5415896
69235,0.32440562,0.3244056,1e-05,5.04881954,0.54162929
69240,0.42422247,0.42422247,1e-05,4.9053998,0.54166898
69245,0.36892047,0.36892047,1e-05,3.6416378,0.54170867
69250,0.30810175,0.30810175,1e-05,4.16439962,0.54174836
69255,0.47839661,0.45358018,1e-05,2.00541449,0.54178805
69260,0.34467881,0.34467878,1e-05,3.94255066,0.54182774
69265,0.30915365,0.30915365,1e-05,3.5800426,0.54186742
69270,0.31106567,0.31106565,1e-05,5.51225281,0.54190711
69275,0.34582083,0.34582083,1e-05,3.8975296,0.5419468
69280,0.31445494,0.31445496,1e-05,5.10622311,0.54198649
69285,0.36138291,0.36138291,1e-05,9.35698986,0.54202618
69290,0.33339651,0.33339651,1e-05,3.73068118,0.54206587
69295,0.36749678,0.36749678,1e-05,4.7011385,0.54210556
69300,0.40012455,0.4001246,1e-05,5.21791792,0.54214524
69305,0.37511477,0.37511477,1e-05,4.12140274,0.54218493
69310,0.38087232,0.38087232,1e-05,7.27688026,0.54222462
69315,0.37118502,0.37118497,1e-05,5.9860816,0.54226431
69320,0.4048275,0.4048275,1e-05,7.98779011,0.542304
69325,0.3581389,0.35813887,1e-05,5.91123247,0.54234369
69330,0.34149442,0.34149442,1e-05,3.49442863,0.54238338
69335,0.31589556,0.31589561,1e-05,4.00421667,0.54242306
69340,0.34325743,0.34325743,1e-05,7.48986626,0.54246275
69345,0.2966377,0.2966377,1e-05,4.70837688,0.54250244
69350,0.31139243,0.31139245,1e-05,4.38565874,0.54254213
69355,0.39359117,0.39359117,1e-05,7.74444914,0.54258182
69360,0.34107912,0.34107909,1e-05,3.67445755,0.54262151
69365,0.3679795,0.36797948,1e-05,7.97608757,0.54266119
69370,0.39395964,0.39395962,1e-05,5.11454058,0.54270088
69375,0.30522299,0.30522296,1e-05,3.83029366,0.54274057
69380,0.39747405,0.39747407,1e-05,4.40865517,0.54278026
69385,0.36844995,0.36844997,1e-05,4.88064718,0.54281995
69390,0.36652002,0.36652002,1e-05,4.40072966,0.54285964
69395,0.36159995,0.36159995,1e-05,6.00213957,0.54289933
69400,0.35306387,0.35306382,1e-05,7.43464947,0.54293901
69405,0.33036575,0.33036575,1e-05,4.74779987,0.5429787
69410,0.38200235,0.38200238,1e-05,4.85533381,0.54301839
69415,0.36836176,0.36836176,1e-05,6.87650108,0.54305808
69420,0.31721301,0.31721301,1e-05,4.03020239,0.54309777
69425,0.29668353,0.29668355,1e-05,5.18775988,0.54313746
69430,0.38899264,0.38899264,1e-05,12.16976643,0.54317715
69435,0.34155111,0.34155111,1e-05,3.81179905,0.54321683
69440,0.35545125,0.3554512,1e-05,4.90677929,0.54325652
69445,0.39484038,0.39484038,1e-05,3.81253529,0.54329621
69450,0.31712384,0.31712384,1e-05,4.22477579,0.5433359
69455,0.37125721,0.37125723,1e-05,4.37934589,0.54337559
69460,0.37720451,0.37720451,1e-05,4.55047131,0.54341528
69465,0.34499745,0.34499743,1e-05,3.95857763,0.54345497
69470,0.32619758,0.3261976,1e-05,2.83214211,0.54349465
69475,0.45225353,0.45225353,1e-05,3.85596561,0.54353434
69480,0.36549659,0.36549659,1e-05,4.72962952,0.54357403
69485,0.36516008,0.36516008,1e-05,3.72325706,0.54361372
69490,0.38612518,0.38612514,1e-05,4.9651866,0.54365341
69495,0.35382047,0.35382044,1e-05,3.85063314,0.5436931
69500,0.32138033,0.32138038,1e-05,9.8308382,0.54373279
69505,0.37420306,0.37420306,1e-05,3.07974625,0.54377247
69510,0.36744492,0.36744494,1e-05,5.55758572,0.54381216
69515,0.33052573,0.33052573,1e-05,6.14464712,0.54385185
69520,0.40466428,0.40466423,1e-05,5.10015106,0.54389154
69525,0.40104914,0.40104914,1e-05,4.09041071,0.54393123
69530,0.33774939,0.33774936,1e-05,4.48981333,0.54397092
69535,0.34781184,0.34781179,1e-05,3.77823877,0.5440106
69540,0.32642598,0.32642601,1e-05,5.12823105,0.54405029
69545,0.41252956,0.41252961,1e-05,5.56550646,0.54408998
69550,0.39041491,0.39041493,1e-05,4.44903564,0.54412967
69555,0.32478299,0.32478299,1e-05,2.92063642,0.54416936
69560,0.3959805,0.39598048,1e-05,5.29358339,0.54420905
69565,0.30516722,0.30516725,1e-05,3.62391281,0.54424874
69570,0.40412183,0.38058162,1e-05,7.07955551,0.54428842
69575,0.32739854,0.32739854,1e-05,4.96626806,0.54432811
69580,0.34414535,0.34414535,1e-05,4.90456867,0.5443678
69585,0.33891692,0.33891692,1e-05,4.4402132,0.54440749
69590,0.36896517,0.36896515,1e-05,4.60994196,0.54444718
69595,0.28964059,0.28964057,1e-05,3.85372472,0.54448687
69600,0.35317655,0.35317657,1e-05,3.54913855,0.54452656
69605,0.34107113,0.34107115,1e-05,3.79511213,0.54456624
69610,0.3690068,0.36900685,1e-05,3.11703873,0.54460593
69615,0.40943756,0.40943756,1e-05,5.8087554,0.54464562
69620,0.34428844,0.34428844,1e-05,5.16443539,0.54468531
69625,0.29407701,0.29407704,1e-05,2.83028197,0.544725
69630,0.35997071,0.35997076,1e-05,5.99266195,0.54476469
69635,0.41129775,0.4112978,1e-05,9.40403557,0.54480438
69640,0.35377553,0.35377555,1e-05,6.7987051,0.54484406
69645,0.32838411,0.32838411,1e-05,7.5522747,0.54488375
69650,0.33050811,0.33050811,1e-05,4.39155817,0.54492344
69655,0.32530067,0.32530065,1e-05,3.80008984,0.54496313
69660,0.41222944,0.41222944,1e-05,4.97171259,0.54500282
69665,0.3765274,0.3765274,1e-05,3.92636991,0.54504251
69670,0.35869884,0.35869884,1e-05,3.17480731,0.54508219
69675,0.40504169,0.40504169,1e-05,6.86691236,0.54512188
69680,0.38089178,0.3808918,1e-05,4.30677271,0.54516157
69685,0.30069621,0.30069623,1e-05,3.48039484,0.54520126
69690,0.34075589,0.34075589,1e-05,13.77820015,0.54524095
69695,0.32799973,0.32799973,1e-05,3.74548936,0.54528064
69700,0.36118946,0.36118946,1e-05,4.50257587,0.54532033
69705,0.3643918,0.36439176,1e-05,7.18721771,0.54536001
69710,0.32546148,0.32546148,1e-05,4.92865038,0.5453997
69715,0.35004313,0.35004313,1e-05,4.15229797,0.54543939
69720,0.36491358,0.36491361,1e-05,3.68328071,0.54547908
69725,0.32131205,0.32131205,1e-05,5.61286449,0.54551877
69730,0.3413846,0.34138455,1e-05,3.01356292,0.54555846
69735,0.31561732,0.31561732,1e-05,5.50278807,0.54559815
69740,0.3491611,0.3491611,1e-05,4.94249773,0.54563783
69745,0.36096597,0.36096592,1e-05,5.32266378,0.54567752
69750,0.29562068,0.29562068,1e-05,3.99991727,0.54571721
69755,0.3383183,0.33831832,1e-05,2.96733546,0.5457569
69760,0.28605099,0.28605099,1e-05,5.30881548,0.54579659
69765,0.31621773,0.31621771,1e-05,3.36810207,0.54583628
69770,0.3149559,0.31495593,1e-05,3.37514091,0.54587597
69775,0.38762412,0.38762412,1e-05,4.42543507,0.54591565
69780,0.34617882,0.34617882,1e-05,3.65576768,0.54595534
69785,0.39247251,0.39247248,1e-05,4.43728781,0.54599503
69790,0.39967551,0.39967554,1e-05,5.47062349,0.54603472
69795,0.4298131,0.4298131,1e-05,6.76581907,0.54607441
69800,0.37649689,0.37649689,1e-05,5.27373028,0.5461141
69805,0.31639183,0.3163918,1e-05,5.19032145,0.54615379
69810,0.36550164,0.36550164,1e-05,4.45846272,0.54619347
69815,0.31259091,0.31259089,1e-05,3.74016261,0.54623316
69820,0.33979802,0.33979802,1e-05,3.82045293,0.54627285
69825,0.32370815,0.32370813,1e-05,10.00014114,0.54631254
69830,0.36294284,0.36294284,1e-05,6.05474758,0.54635223
69835,0.32638822,0.32638822,1e-05,3.85883403,0.54639192
69840,0.34362221,0.34362221,1e-05,3.79475498,0.5464316
69845,0.36600351,0.36600347,1e-05,4.20918703,0.54647129
69850,0.42895298,0.42895298,1e-05,4.44090652,0.54651098
69855,0.32472689,0.32472689,1e-05,6.88298416,0.54655067
69860,0.34577222,0.34577222,1e-05,5.71136141,0.54659036
69865,0.35940382,0.3594038,1e-05,4.53986883,0.54663005
69870,0.34901528,0.34901531,1e-05,5.26992702,0.54666974
69875,0.34534481,0.34534478,1e-05,3.99822807,0.54670942
69880,0.42953563,0.4270902,1e-05,4.14868879,0.54674911
69885,0.3947226,0.37582475,1e-05,3.93304682,0.5467888
69890,0.32014432,0.32014427,1e-05,5.48713589,0.54682849
69895,0.41355414,0.41355414,1e-05,6.59521055,0.54686818
69900,0.3126914,0.3126914,1e-05,5.36280775,0.54690787
69905,0.31464968,0.31464968,1e-05,5.14325237,0.54694756
69910,0.36912487,0.36912489,1e-05,7.02210426,0.54698724
69915,0.40400648,0.40400648,1e-05,4.55178833,0.54702693
69920,0.39671783,0.39671783,1e-05,3.5952673,0.54706662
69925,0.36625304,0.36625299,1e-05,2.46514297,0.54710631
69930,0.32688906,0.32688909,1e-05,4.54900599,0.547146
69935,0.31905136,0.31905136,1e-05,4.3818779,0.54718569
69940,0.29784508,0.29784508,1e-05,2.49610186,0.54722538
69945,0.32989104,0.32989104,1e-05,5.16379118,0.54726506
69950,0.29922237,0.29922237,1e-05,4.46957207,0.54730475
69955,0.34144247,0.34144244,1e-05,8.8400774,0.54734444
69960,0.37302661,0.37302656,1e-05,4.35915136,0.54738413
69965,0.35399127,0.35399127,1e-05,3.22920537,0.54742382
69970,0.37261868,0.37261868,1e-05,4.60902882,0.54746351
69975,0.31231685,0.31231682,1e-05,8.33330345,0.54750319
69980,0.3313427,0.3313427,1e-05,3.82096267,0.54754288
69985,0.33496723,0.33496723,1e-05,11.52470875,0.54758257
69990,0.33922069,0.33922067,1e-05,4.28622866,0.54762226
69995,0.41615667,0.41615667,1e-05,4.26396227,0.54766195
70000,0.33620558,0.33620558,1e-05,3.49901819,0.54770164
70005,0.33737698,0.33737698,1e-05,4.15552568,0.54774133
70010,0.39054301,0.39054303,1e-05,3.49085259,0.54778101
70015,0.3091624,0.30916243,1e-05,8.56034946,0.5478207
70020,0.36039119,0.36039119,1e-05,7.38489819,0.54786039
70025,0.38462062,0.38462062,1e-05,5.11593866,0.54790008
70030,0.38730626,0.38730626,1e-05,5.98961449,0.54793977
70035,0.34083381,0.34083378,1e-05,5.19594669,0.54797946
70040,0.43253202,0.43253202,1e-05,4.64416504,0.54801915
70045,0.38251965,0.38251963,1e-05,4.81049919,0.54805883
70050,0.31327581,0.31327581,1e-05,4.72964096,0.54809852
70055,0.34533122,0.34533119,1e-05,4.11361217,0.54813821
70060,0.40799322,0.40799322,1e-05,5.59869099,0.5481779
70065,0.30726657,0.30726657,1e-05,2.74885821,0.54821759
70070,0.36087677,0.36087677,1e-05,3.70980668,0.54825728
70075,0.35540333,0.35540333,1e-05,5.00506735,0.54829697
70080,0.37357073,0.37357073,1e-05,5.20894527,0.54833665
70085,0.36988349,0.36988349,1e-05,4.62179661,0.54837634
70090,0.3620333,0.36203327,1e-05,4.37682629,0.54841603
70095,0.36276014,0.36276011,1e-05,3.91901112,0.54845572
70100,0.32823615,0.32823615,1e-05,6.30075216,0.54849541
70105,0.38104124,0.38104124,1e-05,5.96286774,0.5485351
70110,0.33146062,0.33146062,1e-05,12.04964161,0.54857479
70115,0.29312391,0.29312389,1e-05,5.19808626,0.54861447
70120,0.32357337,0.32357335,1e-05,3.92688608,0.54865416
70125,0.33206594,0.33206592,1e-05,4.49697971,0.54869385
70130,0.35416605,0.35416603,1e-05,4.79528475,0.54873354
70135,0.37348619,0.37348616,1e-05,4.20403433,0.54877323
70140,0.34638491,0.34638491,1e-05,3.86987185,0.54881292
70145,0.39282753,0.39282756,1e-05,5.06003523,0.5488526
70150,0.32855597,0.32855592,1e-05,4.03433084,0.54889229
70155,0.35974259,0.35974255,1e-05,9.13336086,0.54893198
70160,0.35864773,0.35864773,1e-05,8.20216846,0.54897167
70165,0.35706477,0.3570648,1e-05,4.29816818,0.54901136
70170,0.3844856,0.3844856,1e-05,4.93447495,0.54905105
70175,0.36585784,0.36585789,1e-05,5.18277836,0.54909074
70180,0.39441037,0.39441037,1e-05,6.49102736,0.54913042
70185,0.36005721,0.36005721,1e-05,6.90413523,0.54917011
70190,0.30737982,0.30737979,1e-05,5.77609921,0.5492098
70195,0.39715612,0.38776981,1e-05,3.86903477,0.54924949
70200,0.34252844,0.34252844,1e-05,3.82384992,0.54928918
70205,0.36556323,0.36556323,1e-05,5.43857527,0.54932887
70210,0.35317574,0.35317571,1e-05,4.24348259,0.54936856
70215,0.35550394,0.35550394,1e-05,4.55264282,0.54940824
70220,0.380246,0.38024602,1e-05,5.43497753,0.54944793
70225,0.35753949,0.35753946,1e-05,4.38908863,0.54948762
70230,0.34928875,0.34928873,1e-05,4.02690363,0.54952731
70235,0.30704267,0.30704269,1e-05,4.15554714,0.549567
70240,0.39156389,0.39156387,1e-05,5.22671652,0.54960669
70245,0.36762023,0.36762028,1e-05,6.18566656,0.54964638
70250,0.31197224,0.31197224,1e-05,7.15634298,0.54968606
70255,0.40559096,0.40559096,1e-05,5.11162615,0.54972575
70260,0.37833352,0.37833357,1e-05,6.44756603,0.54976544
70265,0.32722325,0.32722325,1e-05,3.67572784,0.54980513
70270,0.3382967,0.3382967,1e-05,4.26187611,0.54984482
70275,0.34782023,0.34782021,1e-05,7.25343943,0.54988451
70280,0.3617825,0.3617825,1e-05,4.17924452,0.54992419
70285,0.4557508,0.45575085,1e-05,5.73666906,0.54996388
70290,0.37739911,0.37739906,1e-05,5.03569889,0.55000357
70295,0.33927546,0.33927546,1e-05,5.07447052,0.55004326
70300,0.39922686,0.39922686,1e-05,4.58795834,0.55008295
70305,0.3747139,0.3747139,1e-05,6.7067399,0.55012264
70310,0.33274341,0.33274336,1e-05,7.72455263,0.55016233
70315,0.34249835,0.3424984,1e-05,5.29251671,0.55020201
70320,0.32318127,0.32318125,1e-05,4.72910309,0.5502417
70325,0.36955543,0.36955543,1e-05,5.82623386,0.55028139
70330,0.31040435,0.31040435,1e-05,4.58991528,0.55032108
70335,0.3687242,0.3687242,1e-05,3.22306442,0.55036077
70340,0.3396359,0.3396359,1e-05,4.24998331,0.55040046
70345,0.30498719,0.30498722,1e-05,4.38239288,0.55044015
70350,0.38311076,0.38311074,1e-05,5.71469975,0.55047983
70355,0.35251775,0.35251775,1e-05,3.49624395,0.55051952
70360,0.3640563,0.36405625,1e-05,5.16020489,0.55055921
70365,0.36699855,0.36699853,1e-05,5.69131899,0.5505989
70370,0.36834221,0.36834223,1e-05,4.63873005,0.55063859
70375,0.35603776,0.35603776,1e-05,4.02829599,0.55067828
70380,0.38105509,0.38105507,1e-05,3.0083189,0.55071797
70385,0.36329923,0.36329925,1e-05,4.19217682,0.55075765
70390,0.34946606,0.34946604,1e-05,6.03517056,0.55079734
70395,0.31172481,0.31172481,1e-05,7.17063951,0.55083703
70400,0.31213808,0.3121381,1e-05,5.09513617,0.55087672
70405,0.38794687,0.38794689,1e-05,5.36027622,0.55091641
70410,0.32633786,0.32633784,1e-05,4.99642658,0.5509561
70415,0.32748399,0.32748399,1e-05,3.46139669,0.55099579
70420,0.3934217,0.39342167,1e-05,5.34747839,0.55103547
70425,0.34102187,0.34102187,1e-05,5.12364054,0.55107516
70430,0.33766932,0.3376693,1e-05,5.18255472,0.55111485
70435,0.34612136,0.34612136,1e-05,5.63661623,0.55115454
70440,0.3542604,0.3542604,1e-05,4.55780935,0.55119423
70445,0.30365257,0.3036526,1e-05,4.96269941,0.55123392
70450,0.32468686,0.32468686,1e-05,3.70362878,0.5512736
70455,0.37257962,0.37257962,1e-05,4.46245861,0.55131329
70460,0.36290746,0.36290746,1e-05,4.54210663,0.55135298
70465,0.38657026,0.38657026,1e-05,4.12427902,0.55139267
70470,0.35490432,0.35490434,1e-05,4.99002028,0.55143236
70475,0.33394189,0.33394189,1e-05,3.41099143,0.55147205
70480,0.37278969,0.37278967,1e-05,5.00909615,0.55151174
70485,0.32692091,0.32692094,1e-05,4.64663887,0.55155142
70490,0.3510118,0.3510118,1e-05,5.64640856,0.55159111
70495,0.37540309,0.37540309,1e-05,3.47860575,0.5516308
70500,0.34068112,0.34068117,1e-05,6.1828208,0.55167049
70505,0.33654528,0.33654528,1e-05,4.40543175,0.55171018
70510,0.39756908,0.38007562,1e-05,4.20499229,0.55174987
70515,0.3819314,0.38193142,1e-05,7.04480839,0.55178956
70520,0.29606977,0.29606974,1e-05,4.80430412,0.55182924
70525,0.32148232,0.32148235,1e-05,4.75332594,0.55186893
70530,0.34585888,0.34585886,1e-05,5.38207865,0.55190862
70535,0.37526078,0.37526083,1e-05,5.87689972,0.55194831
70540,0.3279058,0.3279058,1e-05,6.15254688,0.551988
70545,0.34706719,0.34706719,1e-05,5.7732935,0.55202769
70550,0.35384874,0.35384874,1e-05,4.43665504,0.55206738
70555,0.38558345,0.38558345,1e-05,5.81107426,0.55210706
70560,0.31230974,0.31230979,1e-05,4.02386141,0.55214675
70565,0.37239196,0.37239194,1e-05,4.57133818,0.55218644
70570,0.30554566,0.30554566,1e-05,3.60143328,0.55222613
70575,0.34364843,0.34364841,1e-05,6.5601263,0.55226582
70580,0.3959852,0.3959852,1e-05,3.72119904,0.55230551
70585,0.37718186,0.37718191,1e-05,6.38067484,0.55234519
70590,0.28093469,0.28093469,1e-05,3.27234387,0.55238488
70595,0.35733304,0.35733302,1e-05,6.40891361,0.55242457
70600,0.35435772,0.35435772,1e-05,6.74742365,0.55246426
70605,0.36996412,0.36996412,1e-05,4.97634649,0.55250395
70610,0.32560439,0.32560439,1e-05,2.83419514,0.55254364
70615,0.31320407,0.31320407,1e-05,3.05374742,0.55258333
70620,0.30975533,0.30975533,1e-05,5.98344088,0.55262301
70625,0.32226095,0.32226098,1e-05,4.58255816,0.5526627
70630,0.38400264,0.38400264,1e-05,5.3637023,0.55270239
70635,0.3577373,0.3577373,1e-05,3.04375124,0.55274208
70640,0.38473101,0.38473101,1e-05,7.76356792,0.55278177
70645,0.30639014,0.30639012,1e-05,3.93375564,0.55282146
70650,0.37747455,0.37747457,1e-05,3.30891466,0.55286115
70655,0.3132133,0.3132133,1e-05,4.52016449,0.55290083
70660,0.39041262,0.39041262,1e-05,5.26693058,0.55294052
70665,0.35458636,0.35458634,1e-05,3.23006177,0.55298021
70670,0.34439406,0.34439406,1e-05,3.87414122,0.5530199
70675,0.35512054,0.35512056,1e-05,5.83423615,0.55305959
70680,0.35282092,0.35282094,1e-05,7.04495859,0.55309928
70685,0.36115839,0.36115839,1e-05,4.60660982,0.55313897
70690,0.39808321,0.39808321,1e-05,7.85453129,0.55317865
70695,0.38275266,0.38275266,1e-05,5.27798319,0.55321834
70700,0.36160498,0.36160498,1e-05,3.79989696,0.55325803
70705,0.40410576,0.40410571,1e-05,4.38148642,0.55329772
70710,0.31033802,0.31033797,1e-05,13.79183292,0.55333741
70715,0.33253396,0.33253396,1e-05,7.26675892,0.5533771
70720,0.34577575,0.34577575,1e-05,3.96096921,0.55341679
70725,0.33787959,0.33787956,1e-05,5.43465042,0.55345647
70730,0.41699352,0.41699352,1e-05,5.08734751,0.55349616
70735,0.33563519,0.33563519,1e-05,5.6845293,0.55353585
70740,0.38058999,0.38058996,1e-05,5.38310671,0.55357554
70745,0.33405409,0.33405409,1e-05,3.67093468,0.55361523
70750,0.36731274,0.36731277,1e-05,8.30615234,0.55365492
70755,0.39088938,0.39088938,1e-05,3.17687702,0.5536946
70760,0.32475729,0.32475729,1e-05,3.83493757,0.55373429
70765,0.34690588,0.34690585,1e-05,5.79859447,0.55377398
70770,0.34451175,0.34451175,1e-05,6.18832159,0.55381367
70775,0.35888405,0.35888405,1e-05,5.46583652,0.55385336
70780,0.37303295,0.37303295,1e-05,4.25204086,0.55389305
70785,0.380761,0.38076096,1e-05,5.39943838,0.55393274
70790,0.35734258,0.35734255,1e-05,4.73501492,0.55397242
70795,0.30665784,0.30665784,1e-05,5.85749626,0.55401211
70800,0.35513082,0.35513082,1e-05,8.57544804,0.5540518
70805,0.37026122,0.37026124,1e-05,5.76582003,0.55409149
70810,0.38102775,0.38102775,1e-05,4.26392555,0.55413118
70815,0.34566116,0.34566119,1e-05,3.7952137,0.55417087
70820,0.40388737,0.3999161,1e-05,4.89572239,0.55421056
70825,0.35118706,0.34849506,1e-05,3.84312701,0.55425024
70830,0.34662201,0.34662201,1e-05,6.37633228,0.55428993
70835,0.3088768,0.3088768,1e-05,4.54956675,0.55432962
70840,0.36358829,0.36358829,1e-05,6.7388382,0.55436931
70845,0.35515418,0.35515416,1e-05,5.16564846,0.554409
70850,0.31429715,0.31429715,1e-05,4.42949247,0.55444869
70855,0.37215967,0.37215967,1e-05,5.31144524,0.55448838
70860,0.3787951,0.37879512,1e-05,5.11785889,0.55452806
70865,0.30729375,0.30729375,1e-05,4.15773821,0.55456775
70870,0.32062378,0.32062378,1e-05,4.42241192,0.55460744
70875,0.31406367,0.31406367,1e-05,5.64101124,0.55464713
70880,0.37320328,0.37320328,1e-05,4.79614449,0.55468682
70885,0.40905733,0.40905738,1e-05,8.18145275,0.55472651
70890,0.34093525,0.34093528,1e-05,4.36170101,0.55476619
70895,0.32200077,0.32200074,1e-05,5.64510727,0.55480588
70900,0.36759105,0.36759102,1e-05,3.93349457,0.55484557
70905,0.33996596,0.33996596,1e-05,4.62808943,0.55488526
70910,0.34404922,0.34404922,1e-05,5.44237185,0.55492495
70915,0.35351222,0.35351219,1e-05,4.18299341,0.55496464
70920,0.35465794,0.35465791,1e-05,5.03025198,0.55500433
70925,0.35357318,0.3535732,1e-05,4.77229357,0.55504401
70930,0.31632748,0.31632748,1e-05,6.77688932,0.5550837
70935,0.31402781,0.31402779,1e-05,5.37060404,0.55512339
70940,0.36950469,0.36950467,1e-05,3.71140909,0.55516308
70945,0.33954473,0.33954468,1e-05,6.07265186,0.55520277
70950,0.35363922,0.3536392,1e-05,3.96164322,0.55524246
70955,0.34237795,0.34237795,1e-05,4.05012655,0.55528215
70960,0.30239458,0.3023946,1e-05,3.86616611,0.55532183
70965,0.37876823,0.37876823,1e-05,4.83637857,0.55536152
70970,0.33364704,0.33364701,1e-05,2.94856548,0.55540121
70975,0.33715029,0.33715029,1e-05,4.7560854,0.5554409
70980,0.30538688,0.30538688,1e-05,4.06953478,0.55548059
70985,0.34676776,0.34676771,1e-05,4.99813557,0.55552028
70990,0.32602711,0.32602711,1e-05,5.83127213,0.55555997
70995,0.32737427,0.32737427,1e-05,13.15815639,0.55559965
71000,0.45323334,0.45323334,1e-05,4.94142342,0.55563934
71005,0.37584298,0.37584295,1e-05,3.81169796,0.55567903
71010,0.30730834,0.30730832,1e-05,3.79102182,0.55571872
71015,0.34433379,0.34433379,1e-05,3.50140381,0.55575841
71020,0.3642004,0.3642004,1e-05,3.00319099,0.5557981
71025,0.3317791,0.3317791,1e-05,4.08905983,0.55583779
71030,0.30762925,0.30762925,1e-05,3.89068055,0.55587747
71035,0.4007226,0.4007226,1e-05,3.62962747,0.55591716
71040,0.36901064,0.36901059,1e-05,4.38569212,0.55595685
71045,0.35860839,0.35860837,1e-05,6.43635702,0.55599654
71050,0.39785271,0.39785271,1e-05,9.09978485,0.55603623
71055,0.32620082,0.32620084,1e-05,4.71287155,0.55607592
71060,0.33711107,0.33711109,1e-05,4.0436945,0.5561156
71065,0.3499943,0.34999428,1e-05,4.41937065,0.55615529
71070,0.33773463,0.3377346,1e-05,4.53795671,0.55619498
71075,0.33638921,0.33638921,1e-05,4.53081608,0.55623467
71080,0.32000332,0.32000332,1e-05,3.52173495,0.55627436
71085,0.41317821,0.41317821,1e-05,5.32944107,0.55631405
71090,0.40006652,0.40006652,1e-05,5.09388924,0.55635374
71095,0.35967071,0.35967071,1e-05,4.54847097,0.55639342
71100,0.3939887,0.3939887,1e-05,5.04129076,0.55643311
71105,0.31855273,0.31855273,1e-05,4.09952688,0.5564728
71110,0.3963789,0.3963789,1e-05,4.60097647,0.55651249
71115,0.3202323,0.32023232,1e-05,4.20752096,0.55655218
71120,0.37353687,0.37353687,1e-05,6.56205177,0.55659187
71125,0.33754859,0.33754857,1e-05,7.81797981,0.55663156
71130,0.31897202,0.31897202,1e-05,5.29923916,0.55667124
71135,0.39527681,0.38172662,1e-05,3.32761574,0.55671093
71140,0.35310259,0.35310259,1e-05,8.72241306,0.55675062
71145,0.37347713,0.37347713,1e-05,7.0655098,0.55679031
71150,0.34526343,0.34526339,1e-05,11.85972595,0.55683
71155,0.40266724,0.40266724,1e-05,6.28786087,0.55686969
71160,0.35487881,0.35487883,1e-05,3.36676836,0.55690938
71165,0.35179734,0.35179734,1e-05,8.67989826,0.55694906
71170,0.41042185,0.41042185,1e-05,5.75698233,0.55698875
71175,0.37565536,0.37565536,1e-05,6.14293289,0.55702844
71180,0.31642585,0.31642585,1e-05,5.64384222,0.55706813
71185,0.34506805,0.34506807,1e-05,6.53883362,0.55710782
71190,0.3493763,0.3493763,1e-05,3.84088087,0.55714751
71195,0.35590587,0.35590591,1e-05,3.88351512,0.55718719
71200,0.34137878,0.34137878,1e-05,4.76164103,0.55722688
71205,0.32500472,0.32500472,1e-05,4.24803829,0.55726657
71210,0.33441129,0.33441129,1e-05,3.86561561,0.55730626
71215,0.29707618,0.29707615,1e-05,5.76664019,0.55734595
71220,0.36253037,0.3625304,1e-05,9.72539616,0.55738564
71225,0.36899962,0.36899962,1e-05,6.7735734,0.55742533
