step,loss,ce_sot,learning_rate,grad_norm,epoch
1,0.55346215,0.53406702,2e-08,10.21998978,0.00093699
5,0.43831778,0.45161128,1e-07,5.01210117,0.00468494
10,0.44540238,0.43729523,2e-07,3.98925996,0.00936988
15,0.40013728,0.40639369,3e-07,2.023525,0.01405481
20,0.42618504,0.40518669,4e-07,13.92433167,0.01873975
25,0.44111104,0.43534442,5e-07,3.86722255,0.02342469
30,0.44058657,0.42866421,6e-07,11.93563557,0.02810963
35,0.41101003,0.37935873,7e-07,1.55850708,0.03279457
40,0.40573449,0.40016267,8e-07,3.36894131,0.0374795
45,0.35928364,0.35062686,9e-07,5.28205347,0.04216444
50,0.40029721,0.39849187,1e-06,1.78888309,0.04684938
55,0.41137948,0.38494873,1.1e-06,3.22828078,0.05153432
60,0.44849043,0.37014817,1.2e-06,7.05752325,0.05621926
65,0.44173326,0.35801666,1.3e-06,7.10126162,0.06090419
70,0.36209908,0.35965332,1.4e-06,2.18799591,0.06558913
75,0.39656425,0.35578274,1.5e-06,5.08088064,0.07027407
80,0.36908312,0.32213631,1.6e-06,1.13345873,0.07495901
85,0.40632677,0.36084303,1.7e-06,7.20456171,0.07964394
90,0.39874606,0.34046284,1.8e-06,8.28344822,0.08432888
95,0.41016674,0.35079563,1.9e-06,9.53894615,0.08901382
100,0.38728139,0.32101478,2e-06,8.01581573,0.09369876
105,0.48647547,0.35490572,2.1e-06,7.76888084,0.0983837
110,0.39648995,0.37507444,2.2e-06,4.17914486,0.10306863
115,0.38332675,0.35317318,2.3e-06,2.28060102,0.10775357
120,0.3220814,0.311695,2.4e-06,1.83063459,0.11243851
125,0.44948335,0.34628187,2.5e-06,26.12240982,0.11712345
130,0.32230489,0.3267431,2.6e-06,1.22579455,0.12180839
135,0.35562196,0.35095571,2.7e-06,1.29687607,0.12649332
140,0.36105402,0.33067273,2.8e-06,1.24856842,0.13117826
145,0.3308542,0.33836158,2.9e-06,1.99274874,0.1358632
150,0.34656632,0.32668181,3e-06,10.11027622,0.14054814
155,0.40527563,0.32604833,3.1e-06,15.03201771,0.14523308
160,0.34248238,0.30496037,3.2e-06,2.45223117,0.14991801
165,0.35067976,0.32594952,3.3e-06,3.01333046,0.15460295
170,0.34326351,0.32993419,3.4e-06,4.02528286,0.15928789
175,0.34565525,0.34550809,3.5e-06,1.39783514,0.16397283
180,0.36487398,0.3698691,3.6e-06,2.27714419,0.16865777
185,0.40517235,0.34208293,3.7e-06,2.63054061,0.1733427
190,0.31105611,0.28078026,3.8e-06,6.55603361,0.17802764
195,0.31955214,0.31013188,3.9e-06,4.21408892,0.18271258
200,0.33086886,0.3168016,4e-06,2.63287377,0.18739752
205,0.33593657,0.31252791,4.1e-06,2.57850862,0.19208245
210,0.33003068,0.32057955,4.2e-06,1.31495547,0.19676739
215,0.37909648,0.34573774,4.3e-06,4.30288172,0.20145233
220,0.40451031,0.30721418,4.4e-06,7.8721261,0.20613727
225,0.34920971,0.32078069,4.5e-06,9.12872601,0.21082221
230,0.33609164,0.3013116,4.6e-06,4.65936852,0.21550714
235,0.36575146,0.31743476,4.7e-06,6.87750578,0.22019208
240,0.34313786,0.27940517,4.8e-06,3.26092219,0.22487702
245,0.35976892,0.33552627,4.9e-06,1.28349364,0.22956196
250,0.40914264,0.32689295,5e-06,3.56912303,0.2342469
255,0.40848608,0.3436243,5.1e-06,1.44213414,0.23893183
260,0.3254169,0.30561814,5.2e-06,1.61920297,0.24361677
265,0.36163979,0.32468896,5.3e-06,7.090096,0.24830171
270,0.3110235,0.2888567,5.4e-06,2.02649832,0.25298665
275,0.36993361,0.31020632,5.5e-06,3.811028,0.25767159
280,0.32574925,0.30113041,5.6e-06,1.38360655,0.26235652
285,0.28786426,0.29289477,5.7e-06,3.52990294,0.26704146
290,0.33662457,0.28571765,5.8e-06,3.95347095,0.2717264
295,0.35693679,0.30806458,5.9e-06,18.88875198,0.27641134
300,0.37240543,0.34191041,6e-06,3.39060354,0.28109628
305,0.37613282,0.32873201,6.1e-06,7.26428699,0.28578121
310,0.31041136,0.29261683,6.2e-06,6.91471052,0.29046615
315,0.34568324,0.27931971,6.3e-06,1.89978838,0.29515109
320,0.31547489,0.28251842,6.4e-06,11.77244568,0.29983603
325,0.34646122,0.3183067,6.5e-06,3.0509634,0.30452097
330,0.30194945,0.28119889,6.6e-06,4.60092974,0.3092059
335,0.37461789,0.33228048,6.7e-06,4.5533247,0.31389084
340,0.33995886,0.32332865,6.8e-06,9.45567703,0.31857578
345,0.36037626,0.34853355,6.9e-06,1.18371248,0.32326072
350,0.3333024,0.31152789,7e-06,2.26744318,0.32794565
355,0.29115622,0.27210367,7.1e-06,3.63250113,0.33263059
360,0.31793685,0.29544783,7.2e-06,2.20358062,0.33731553
365,0.33481369,0.29815418,7.3e-06,2.52955675,0.34200047
370,0.32313037,0.28779549,7.4e-06,1.48829997,0.34668541
375,0.35201597,0.32767331,7.5e-06,1.99030471,0.35137034
380,0.3439465,0.29464421,7.6e-06,9.70087051,0.35605528
385,0.32500062,0.31572862,7.7e-06,1.48751652,0.36074022
390,0.36983862,0.31561933,7.8e-06,5.5738883,0.36542516
395,0.3368187,0.33459546,7.9e-06,2.10193777,0.3701101
400,0.30183001,0.29399045,8e-06,2.87780237,0.37479503
405,0.32660346,0.30984451,8.1e-06,1.62985253,0.37947997
410,0.31721551,0.29070163,8.2e-06,1.6232574,0.38416491
415,0.36286287,0.29178778,8.3e-06,6.67056656,0.38884985
420,0.35499992,0.27742069,8.4e-06,4.89491892,0.39353479
425,0.37882283,0.30039448,8.5e-06,4.61414099,0.39821972
430,0.34619379,0.28397683,8.6e-06,1.20733571,0.40290466
435,0.32536283,0.30338097,8.7e-06,1.37971604,0.4075896
440,0.33125679,0.32251371,8.8e-06,1.91091919,0.41227454
445,0.2728421,0.27382097,8.9e-06,2.9469893,0.41695948
450,0.34359236,0.3052655,9e-06,6.87719202,0.42164441
455,0.32647102,0.27984232,9.1e-06,3.62209034,0.42632935
460,0.35014448,0.3021147,9.2e-06,2.66143918,0.43101429
465,0.31340542,0.2856599,9.3e-06,3.88000083,0.43569923
470,0.30212011,0.27519154,9.4e-06,3.55545831,0.44038416
475,0.33722267,0.28559206,9.5e-06,7.02671814,0.4450691
480,0.32317762,0.32470025,9.6e-06,2.22351146,0.44975404
485,0.30585189,0.28898409,9.7e-06,9.41738033,0.45443898
490,0.33491344,0.27934091,9.8e-06,2.07495213,0.45912392
495,0.33072019,0.30552883,9.9e-06,3.63395858,0.46380885
500,0.32325325,0.30215512,1e-05,9.78642464,0.46849379
505,0.39957309,0.33107183,1e-05,7.41236448,0.47317873
510,0.36841702,0.30742978,1e-05,6.08838654,0.47786367
515,0.38990555,0.34549294,1e-05,6.73025846,0.48254861
520,0.3119204,0.31615586,1e-05,3.67307758,0.48723354
525,0.3478157,0.31754911,1e-05,6.62064886,0.49191848
530,0.31766982,0.31204086,1e-05,4.41494083,0.49660342
535,0.33989968,0.2878049,1e-05,7.23160553,0.50128836
540,0.33675399,0.30287703,1e-05,5.28206778,0.5059733
545,0.33157711,0.32128791,1e-05,5.23683119,0.51065823
550,0.36515033,0.29930417,1e-05,7.74279022,0.51534317
555,0.44657402,0.33156555,1e-05,12.12224102,0.52002811
560,0.36545453,0.3053353,1e-05,5.80389261,0.52471305
565,0.36593709,0.29811016,1e-05,1.39390886,0.52939799
570,0.35906649,0.27385481,1e-05,4.0931592,0.53408292
575,0.30924911,0.28010046,1e-05,6.14630508,0.53876786
580,0.33885448,0.2710219,1e-05,3.12458014,0.5434528
585,0.33338976,0.29528482,1e-05,3.25287175,0.54813774
590,0.32664914,0.30937657,1e-05,8.13308144,0.55282268
595,0.31481149,0.30928794,1e-05,4.30925846,0.55750761
600,0.31741858,0.30832507,1e-05,1.40668356,0.56219255
605,0.32082486,0.31140633,1e-05,1.33193004,0.56687749
610,0.34023399,0.30615293,1e-05,20.42036247,0.57156243
615,0.34997356,0.27016903,1e-05,9.79049587,0.57624736
620,0.32510431,0.30334044,1e-05,1.35632849,0.5809323
625,0.297861,0.26565051,1e-05,1.49063993,0.58561724
630,0.34375391,0.30036305,1e-05,4.73777008,0.59030218
635,0.36306396,0.31557006,1e-05,21.65534592,0.59498712
640,0.28751512,0.28644512,1e-05,2.59031868,0.59967205
645,0.32814975,0.29823917,1e-05,1.9140296,0.60435699
650,0.37543564,0.3169334,1e-05,10.65692139,0.60904193
655,0.31730871,0.30106128,1e-05,1.15000772,0.61372687
660,0.30461621,0.29567738,1e-05,1.30547237,0.61841181
665,0.3390265,0.29886783,1e-05,1.44439244,0.62309674
670,0.32672579,0.29866219,1e-05,1.41712606,0.62778168
675,0.33351679,0.29431848,1e-05,5.73165607,0.63246662
680,0.31536379,0.32478496,1e-05,1.25079405,0.63715156
685,0.31132984,0.28298896,1e-05,3.83980227,0.6418365
690,0.34061408,0.29767271,1e-05,4.57038689,0.64652143
695,0.29425993,0.27184737,1e-05,2.6672101,0.65120637
700,0.40765066,0.27533001,1e-05,4.64927578,0.65589131
705,0.35420454,0.29607654,1e-05,3.8722558,0.66057625
710,0.3685534,0.29585349,1e-05,1.22288346,0.66526119
715,0.34387975,0.28960544,1e-05,2.65349913,0.66994612
720,0.36975486,0.30828135,1e-05,5.10824966,0.67463106
725,0.39009581,0.29824634,1e-05,19.38815308,0.679316
730,0.3181087,0.31137311,1e-05,2.24182606,0.68400094
735,0.32192786,0.29225315,1e-05,3.82210064,0.68868587
740,0.41638737,0.3015324,1e-05,2.42042065,0.69337081
745,0.31617613,0.28540788,1e-05,4.23455667,0.69805575
750,0.31055961,0.26646569,1e-05,2.4286387,0.70274069
755,0.35349565,0.29581035,1e-05,1.8097744,0.70742563
760,0.39806948,0.3152193,1e-05,3.8386178,0.71211056
765,0.41068873,0.33028715,1e-05,2.51543093,0.7167955
770,0.33072014,0.29295641,1e-05,1.7187295,0.72148044
775,0.31527753,0.26298196,1e-05,2.69440293,0.72616538
780,0.29518301,0.30002136,1e-05,2.12308145,0.73085032
785,0.38123078,0.30112924,1e-05,10.25462055,0.73553525
790,0.3008054,0.27713573,1e-05,2.72083759,0.74022019
795,0.26289468,0.26220412,1e-05,1.42938268,0.74490513
800,0.31705761,0.31018669,1e-05,1.4882499,0.74959007
805,0.34410903,0.329305,1e-05,5.96693897,0.75427501
810,0.35353601,0.30208194,1e-05,4.22979975,0.75895994
815,0.34934871,0.30714459,1e-05,1.89575219,0.76364488
820,0.33763242,0.29629414,1e-05,7.68282461,0.76832982
825,0.32313435,0.30931233,1e-05,4.90978193,0.77301476
830,0.35079246,0.28811577,1e-05,4.19819212,0.7776997
835,0.37299824,0.32618185,1e-05,6.14646101,0.78238463
840,0.31023717,0.28626368,1e-05,2.78325176,0.78706957
845,0.39854996,0.28259585,1e-05,3.49568892,0.79175451
850,0.33342366,0.28023604,1e-05,1.35933137,0.79643945
855,0.36384859,0.2960467,1e-05,1.50282836,0.80112439
860,0.29702797,0.28658948,1e-05,1.4633863,0.80580932
865,0.29566417,0.29004346,1e-05,1.2076441,0.81049426
870,0.28466644,0.25705714,1e-05,1.60869575,0.8151792
875,0.3281148,0.29325804,1e-05,1.95313287,0.81986414
880,0.33776364,0.30639887,1e-05,4.99960184,0.82454907
885,0.33089788,0.28266765,1e-05,7.78129864,0.82923401
890,0.3912637,0.28681897,1e-05,6.20609426,0.83391895
895,0.39991295,0.32403638,1e-05,5.05204391,0.83860389
900,0.33302193,0.28269937,1e-05,4.0105567,0.84328883
905,0.34782109,0.28614918,1e-05,3.75549054,0.84797376
910,0.3258281,0.27830307,1e-05,2.72051048,0.8526587
915,0.33513112,0.30807659,1e-05,1.93753827,0.85734364
920,0.31230731,0.3025378,1e-05,4.51803207,0.86202858
925,0.40026264,0.30277743,1e-05,6.30801153,0.86671352
930,0.41217322,0.32532833,1e-05,9.48769379,0.87139845
935,0.34404259,0.28456618,1e-05,3.08379817,0.87608339
940,0.30662239,0.28601724,1e-05,8.05500317,0.88076833
945,0.35663056,0.29487427,1e-05,5.96347427,0.88545327
950,0.36288443,0.282054,1e-05,5.23099422,0.89013821
955,0.39774644,0.32115379,1e-05,16.00920296,0.89482314
960,0.31159129,0.29067001,1e-05,5.19724274,0.89950808
965,0.27796793,0.27606693,1e-05,1.25165606,0.90419302
970,0.33203547,0.31951921,1e-05,1.3319819,0.90887796
975,0.30126626,0.28443569,1e-05,1.60374486,0.9135629
980,0.33124561,0.27354185,1e-05,1.87712479,0.91824783
985,0.34430385,0.30054996,1e-05,5.62865114,0.92293277
990,0.3912118,0.29254259,1e-05,5.8999629,0.92761771
995,0.29712954,0.26635284,1e-05,5.00627947,0.93230265
1000,0.29228172,0.29108075,1e-05,2.500278,0.93698758
1005,0.33965111,0.29128808,1e-05,3.73549843,0.94167252
1010,0.35123849,0.30293672,1e-05,2.27270246,0.94635746
1015,0.3270781,0.28885715,1e-05,1.92147911,0.9510424
1020,0.36288495,0.27967765,1e-05,2.45941901,0.95572734
1025,0.35317149,0.31316599,1e-05,2.92748594,0.96041227
1030,0.35341482,0.26559939,1e-05,1.16047776,0.96509721
1035,0.33978634,0.28618668,1e-05,3.14022255,0.96978215
1040,0.43881216,0.27746221,1e-05,3.87113452,0.97446709
1045,0.33955874,0.27223939,1e-05,2.33283186,0.97915203
1050,0.34852581,0.29217957,1e-05,3.85026741,0.98383696
1055,0.4062479,0.31317686,1e-05,1.56366277,0.9885219
1060,0.31084094,0.29623192,1e-05,3.05819321,0.99320684
1065,0.33630793,0.30346738,1e-05,3.10048699,0.99789178
1070,0.30169806,0.27684879,1e-05,11.94316387,1.00187266
1075,0.32046316,0.30463415,1e-05,3.95800328,1.00655431
1080,0.37673459,0.29247957,1e-05,2.65960002,1.01123596
1085,0.3429184,0.2757176,1e-05,1.26184487,1.0159176
1090,0.28018575,0.27265596,1e-05,4.33516502,1.02059925
1095,0.28962524,0.29284264,1e-05,1.62972379,1.0252809
1100,0.33201363,0.30583674,1e-05,2.12179804,1.02996255
1105,0.33677545,0.30071249,1e-05,1.45148897,1.03464419
1110,0.32604921,0.28120129,1e-05,8.11769295,1.03932584
1115,0.35222919,0.3167953,1e-05,1.42886484,1.04400749
1120,0.30156558,0.28137709,1e-05,1.54837227,1.04868914
1125,0.40813508,0.3256323,1e-05,1.49043226,1.05337079
1130,0.29737406,0.29464649,1e-05,1.52745736,1.05805243
1135,0.31482613,0.27855416,1e-05,7.12178087,1.06273408
1140,0.36259675,0.29918937,1e-05,3.55441141,1.06741573
1145,0.32606478,0.29824935,1e-05,1.41825891,1.07209738
1150,0.31850674,0.29001262,1e-05,5.33913183,1.07677903
1155,0.3256109,0.2566134,1e-05,4.20279646,1.08146067
1160,0.34633965,0.30630042,1e-05,3.37625456,1.08614232
1165,0.39086151,0.28882682,1e-05,4.09096241,1.09082397
1170,0.27660742,0.26006848,1e-05,1.65132833,1.09550562
1175,0.3440784,0.27189386,1e-05,3.16682434,1.10018727
1180,0.38820219,0.33424195,1e-05,5.37864733,1.10486891
1185,0.2940845,0.25375407,1e-05,2.72661853,1.10955056
1190,0.31640234,0.28711902,1e-05,5.27519846,1.11423221
1195,0.35032473,0.31252914,1e-05,5.6298604,1.11891386
1200,0.34300947,0.28275889,1e-05,2.33202863,1.12359551
1205,0.30557566,0.2814153,1e-05,1.67054141,1.12827715
1210,0.28238013,0.28327392,1e-05,7.41897869,1.1329588
1215,0.30754266,0.27236404,1e-05,4.22419119,1.13764045
1220,0.28328333,0.28591739,1e-05,1.29857862,1.1423221
1225,0.34860432,0.28423289,1e-05,3.4334619,1.14700375
1230,0.36830778,0.29940659,1e-05,1.36756599,1.15168539
1235,0.27401948,0.24719683,1e-05,4.00455904,1.15636704
1240,0.29740088,0.26168161,1e-05,3.14440036,1.16104869
1245,0.31055536,0.2907063,1e-05,1.88822412,1.16573034
1250,0.31825428,0.29914876,1e-05,2.84270406,1.17041199
1255,0.33737049,0.27453256,1e-05,4.5606699,1.17509363
1260,0.30067458,0.26447724,1e-05,0.98965043,1.17977528
1265,0.33416677,0.26171184,1e-05,1.15646017,1.18445693
1270,0.32505455,0.29831282,1e-05,2.06754684,1.18913858
1275,0.33681898,0.26801736,1e-05,8.95963669,1.19382022
1280,0.36709747,0.27923235,1e-05,14.12487507,1.19850187
1285,0.29705582,0.27895167,1e-05,1.24818945,1.20318352
1290,0.29482026,0.25359435,1e-05,3.89649439,1.20786517
1295,0.3527966,0.2733497,1e-05,2.74119377,1.21254682
1300,0.30735488,0.29382539,1e-05,1.67910993,1.21722846
1305,0.29770408,0.29315742,1e-05,2.81506586,1.22191011
1310,0.29467182,0.27749728,1e-05,2.59065628,1.22659176
1315,0.34215031,0.27534331,1e-05,3.84565306,1.23127341
1320,0.36526413,0.2934251,1e-05,13.68247604,1.23595506
1325,0.31274774,0.26630105,1e-05,1.94316471,1.2406367
1330,0.35569849,0.30391154,1e-05,5.07233334,1.24531835
1335,0.36369224,0.27794242,1e-05,7.27314234,1.25
1340,0.27475734,0.27168436,1e-05,2.19039202,1.25468165
1345,0.34452038,0.26072803,1e-05,2.97018433,1.2593633
1350,0.31060731,0.27094408,9.99e-06,5.492064,1.26404494
1355,0.33599648,0.26245169,9.99e-06,6.06325769,1.26872659
1360,0.4027092,0.28332922,9.99e-06,2.75723267,1.27340824
1365,0.33396754,0.26183803,9.99e-06,4.45130062,1.27808989
1370,0.32867479,0.28227459,9.99e-06,4.37588739,1.28277154
1375,0.28778517,0.25892673,9.99e-06,1.16931903,1.28745318
1380,0.26429574,0.25684351,9.99e-06,1.92755282,1.29213483
1385,0.33789649,0.26577739,9.99e-06,1.40850759,1.29681648
1390,0.36293571,0.28014875,9.99e-06,4.73098516,1.30149813
1395,0.30704947,0.27912517,9.99e-06,2.32708287,1.30617978
1400,0.37293406,0.26811076,9.99e-06,6.03407526,1.31086142
1405,0.33297133,0.27751941,9.99e-06,1.7918222,1.31554307
1410,0.31896353,0.27818249,9.99e-06,4.2515893,1.32022472
1415,0.33186903,0.28929105,9.99e-06,4.55806875,1.32490637
1420,0.31609759,0.31034106,9.99e-06,2.28602386,1.32958801
1425,0.26138761,0.22814345,9.99e-06,1.27803791,1.33426966
1430,0.36087155,0.29713313,9.99e-06,16.82657623,1.33895131
1435,0.32374551,0.29239351,9.99e-06,1.20781422,1.34363296
1440,0.29654741,0.28768401,9.99e-06,1.26313901,1.34831461
1445,0.30432034,0.23049978,9.99e-06,7.00490761,1.35299625
1450,0.33767014,0.31077468,9.99e-06,1.62045443,1.3576779
1455,0.29554672,0.26294941,9.99e-06,7.65784359,1.36235955
1460,0.299035,0.26212279,9.99e-06,3.49023104,1.3670412
1465,0.27473466,0.2515832,9.99e-06,1.34179902,1.37172285
1470,0.36011086,0.31380734,9.99e-06,8.83904552,1.37640449
1475,0.35612235,0.26473695,9.99e-06,10.33214378,1.38108614
1480,0.26976514,0.27648558,9.99e-06,1.12566018,1.38576779
1485,0.30241594,0.29402087,9.99e-06,2.96074486,1.39044944
1490,0.45098529,0.28654969,9.99e-06,7.92965031,1.39513109
1495,0.38104179,0.28588355,9.99e-06,4.11876154,1.39981273
1500,0.35213225,0.26548343,9.99e-06,6.91347885,1.40449438
1505,0.3043977,0.29132283,9.99e-06,2.22450733,1.40917603
1510,0.29563115,0.30678352,9.99e-06,19.44928551,1.41385768
1515,0.31545224,0.29365274,9.99e-06,3.8535912,1.41853933
1520,0.32436917,0.28811599,9.99e-06,6.4883275,1.42322097
1525,0.29063578,0.26794371,9.99e-06,2.59365177,1.42790262
1530,0.34676671,0.30390888,9.99e-06,1.31966102,1.43258427
1535,0.37717986,0.29292534,9.99e-06,7.14490843,1.43726592
1540,0.31709285,0.2961421,9.99e-06,2.52037644,1.44194757
1545,0.33196573,0.29202783,9.99e-06,3.28280807,1.44662921
1550,0.30314908,0.25888554,9.99e-06,1.90173495,1.45131086
1555,0.30726347,0.26153306,9.99e-06,11.3914032,1.45599251
1560,0.29175529,0.26123408,9.99e-06,1.69230235,1.46067416
1565,0.32204676,0.28065936,9.99e-06,2.87879038,1.46535581
1570,0.38502345,0.28969688,9.99e-06,4.8849678,1.47003745
1575,0.31256077,0.27962026,9.99e-06,4.13744497,1.4747191
1580,0.3207346,0.27194808,9.99e-06,2.02034259,1.47940075
1585,0.34007208,0.29495715,9.99e-06,1.05841005,1.4840824
1590,0.31682744,0.25535009,9.99e-06,1.69059765,1.48876404
1595,0.2977272,0.27599061,9.99e-06,1.05554545,1.49344569
1600,0.28380926,0.26692322,9.99e-06,1.17112052,1.49812734
1605,0.25013032,0.24821373,9.99e-06,2.97119117,1.50280899
1610,0.33734722,0.27580395,9.99e-06,2.51539326,1.50749064
1615,0.41690521,0.27855753,9.99e-06,9.03209305,1.51217228
1620,0.32251022,0.28764099,9.99e-06,2.95145392,1.51685393
1625,0.36403768,0.2717341,9.99e-06,1.60307145,1.52153558
1630,0.29368401,0.26671388,9.99e-06,7.01660299,1.52621723
1635,0.28452404,0.28207644,9.99e-06,1.27764511,1.53089888
1640,0.33897028,0.27104882,9.99e-06,1.45853496,1.53558052
1645,0.31122155,0.29199828,9.99e-06,11.73901367,1.54026217
1650,0.30522542,0.28141333,9.99e-06,5.25713682,1.54494382
1655,0.31779885,0.27169465,9.99e-06,4.35843372,1.54962547
1660,0.31573644,0.26583425,9.99e-06,1.52602208,1.55430712
1665,0.33466444,0.28167634,9.99e-06,2.90031528,1.55898876
1670,0.29723766,0.2489237,9.99e-06,4.22061062,1.56367041
1675,0.30170352,0.26363142,9.99e-06,1.4138639,1.56835206
1680,0.32138577,0.25209902,9.99e-06,3.64880562,1.57303371
1685,0.32510071,0.27398632,9.99e-06,6.29723454,1.57771536
1690,0.30731928,0.26919869,9.99e-06,2.38119364,1.582397
1695,0.275248,0.27026845,9.99e-06,0.96635765,1.58707865
1700,0.26604865,0.24504529,9.99e-06,1.13931715,1.5917603
1705,0.33159251,0.29047223,9.99e-06,2.96538806,1.59644195
1710,0.24502821,0.2243824,9.99e-06,3.95451331,1.6011236
1715,0.31437979,0.2741243,9.99e-06,4.06980848,1.60580524
1720,0.32426262,0.25763471,9.99e-06,3.69554639,1.61048689
1725,0.32892752,0.27782682,9.99e-06,1.16701531,1.61516854
1730,0.36587656,0.29540637,9.99e-06,3.11338878,1.61985019
1735,0.34222918,0.28873403,9.99e-06,1.59527993,1.62453184
1740,0.31146495,0.27471983,9.99e-06,1.65912986,1.62921348
1745,0.27813334,0.26258412,9.99e-06,4.33902836,1.63389513
1750,0.44365444,0.32322306,9.99e-06,16.37251282,1.63857678
1755,0.31600037,0.26405155,9.99e-06,3.47857523,1.64325843
1760,0.32624407,0.28397179,9.99e-06,5.87517357,1.64794007
1765,0.32114868,0.26267426,9.99e-06,3.61629534,1.65262172
1770,0.29580908,0.26103867,9.99e-06,7.19057369,1.65730337
1775,0.23354816,0.22858602,9.99e-06,2.01833248,1.66198502
1780,0.32670031,0.27474976,9.99e-06,3.42371845,1.66666667
1785,0.30790989,0.26547934,9.99e-06,3.27923203,1.67134831
1790,0.28060899,0.2662575,9.99e-06,2.06222606,1.67602996
1795,0.27799435,0.27887432,9.99e-06,1.21019387,1.68071161
1800,0.33992147,0.30670495,9.99e-06,2.50437474,1.68539326
1805,0.28835053,0.25428373,9.99e-06,3.15733004,1.69007491
1810,0.29520645,0.26657859,9.99e-06,5.32023811,1.69475655
1815,0.27698665,0.23618669,9.99e-06,6.36576319,1.6994382
1820,0.32991874,0.28020058,9.99e-06,4.03154945,1.70411985
1825,0.38798332,0.29728919,9.99e-06,4.22709751,1.7088015
1830,0.35068946,0.31459906,9.99e-06,1.53639126,1.71348315
1835,0.29277639,0.27254139,9.99e-06,3.82486653,1.71816479
1840,0.30377655,0.27799443,9.99e-06,7.93180752,1.72284644
1845,0.29212708,0.27443529,9.99e-06,1.76971877,1.72752809
1850,0.33144937,0.30377576,9.99e-06,1.91915643,1.73220974
1855,0.3391258,0.2416935,9.99e-06,4.75530434,1.73689139
1860,0.31172152,0.26313195,9.99e-06,3.73587584,1.74157303
1865,0.27096376,0.23605534,9.99e-06,1.65214372,1.74625468
1,0.55346203,0.53406688,2e-08,10.21775436,0.00093699
5,0.43855011,0.45197687,1e-07,4.37355518,0.00468494
10,0.44586277,0.43735973,2e-07,3.78075409,0.00936988
15,0.40013037,0.4061844,3e-07,2.03540611,0.01405481
20,0.42546806,0.40515834,4e-07,14.10329723,0.01873975
25,0.44094753,0.43563945,5e-07,3.81981325,0.02342469
30,0.4409339,0.42879076,6e-07,11.89600277,0.02810963
35,0.4106894,0.37936199,7e-07,1.54466701,0.03279457
40,0.40590692,0.4003144,8e-07,4.06337261,0.0374795
45,0.35958393,0.35074384,9e-07,5.4206624,0.04216444
50,0.40051422,0.39884894,1e-06,2.00718451,0.04684938
55,0.411624,0.38546426,1.1e-06,3.05847144,0.05153432
60,0.44849548,0.3705265,1.2e-06,7.10687017,0.05621926
65,0.44298072,0.35898234,1.3e-06,7.50781679,0.06090419
70,0.36265645,0.3601408,1.4e-06,1.37799406,0.06558913
75,0.39669583,0.35595298,1.5e-06,5.11250925,0.07027407
80,0.36832585,0.32240094,1.6e-06,1.06703401,0.07495901
85,0.40599713,0.36119416,1.7e-06,7.21358633,0.07964394
90,0.39838994,0.34022511,1.8e-06,8.42625999,0.08432888
95,0.41031556,0.35042864,1.9e-06,9.64725399,0.08901382
100,0.38726411,0.32076899,2e-06,7.96362972,0.09369876
105,0.4856636,0.35543304,2.1e-06,7.63580418,0.0983837
110,0.39669352,0.37504402,2.2e-06,4.12571716,0.10306863
115,0.38341181,0.35308304,2.3e-06,1.71352768,0.10775357
120,0.32180645,0.31163508,2.4e-06,1.55019641,0.11243851
125,0.44992142,0.34679235,2.5e-06,26.10530663,0.11712345
130,0.32235777,0.32689366,2.6e-06,1.22609425,0.12180839
135,0.35558693,0.35093081,2.7e-06,1.34770393,0.12649332
140,0.36136882,0.33094973,2.8e-06,1.65048838,0.13117826
145,0.33079491,0.33850759,2.9e-06,1.67225385,0.1358632
150,0.34676182,0.32668869,3e-06,9.9683733,0.14054814
155,0.40583587,0.32662866,3.1e-06,15.8056221,0.14523308
160,0.34223537,0.30517997,3.2e-06,2.34413624,0.14991801
165,0.35112915,0.32623484,3.3e-06,2.97229624,0.15460295
170,0.34299469,0.32994163,3.4e-06,4.2057991,0.15928789
175,0.34474468,0.34485696,3.5e-06,2.26152396,0.16397283
180,0.36445155,0.36947937,3.6e-06,2.30193019,0.16865777
185,0.4041172,0.34247765,3.7e-06,2.69769454,0.1733427
190,0.3107867,0.28064616,3.8e-06,6.97745657,0.17802764
195,0.32066226,0.31091168,3.9e-06,3.79005218,0.18271258
200,0.33154132,0.31723668,4e-06,2.68822932,0.18739752
205,0.33787656,0.31320374,4.1e-06,2.66910958,0.19208245
210,0.33044991,0.32110218,4.2e-06,1.32660127,0.19676739
215,0.37993627,0.3471439,4.3e-06,4.0798831,0.20145233
220,0.40503168,0.30727709,4.4e-06,8.03537083,0.20613727
225,0.34872284,0.32084824,4.5e-06,8.65570641,0.21082221
230,0.3381505,0.3021099,4.6e-06,4.83820343,0.21550714
235,0.36615019,0.31772458,4.7e-06,6.96917295,0.22019208
240,0.34747241,0.27981374,4.8e-06,2.98488379,0.22487702
245,0.35800231,0.33504742,4.9e-06,1.26671731,0.22956196
250,0.41042495,0.3269143,5e-06,3.4195478,0.2342469
255,0.40676856,0.34346411,5.1e-06,1.49269235,0.23893183
260,0.32520916,0.30536097,5.2e-06,1.35796475,0.24361677
265,0.36184187,0.32413182,5.3e-06,7.73297596,0.24830171
270,0.31050715,0.28906901,5.4e-06,2.02468967,0.25298665
275,0.37052693,0.31100838,5.5e-06,3.71892333,0.25767159
280,0.32691703,0.30151737,5.6e-06,1.41812539,0.26235652
285,0.28764038,0.29283072,5.7e-06,3.44942784,0.26704146
290,0.33716133,0.2870965,5.8e-06,3.73011541,0.2717264
295,0.35697773,0.30752187,5.9e-06,19.22506142,0.27641134
300,0.37276278,0.34183007,6e-06,3.39928246,0.28109628
305,0.37493887,0.32853526,6.1e-06,7.46514463,0.28578121
310,0.30999696,0.29258427,6.2e-06,6.92926836,0.29046615
315,0.34611273,0.27996592,6.3e-06,1.63718641,0.29515109
320,0.31583626,0.28392771,6.4e-06,11.48541451,0.29983603
325,0.34747653,0.31920966,6.5e-06,3.33554435,0.30452097
330,0.3036901,0.28174095,6.6e-06,4.38160086,0.3092059
335,0.37501605,0.33291512,6.7e-06,4.62064791,0.31389084
340,0.33841527,0.32288228,6.8e-06,9.39788055,0.31857578
345,0.36049678,0.34887726,6.9e-06,1.39252424,0.32326072
350,0.33491764,0.31174431,7e-06,2.31652308,0.32794565
355,0.29021871,0.27129723,7.1e-06,3.94122887,0.33263059
360,0.31668167,0.29488566,7.2e-06,1.06893682,0.33731553
365,0.33297427,0.29737171,7.3e-06,2.48633862,0.34200047
370,0.32427204,0.28895059,7.4e-06,1.52891123,0.34668541
375,0.35432458,0.32777464,7.5e-06,1.95812666,0.35137034
380,0.34668837,0.29560753,7.6e-06,9.91671753,0.35605528
385,0.32281237,0.31515851,7.7e-06,1.55036485,0.36074022
390,0.36581011,0.31149168,7.8e-06,5.78258467,0.36542516
395,0.33613482,0.33348206,7.9e-06,2.21714425,0.3701101
400,0.30044584,0.29185327,8e-06,2.96711016,0.37479503
405,0.32452238,0.3076792,8.1e-06,1.6447444,0.37947997
410,0.31480639,0.29009364,8.2e-06,1.54269433,0.38416491
415,0.36174951,0.29019507,8.3e-06,7.9030385,0.38884985
420,0.35407443,0.27646895,8.4e-06,5.00503969,0.39353479
425,0.37658396,0.29947742,8.5e-06,5.16253757,0.39821972
430,0.34457705,0.28282523,8.6e-06,1.20656562,0.40290466
435,0.32469316,0.30475944,8.7e-06,1.3900187,0.4075896
440,0.33295898,0.32315135,8.8e-06,1.85571051,0.41227454
445,0.27256773,0.27355111,8.9e-06,2.47799921,0.41695948
450,0.34222755,0.30689297,9e-06,6.62747383,0.42164441
455,0.32340522,0.27882417,9.1e-06,3.48206449,0.42632935
460,0.34903383,0.29997993,9.2e-06,2.02315974,0.43101429
465,0.30989721,0.28263791,9.3e-06,3.9520824,0.43569923
470,0.30255556,0.27646823,9.4e-06,3.83620715,0.44038416
475,0.33786945,0.28487206,9.5e-06,6.98405981,0.4450691
480,0.32291663,0.32560772,9.6e-06,2.71833277,0.44975404
485,0.30902686,0.28797606,9.7e-06,12.65608788,0.45443898
490,0.32849569,0.27761865,9.8e-06,1.89438069,0.45912392
495,0.33135428,0.30576715,9.9e-06,3.6073072,0.46380885
500,0.32109461,0.3019754,1e-05,5.47155714,0.46849379
505,0.40187597,0.33244324,1e-05,9.08316803,0.47317873
510,0.3656424,0.30605224,1e-05,5.50066042,0.47786367
515,0.38195446,0.34313315,1e-05,6.77345753,0.48254861
520,0.31109223,0.31704911,1e-05,4.15673637,0.48723354
525,0.34434626,0.31659853,1e-05,6.07659578,0.49191848
530,0.31620545,0.30947002,1e-05,3.49430585,0.49660342
535,0.33947365,0.28740294,1e-05,6.33179855,0.50128836
540,0.33865039,0.30141901,1e-05,7.53246737,0.5059733
545,0.33179622,0.32190748,1e-05,5.15705824,0.51065823
550,0.36467996,0.29985214,1e-05,7.85611629,0.51534317
555,0.44722486,0.3330068,1e-05,13.00603199,0.52002811
560,0.36933875,0.30724711,1e-05,5.85057545,0.52471305
565,0.36204922,0.29746821,1e-05,1.44572318,0.52939799
570,0.36041949,0.27481649,1e-05,4.31577587,0.53408292
575,0.30982969,0.27803392,1e-05,6.15381479,0.53876786
580,0.34325809,0.27242091,1e-05,2.86593509,0.5434528
585,0.33330488,0.29517521,1e-05,3.10895872,0.54813774
590,0.32654271,0.30766129,1e-05,9.31105137,0.55282268
595,0.31532497,0.3103054,1e-05,4.27060747,0.55750761
600,0.32066386,0.31193354,1e-05,1.55269849,0.56219255
605,0.3220881,0.31221358,1e-05,1.38292801,0.56687749
610,0.34505882,0.30812189,1e-05,20.6317749,0.57156243
615,0.3556283,0.27091576,1e-05,12.94559383,0.57624736
620,0.3215976,0.30013331,1e-05,1.29659605,0.5809323
625,0.30557733,0.26454445,1e-05,1.22373188,0.58561724
630,0.34450207,0.30006721,1e-05,5.48788548,0.59030218
635,0.35383701,0.31382469,1e-05,10.62624931,0.59498712
640,0.29011688,0.28761648,1e-05,2.53953505,0.59967205
645,0.33078442,0.29858009,1e-05,1.73996711,0.60435699
650,0.37507396,0.31665348,1e-05,9.29101372,0.60904193
655,0.31569867,0.29922731,1e-05,1.23185575,0.61372687
660,0.30495224,0.29584146,1e-05,1.22907579,0.61841181
665,0.33893166,0.29646748,1e-05,1.38188779,0.62309674
670,0.32313378,0.29597488,1e-05,1.47329521,0.62778168
675,0.33605323,0.29630676,1e-05,5.98968887,0.63246662
680,0.31673298,0.32737876,1e-05,1.31685281,0.63715156
685,0.31327057,0.28368985,1e-05,3.62273884,0.6418365
690,0.3392313,0.29447849,1e-05,4.72514677,0.64652143
695,0.29633436,0.27426829,1e-05,2.81152344,0.65120637
700,0.41846724,0.2800554,1e-05,4.58793116,0.65589131
705,0.35410113,0.2981205,1e-05,3.94333625,0.66057625
710,0.36758018,0.29813405,1e-05,1.50812221,0.66526119
715,0.34337673,0.28921044,1e-05,2.25890207,0.66994612
720,0.37009141,0.30809392,1e-05,3.34608269,0.67463106
725,0.39149094,0.29782458,1e-05,19.35447311,0.679316
730,0.31945782,0.31364614,1e-05,2.14246202,0.68400094
735,0.32276106,0.29348222,1e-05,3.80615115,0.68868587
740,0.41240101,0.30291338,1e-05,2.27466249,0.69337081
745,0.31491363,0.28561452,1e-05,4.19540691,0.69805575
750,0.31296978,0.26858892,1e-05,2.44555664,0.70274069
755,0.35610461,0.29690901,1e-05,1.45046163,0.70742563
760,0.39933581,0.31376276,1e-05,3.53410244,0.71211056
765,0.40912266,0.32995979,1e-05,3.19125247,0.7167955
770,0.33212171,0.29286869,1e-05,2.44336176,0.72148044
775,0.31119177,0.26186676,1e-05,2.19996619,0.72616538
780,0.29700725,0.30093847,1e-05,2.00931287,0.73085032
785,0.3771136,0.30006891,1e-05,7.56182957,0.73553525
790,0.29886248,0.27718187,1e-05,3.47809458,0.74022019
795,0.26257215,0.26126055,1e-05,1.45973241,0.74490513
800,0.31627781,0.31035528,1e-05,1.34234071,0.74959007
805,0.34109402,0.32670745,1e-05,7.67241669,0.75427501
810,0.35192077,0.30097307,1e-05,4.17454004,0.75895994
815,0.34991632,0.30600837,1e-05,1.89978766,0.76364488
820,0.34228234,0.29699311,1e-05,8.06134987,0.76832982
825,0.32069168,0.30720831,1e-05,3.37448025,0.77301476
830,0.35349436,0.2894415,1e-05,5.04503012,0.7776997
835,0.37379541,0.32654041,1e-05,7.22542048,0.78238463
840,0.31182065,0.28790615,1e-05,2.01002574,0.78706957
845,0.39476588,0.28415896,1e-05,3.57830429,0.79175451
850,0.34105852,0.28102416,1e-05,1.47904265,0.79643945
855,0.35247571,0.2943349,1e-05,1.32386291,0.80112439
860,0.29667993,0.28543248,1e-05,1.5942651,0.80580932
865,0.29394448,0.2889151,1e-05,1.13807142,0.81049426
870,0.27958903,0.25363876,1e-05,1.58105433,0.8151792
875,0.32227783,0.29304721,1e-05,1.85082328,0.81986414
880,0.33589437,0.30494666,1e-05,5.06962824,0.82454907
885,0.32577181,0.2798244,1e-05,7.28646994,0.82923401
890,0.38583307,0.2855261,1e-05,6.36880064,0.83391895
895,0.40077252,0.32293534,1e-05,5.05992174,0.83860389
900,0.33668928,0.28417566,1e-05,3.5446279,0.84328883
905,0.34633241,0.28629755,1e-05,3.56409693,0.84797376
910,0.32270913,0.27810726,1e-05,2.79273653,0.8526587
915,0.33482678,0.30753918,1e-05,2.06971669,0.85734364
920,0.30769086,0.30296107,1e-05,3.06856704,0.86202858
925,0.39833772,0.30288357,1e-05,5.0954237,0.86671352
930,0.41036448,0.32587978,1e-05,11.60757446,0.87139845
935,0.3512814,0.28683976,1e-05,3.0836339,0.87608339
940,0.3071981,0.28606356,1e-05,8.68085289,0.88076833
945,0.35778174,0.29515531,1e-05,5.46459818,0.88545327
950,0.3596575,0.27977745,1e-05,5.49719429,0.89013821
955,0.40554199,0.32105794,1e-05,18.51408386,0.89482314
960,0.30851235,0.28897482,1e-05,4.41978025,0.89950808
965,0.27507098,0.27603073,1e-05,1.14465702,0.90419302
970,0.32721453,0.3196341,1e-05,1.30895913,0.90887796
975,0.30006835,0.28151771,1e-05,1.5815289,0.9135629
980,0.3351088,0.27417966,1e-05,1.99484181,0.91824783
985,0.34152253,0.29935254,1e-05,5.6498003,0.92293277
990,0.38925006,0.29435292,1e-05,5.93174791,0.92761771
995,0.29935892,0.26910839,1e-05,5.03115892,0.93230265
1000,0.28894267,0.28896296,1e-05,4.05362463,0.93698758
1005,0.34141304,0.29196473,1e-05,3.85478258,0.94167252
1010,0.3521131,0.30397971,1e-05,2.19207025,0.94635746
1015,0.32597532,0.28962543,1e-05,2.01226568,0.9510424
1020,0.36058104,0.27617634,1e-05,2.61046791,0.95572734
1025,0.35037713,0.31163477,1e-05,3.02029085,0.96041227
1030,0.35591512,0.26920765,1e-05,1.14079499,0.96509721
1035,0.33990989,0.28549787,1e-05,3.19669795,0.96978215
1040,0.44348016,0.27843845,1e-05,3.93242288,0.97446709
1045,0.34001625,0.271088,1e-05,1.96974373,0.97915203
1050,0.34760635,0.29444752,1e-05,4.96304226,0.98383696
1055,0.41557684,0.31653038,1e-05,1.48060966,0.9885219
1060,0.30941916,0.29499799,1e-05,3.31650734,0.99320684
1065,0.33385639,0.30359657,1e-05,2.88424778,0.99789178
1070,0.2999754,0.27823803,1e-05,7.92297935,1.00187266
1075,0.32223563,0.30446841,1e-05,4.00567865,1.00655431
1080,0.3717633,0.2908089,1e-05,2.76919603,1.01123596
1085,0.33437228,0.27297734,1e-05,1.4282304,1.0159176
1090,0.27764645,0.27125596,1e-05,3.68780398,1.02059925
1095,0.28738606,0.29071533,1e-05,1.86627388,1.0252809
1100,0.33071308,0.30342435,1e-05,1.70098984,1.02996255
1105,0.33410721,0.29645719,1e-05,1.5560751,1.03464419
1110,0.32957876,0.28200147,1e-05,8.77375126,1.03932584
1115,0.35207744,0.31706056,1e-05,1.51861656,1.04400749
1120,0.30758586,0.28202744,1e-05,1.77548528,1.04868914
1125,0.40539136,0.32787023,1e-05,1.38623464,1.05337079
1130,0.29865215,0.29471598,1e-05,1.57155383,1.05805243
1135,0.31730986,0.27889513,1e-05,8.33807278,1.06273408
1140,0.36280379,0.30088032,1e-05,5.72936106,1.06741573
1145,0.32900872,0.29989183,1e-05,1.47551227,1.07209738
1150,0.33027616,0.29109687,1e-05,8.46925259,1.07677903
1155,0.32218928,0.25883898,1e-05,4.12164259,1.08146067
1160,0.34640427,0.30459907,1e-05,3.44757724,1.08614232
1165,0.39333119,0.28885312,1e-05,6.98982048,1.09082397
1170,0.27585959,0.25883713,1e-05,1.84658289,1.09550562
1175,0.35149119,0.27193502,1e-05,4.92156124,1.10018727
1180,0.38137879,0.3351023,1e-05,4.7406559,1.10486891
1185,0.29355187,0.25312333,1e-05,2.26602173,1.10955056
1190,0.31712017,0.28707544,1e-05,4.11561203,1.11423221
1195,0.35380549,0.3104081,1e-05,6.29033232,1.11891386
1200,0.32875528,0.28459257,1e-05,2.15092158,1.12359551
1205,0.30632775,0.2810497,1e-05,1.66273618,1.12827715
1210,0.28119037,0.28236472,1e-05,7.14008856,1.1329588
1215,0.30768814,0.27156718,1e-05,3.57624221,1.13764045
1220,0.28193178,0.2857053,1e-05,1.29958355,1.1423221
1225,0.34914625,0.28306043,1e-05,4.03739166,1.14700375
1230,0.36890163,0.30089241,1e-05,1.38014257,1.15168539
1235,0.27437158,0.24930514,1e-05,3.16559863,1.15636704
1240,0.29621718,0.26091884,1e-05,3.07370234,1.16104869
1245,0.31287324,0.28959866,1e-05,2.00514627,1.16573034
1250,0.31389079,0.2979315,1e-05,3.16292882,1.17041199
1255,0.34030774,0.27417383,1e-05,3.6184845,1.17509363
1260,0.29992843,0.26510906,1e-05,1.04385185,1.17977528
1265,0.33323767,0.26189928,1e-05,1.0372051,1.18445693
1270,0.32135985,0.2956181,1e-05,3.28042269,1.18913858
1275,0.34149404,0.27018609,1e-05,9.63895607,1.19382022
1280,0.35879645,0.27773238,1e-05,11.88209629,1.19850187
1285,0.29724159,0.27935964,1e-05,1.26762605,1.20318352
1290,0.29148312,0.25083122,1e-05,3.89195728,1.20786517
1295,0.3545486,0.27279131,1e-05,5.64562654,1.21254682
1300,0.30097799,0.29443329,1e-05,1.51778901,1.21722846
1305,0.2940753,0.28962772,1e-05,2.362499,1.22191011
1310,0.29430981,0.27588356,1e-05,2.75055695,1.22659176
1315,0.34201221,0.27813043,1e-05,4.00035906,1.23127341
1320,0.36847212,0.29316168,1e-05,14.6933279,1.23595506
1325,0.31940045,0.26722203,1e-05,1.86956072,1.2406367
1330,0.36614788,0.30724197,1e-05,4.67402554,1.24531835
1335,0.3535881,0.28017514,1e-05,7.52251196,1.25
1340,0.27370477,0.27121607,1e-05,1.73767769,1.25468165
1345,0.34968462,0.25933828,1e-05,3.75392056,1.2593633
1350,0.30704713,0.26993091,9.99e-06,4.85915232,1.26404494
1355,0.32143831,0.25988718,9.99e-06,6.10287857,1.26872659
1360,0.40254712,0.28375674,9.99e-06,3.17530394,1.27340824
1365,0.33768754,0.26235385,9.99e-06,4.47958851,1.27808989
1370,0.324101,0.28286414,9.99e-06,4.80785608,1.28277154
1375,0.28675764,0.25902412,9.99e-06,1.17961955,1.28745318
1380,0.26466026,0.25559672,9.99e-06,2.01590991,1.29213483
1385,0.33554025,0.26632954,9.99e-06,1.45666754,1.29681648
1390,0.3628098,0.27990082,9.99e-06,4.69942331,1.30149813
1395,0.30702243,0.28165569,9.99e-06,2.64568329,1.30617978
1400,0.37991638,0.2712786,9.99e-06,4.99694347,1.31086142
1405,0.34058344,0.28129807,9.99e-06,1.60546041,1.31554307
1410,0.31788623,0.27912016,9.99e-06,4.32031965,1.32022472
1415,0.33523457,0.28806324,9.99e-06,6.01945448,1.32490637
1420,0.31538944,0.30965539,9.99e-06,2.03404641,1.32958801
1425,0.26197634,0.22845179,9.99e-06,1.2009052,1.33426966
1430,0.36641688,0.30039,9.99e-06,16.10136795,1.33895131
1435,0.32554538,0.29241845,9.99e-06,1.31518936,1.34363296
1440,0.29547324,0.28724959,9.99e-06,1.34167778,1.34831461
1445,0.30170798,0.22944311,9.99e-06,7.04023933,1.35299625
1450,0.33643327,0.30893459,9.99e-06,1.61202872,1.3576779
1455,0.29659548,0.26489387,9.99e-06,7.51530266,1.36235955
1460,0.29445429,0.26022062,9.99e-06,3.30030727,1.3670412
1465,0.27567306,0.25193003,9.99e-06,1.17096281,1.37172285
1470,0.3647202,0.31264634,9.99e-06,8.03639507,1.37640449
1475,0.35667157,0.26232722,9.99e-06,8.75279522,1.38108614
1480,0.26586163,0.27282555,9.99e-06,1.11396575,1.38576779
1485,0.30666134,0.29602206,9.99e-06,2.67257738,1.39044944
1490,0.45521727,0.28941324,9.99e-06,11.01837635,1.39513109
1495,0.38181808,0.28575143,9.99e-06,3.82196546,1.39981273
1500,0.35272627,0.26185731,9.99e-06,6.95288849,1.40449438
1505,0.30563116,0.2940596,9.99e-06,2.05994391,1.40917603
1510,0.27643268,0.2730616,9.99e-06,2.41139579,1.41385768
1515,0.31429238,0.29423962,9.99e-06,3.75981665,1.41853933
1520,0.32432945,0.28859864,9.99e-06,7.22127247,1.42322097
1525,0.29149299,0.27066881,9.99e-06,1.98286796,1.42790262
1530,0.35019207,0.3045976,9.99e-06,1.31935275,1.43258427
1535,0.37365329,0.29443816,9.99e-06,6.26367712,1.43726592
1540,0.32024212,0.29710407,9.99e-06,2.80804777,1.44194757
1545,0.32795517,0.29192309,9.99e-06,3.31301737,1.44662921
1550,0.30675778,0.26105436,9.99e-06,1.97410417,1.45131086
1555,0.30905352,0.26340148,9.99e-06,12.04149628,1.45599251
1560,0.29156356,0.26083949,9.99e-06,1.64106166,1.46067416
1565,0.32042856,0.28110042,9.99e-06,2.75328469,1.46535581
1570,0.38281124,0.28697985,9.99e-06,5.68038464,1.47003745
1575,0.31462197,0.27732874,9.99e-06,6.01716709,1.4747191
1580,0.31048832,0.27060596,9.99e-06,1.78120196,1.47940075
1585,0.33415926,0.29205372,9.99e-06,1.14110065,1.4840824
1590,0.31678243,0.25169336,9.99e-06,1.85335886,1.48876404
1595,0.29855864,0.27360922,9.99e-06,1.04939985,1.49344569
1600,0.27927444,0.263407,9.99e-06,1.14400172,1.49812734
1605,0.24680624,0.24549487,9.99e-06,3.03646374,1.50280899
1610,0.33422604,0.27348998,9.99e-06,2.80114627,1.50749064
1615,0.41809311,0.27658239,9.99e-06,9.1061697,1.51217228
1620,0.32230916,0.28726569,9.99e-06,2.90556431,1.51685393
1625,0.35909591,0.27014631,9.99e-06,1.70191455,1.52153558
1630,0.29198537,0.26656497,9.99e-06,6.79196501,1.52621723
1635,0.28325663,0.27997311,9.99e-06,1.33137274,1.53089888
1640,0.33515251,0.26996318,9.99e-06,1.46232128,1.53558052
1645,0.30928817,0.29338985,9.99e-06,11.96733952,1.54026217
1650,0.30422387,0.27863361,9.99e-06,5.59004164,1.54494382
1655,0.31990452,0.27299933,9.99e-06,4.56802177,1.54962547
1660,0.31137805,0.2637794,9.99e-06,1.33230829,1.55430712
1665,0.32763715,0.27886881,9.99e-06,3.25803471,1.55898876
1670,0.29536512,0.2467286,9.99e-06,4.39963055,1.56367041
1675,0.29855742,0.26189199,9.99e-06,1.2792381,1.56835206
1680,0.31514392,0.24909621,9.99e-06,3.16391611,1.57303371
1685,0.3254405,0.27454804,9.99e-06,4.54228354,1.57771536
1690,0.30450408,0.26815042,9.99e-06,2.36174965,1.582397
1695,0.27613244,0.27109695,9.99e-06,1.07888329,1.58707865
1700,0.27072048,0.24492506,9.99e-06,1.23560274,1.5917603
1705,0.33067598,0.28892063,9.99e-06,2.78203702,1.59644195
1710,0.24218142,0.22194469,9.99e-06,4.0744257,1.6011236
1715,0.31054459,0.27438906,9.99e-06,3.78288555,1.60580524
1720,0.32190001,0.25657255,9.99e-06,3.85134053,1.61048689
1725,0.32664959,0.27823598,9.99e-06,1.07067299,1.61516854
1730,0.3580874,0.2957787,9.99e-06,2.56478882,1.61985019
1735,0.3410284,0.28686955,9.99e-06,1.68772614,1.62453184
1740,0.31503649,0.27496299,9.99e-06,1.74262822,1.62921348
1745,0.27478931,0.26002446,9.99e-06,3.00239015,1.63389513
1750,0.42915459,0.32271919,9.99e-06,11.82224655,1.63857678
1755,0.31499786,0.26373613,9.99e-06,3.53862762,1.64325843
1760,0.32486925,0.28352129,9.99e-06,5.63437653,1.64794007
1765,0.32428558,0.26261485,9.99e-06,3.69037223,1.65262172
1770,0.29641862,0.26150564,9.99e-06,6.8969841,1.65730337
1775,0.23449333,0.22724526,9.99e-06,2.03946948,1.66198502
1780,0.3243793,0.27186481,9.99e-06,3.37737012,1.66666667
1785,0.30485203,0.26299028,9.99e-06,3.25946236,1.67134831
1790,0.2796854,0.26764129,9.99e-06,2.67182827,1.67602996
1795,0.27725654,0.27803079,9.99e-06,1.25265741,1.68071161
1800,0.34350743,0.30703261,9.99e-06,3.43387723,1.68539326
1805,0.29158001,0.25528652,9.99e-06,3.04836726,1.69007491
1810,0.29426484,0.26774921,9.99e-06,5.19380569,1.69475655
1815,0.27751002,0.23374345,9.99e-06,7.39862013,1.6994382
1820,0.33468783,0.27798822,9.99e-06,4.82328224,1.70411985
1825,0.38995976,0.29740382,9.99e-06,5.18017101,1.7088015
1830,0.3395155,0.31521978,9.99e-06,1.33240068,1.71348315
1835,0.29389524,0.27424636,9.99e-06,3.58661199,1.71816479
1840,0.30232725,0.27879424,9.99e-06,3.98471403,1.72284644
1845,0.29077399,0.27472765,9.99e-06,1.64068723,1.72752809
1850,0.33508029,0.30314219,9.99e-06,1.65922952,1.73220974
1855,0.34754226,0.24056698,9.99e-06,4.86557388,1.73689139
1860,0.31034536,0.26197086,9.99e-06,4.02934647,1.74157303
1865,0.26517782,0.2334415,9.99e-06,1.97420514,1.74625468
1870,0.27674685,0.2600776,9.99e-06,1.47424352,1.75093633
1875,0.29127321,0.28833496,9.99e-06,1.52744699,1.75561798
1880,0.36572554,0.27773385,9.99e-06,7.26718092,1.76029963
1885,0.29849148,0.27382008,9.99e-06,1.36179483,1.76498127
1890,0.36085348,0.29154736,9.99e-06,4.20434666,1.76966292
1895,0.2946928,0.26711422,9.99e-06,3.4161272,1.77434457
1900,0.30917001,0.2836382,9.99e-06,2.92339063,1.77902622
1905,0.34056311,0.27774382,9.99e-06,3.52923179,1.78370787
1910,0.32579207,0.29439831,9.99e-06,1.33888185,1.78838951
1915,0.30397005,0.24430871,9.99e-06,3.26849365,1.79307116
1920,0.29120502,0.24196701,9.99e-06,2.52260876,1.79775281
1925,0.3225322,0.27501466,9.99e-06,1.54772186,1.80243446
1930,0.30070174,0.26619716,9.99e-06,2.26293063,1.8071161
1935,0.30322065,0.25808797,9.99e-06,3.52530146,1.81179775
1940,0.34902384,0.27958044,9.99e-06,1.51092303,1.8164794
1945,0.35597296,0.26095194,9.99e-06,10.83517456,1.82116105
1950,0.29958229,0.27370183,9.99e-06,1.61670089,1.8258427
1955,0.29511018,0.26129141,9.99e-06,5.23170328,1.83052434
1960,0.2911252,0.26907763,9.99e-06,2.99659801,1.83520599
1965,0.29195161,0.28105394,9.99e-06,2.7268517,1.83988764
1970,0.34466939,0.26556801,9.98e-06,7.01884699,1.84456929
1975,0.3539525,0.29726758,9.98e-06,4.61271095,1.84925094
1980,0.34900339,0.28509427,9.98e-06,1.43005848,1.85393258
1985,0.32991228,0.29312389,9.98e-06,4.43100166,1.85861423
1990,0.29088335,0.25169209,9.98e-06,1.40530717,1.86329588
1995,0.33639004,0.28359517,9.98e-06,6.18485594,1.86797753
2000,0.38881903,0.24581402,9.98e-06,4.64549494,1.87265918
2005,0.34486475,0.27921941,9.98e-06,2.17863917,1.87734082
2010,0.32482319,0.2701731,9.98e-06,6.15612078,1.88202247
2015,0.42179823,0.27385961,9.98e-06,2.01769662,1.88670412
2020,0.30924778,0.2911544,9.98e-06,2.51449871,1.89138577
2025,0.30885539,0.28157743,9.98e-06,2.45358729,1.89606742
2030,0.2756402,0.24489161,9.98e-06,3.22820926,1.90074906
2035,0.32225821,0.28536755,9.98e-06,1.59204137,1.90543071
2040,0.32857785,0.27430309,9.98e-06,4.27464485,1.91011236
2045,0.33599319,0.30556116,9.98e-06,4.91001129,1.91479401
2050,0.28616233,0.25727127,9.98e-06,3.30258799,1.91947566
2055,0.31685505,0.27648324,9.98e-06,4.56918049,1.9241573
2060,0.34680455,0.28633355,9.98e-06,5.21537495,1.92883895
2065,0.32366676,0.25421404,9.98e-06,1.65839863,1.9335206
2070,0.27629912,0.24782308,9.98e-06,2.47927737,1.93820225
2075,0.27790508,0.26675385,9.98e-06,1.680444,1.9428839
2080,0.34503858,0.27171138,9.98e-06,2.10894752,1.94756554
2085,0.33548965,0.25969005,9.98e-06,1.30135715,1.95224719
2090,0.33680875,0.31324186,9.98e-06,2.04505539,1.95692884
2095,0.31637609,0.25853362,9.98e-06,2.8612957,1.96161049
2100,0.2919215,0.26941923,9.98e-06,2.80155182,1.96629213
2105,0.30153913,0.25670134,9.98e-06,6.02357244,1.97097378
2110,0.28307712,0.26953598,9.98e-06,2.7740562,1.97565543
2115,0.26998065,0.25427123,9.98e-06,5.51111507,1.98033708
2120,0.29297459,0.25797371,9.98e-06,6.24262857,1.98501873
2125,0.28921781,0.27695554,9.98e-06,2.88976765,1.98970037
2130,0.28683884,0.26871311,9.98e-06,4.18116045,1.99438202
2135,0.29410889,0.27127674,9.98e-06,1.83767557,1.99906367
2140,0.29382219,0.24980155,9.98e-06,1.98190534,2.00375323
2145,0.3127418,0.28667981,9.98e-06,3.86119485,2.00844476
2150,0.30429916,0.26819853,9.98e-06,1.72850633,2.01313629
2155,0.28621819,0.26435148,9.98e-06,1.96711814,2.01782782
2160,0.29724493,0.22178433,9.98e-06,5.52769089,2.02251935
2165,0.28242116,0.25104089,9.98e-06,2.40435052,2.02721088
2170,0.27524085,0.25963441,9.98e-06,3.84613585,2.03190242
2175,0.30581434,0.27616714,9.98e-06,1.09198725,2.03659395
2180,0.34968238,0.28656313,9.98e-06,4.96208096,2.04128548
2185,0.37319078,0.26870751,9.98e-06,9.3598299,2.04597701
2190,0.3038589,0.26151253,9.98e-06,9.24797726,2.05066854
2195,0.27114837,0.26734745,9.98e-06,1.61699605,2.05536008
2200,0.28098159,0.25718435,9.98e-06,4.9777894,2.06005161
2205,0.3343101,0.2651888,9.98e-06,1.91565943,2.06474314
2210,0.32668238,0.26498531,9.98e-06,1.41528761,2.06943467
2215,0.34424868,0.27082298,9.98e-06,13.59878922,2.0741262
2220,0.33201332,0.27458157,9.98e-06,3.64733887,2.07881773
2225,0.3189754,0.28328746,9.98e-06,2.88583517,2.08350927
2230,0.34712996,0.27735151,9.98e-06,2.61015344,2.0882008
2235,0.3060576,0.2473286,9.98e-06,1.74606955,2.09289233
2240,0.32389991,0.24647347,9.98e-06,6.45223904,2.09758386
2245,0.31334417,0.237149,9.98e-06,5.53742599,2.10227539
2250,0.27259951,0.26470638,9.98e-06,1.71112669,2.10696692
2255,0.27114971,0.25737815,9.98e-06,1.88428998,2.11165846
2260,0.28749297,0.22812321,9.98e-06,6.06206656,2.11634999
2265,0.30210471,0.2643151,9.98e-06,8.05011272,2.12104152
2270,0.31608016,0.27278259,9.98e-06,5.1105957,2.12573305
2275,0.37682376,0.27118756,9.98e-06,7.67910194,2.13042458
2280,0.3175766,0.28748445,9.98e-06,6.5255332,2.13511612
2285,0.30708668,0.25700804,9.98e-06,1.76295197,2.13980765
2290,0.33007147,0.27746551,9.98e-06,4.72781563,2.14449918
2295,0.29243858,0.28456709,9.98e-06,3.78393173,2.14919071
2300,0.29297771,0.26643206,9.98e-06,1.42659307,2.15388224
2305,0.34433997,0.25900442,9.98e-06,1.3405726,2.15857377
2310,0.31146629,0.25935799,9.98e-06,3.51747251,2.16326531
2315,0.28444347,0.27064635,9.98e-06,2.42658281,2.16795684
2320,0.29897819,0.26949347,9.98e-06,5.95242119,2.17264837
2325,0.35411687,0.26959256,9.98e-06,5.35882998,2.1773399
2330,0.3325841,0.2956499,9.98e-06,2.89985895,2.18203143
2335,0.29035759,0.26629016,9.98e-06,1.28240383,2.18672297
2340,0.28435917,0.26820601,9.98e-06,1.50312769,2.1914145
2345,0.34075699,0.25549744,9.98e-06,3.23086786,2.19610603
2350,0.26635711,0.25677202,9.98e-06,2.38637829,2.20079756
2355,0.31538959,0.25614953,9.98e-06,3.19002199,2.20548909
2360,0.35190413,0.28282766,9.98e-06,1.58153772,2.21018062
2365,0.2999824,0.26156666,9.98e-06,1.92162311,2.21487216
2370,0.26673305,0.25915817,9.98e-06,1.96552861,2.21956369
2375,0.37615192,0.29641858,9.98e-06,5.79751158,2.22425522
2380,0.34308562,0.2605141,9.98e-06,5.30486488,2.22894675
2385,0.28052535,0.26436961,9.98e-06,1.34098077,2.23363828
2390,0.36238604,0.27326949,9.98e-06,3.82011032,2.23832981
2395,0.3446517,0.26243312,9.97e-06,1.1349225,2.24302135
2400,0.33340991,0.25243215,9.97e-06,1.87384832,2.24771288
2405,0.31091709,0.27849422,9.97e-06,1.359483,2.25240441
2410,0.30219576,0.27495942,9.97e-06,2.86963463,2.25709594
2415,0.33545837,0.26358383,9.97e-06,6.45401478,2.26178747
2420,0.28630865,0.26266535,9.97e-06,2.32673931,2.26647901
2425,0.26141646,0.25167408,9.97e-06,2.7135663,2.27117054
2430,0.33830357,0.24889616,9.97e-06,1.60212648,2.27586207
2435,0.31242275,0.25551952,9.97e-06,1.35323536,2.2805536
2440,0.29910202,0.25495497,9.97e-06,1.41484642,2.28524513
2445,0.27668927,0.25181424,9.97e-06,4.37251234,2.28993666
2450,0.27456386,0.24913896,9.97e-06,1.63548136,2.2946282
2455,0.31198819,0.29238088,9.97e-06,4.0097003,2.29931973
2460,0.34973993,0.27288456,9.97e-06,5.54962397,2.30401126
2465,0.31957636,0.29054729,9.97e-06,3.8374517,2.30870279
2470,0.304656,0.26885679,9.97e-06,3.82871008,2.31339432
2475,0.27359896,0.26861021,9.97e-06,1.80381656,2.31808586
2480,0.33693647,0.23403922,9.97e-06,5.85022879,2.32277739
2485,0.26031322,0.2343959,9.97e-06,2.97338891,2.32746892
2490,0.31062164,0.27274551,9.97e-06,1.15547454,2.33216045
2495,0.2849896,0.25940759,9.97e-06,14.59852505,2.33685198
2500,0.34491012,0.27001516,9.97e-06,3.12531543,2.34154351
2505,0.28856046,0.24422081,9.97e-06,2.64017224,2.34623505
2510,0.32741446,0.26519605,9.97e-06,2.62750411,2.35092658
2515,0.38239284,0.26760044,9.97e-06,8.40999222,2.35561811
2520,0.30606503,0.27059364,9.97e-06,1.52208447,2.36030964
2525,0.31312852,0.26776529,9.97e-06,1.33989179,2.36500117
2530,0.32097921,0.28793444,9.97e-06,4.33858681,2.3696927
2535,0.26627893,0.25564456,9.97e-06,1.28338718,2.37438424
2540,0.27834382,0.2755401,9.97e-06,3.08579946,2.37907577
2545,0.28586609,0.25615344,9.97e-06,8.05428123,2.3837673
2550,0.27281251,0.25729447,9.97e-06,1.4659133,2.38845883
2555,0.28489203,0.2507929,9.97e-06,1.22728872,2.39315036
2560,0.34219167,0.2463464,9.97e-06,11.31689644,2.3978419
2565,0.2970705,0.24754088,9.97e-06,1.33455729,2.40253343
2570,0.31912861,0.27933453,9.97e-06,2.73241758,2.40722496
2575,0.34165111,0.28905678,9.97e-06,1.5848341,2.41191649
2580,0.29808159,0.24474153,9.97e-06,1.55271983,2.41660802
2585,0.27778797,0.26564052,9.97e-06,1.37057376,2.42129955
2590,0.35855062,0.30050093,9.97e-06,3.94179964,2.42599109
2595,0.28664026,0.26677842,9.97e-06,3.99995494,2.43068262
2600,0.33669109,0.28303994,9.97e-06,4.9909091,2.43537415
2605,0.29911888,0.26958107,9.97e-06,2.62393618,2.44006568
2610,0.32622104,0.299576,9.97e-06,4.39563465,2.44475721
2615,0.31983299,0.27197433,9.97e-06,14.23350906,2.44944875
2620,0.31134834,0.25910589,9.97e-06,13.72879601,2.45414028
2625,0.33804326,0.28125285,9.97e-06,3.3735106,2.45883181
2630,0.32270331,0.26833526,9.97e-06,1.23446369,2.46352334
2635,0.2396811,0.22273413,9.97e-06,1.39460993,2.46821487
2640,0.33645415,0.2461685,9.97e-06,4.1109066,2.4729064
2645,0.28696108,0.2471139,9.97e-06,1.0365175,2.47759794
2650,0.3040782,0.28635279,9.97e-06,13.16077232,2.48228947
2655,0.2985594,0.27901159,9.97e-06,1.22731078,2.486981
2660,0.3272572,0.27007514,9.97e-06,7.04300785,2.49167253
2665,0.29355235,0.26518231,9.97e-06,1.3070755,2.49636406
2670,0.3014215,0.24296068,9.97e-06,4.08112526,2.50105559
2675,0.30160875,0.2498697,9.97e-06,4.28239155,2.50574713
2680,0.35681663,0.23331446,9.97e-06,4.97426367,2.51043866
2685,0.25633574,0.2394751,9.97e-06,3.27572012,2.51513019
2690,0.2856627,0.24586863,9.97e-06,1.48833549,2.51982172
2695,0.31720953,0.27550299,9.97e-06,1.49126756,2.52451325
2700,0.2881937,0.27787434,9.97e-06,1.9540503,2.52920479
2705,0.30671244,0.24167781,9.97e-06,3.71060491,2.53389632
2710,0.37793696,0.27711133,9.97e-06,3.30881166,2.53858785
2715,0.30983548,0.25576579,9.97e-06,3.36054301,2.54327938
2720,0.33354511,0.29529378,9.97e-06,6.87056208,2.54797091
2725,0.29494233,0.25516935,9.97e-06,1.50221086,2.55266244
2730,0.32967877,0.27858348,9.97e-06,1.79777122,2.55735398
2735,0.27725277,0.23545911,9.97e-06,8.66311264,2.56204551
2740,0.26099491,0.24316758,9.97e-06,1.11998308,2.56673704
2745,0.30862246,0.25667262,9.96e-06,1.28391528,2.57142857
2750,0.29967008,0.26350448,9.96e-06,9.19518852,2.5761201
2755,0.312007,0.24973094,9.96e-06,7.23568583,2.58081163
2760,0.30322943,0.25579839,9.96e-06,4.15715647,2.58550317
2765,0.31931329,0.24908993,9.96e-06,5.52799654,2.5901947
2770,0.31074529,0.30327679,9.96e-06,1.89153004,2.59488623
2775,0.29032698,0.24004712,9.96e-06,8.41028595,2.59957776
2780,0.30043738,0.25831489,9.96e-06,2.185323,2.60426929
2785,0.32902713,0.25584648,9.96e-06,6.22367668,2.60896083
2790,0.30825887,0.25248904,9.96e-06,3.62917614,2.61365236
2795,0.38129129,0.25851811,9.96e-06,10.06335354,2.61834389
2800,0.26855741,0.23246018,9.96e-06,3.57531333,2.62303542
2805,0.31625586,0.28384497,9.96e-06,3.47472119,2.62772695
2810,0.34385607,0.29853671,9.96e-06,4.5830493,2.63241848
2815,0.31601677,0.26830216,9.96e-06,2.3762207,2.63711002
2820,0.31535225,0.25656859,9.96e-06,8.71372604,2.64180155
2825,0.29303403,0.2457094,9.96e-06,5.20294237,2.64649308
2830,0.27323368,0.23726765,9.96e-06,1.63170707,2.65118461
2835,0.28917818,0.28096796,9.96e-06,1.27568018,2.65587614
2840,0.30625124,0.29401289,9.96e-06,1.34013903,2.66056768
2845,0.32156532,0.25560525,9.96e-06,5.02180624,2.66525921
2850,0.31923881,0.30099098,9.96e-06,7.1484828,2.66995074
2855,0.2835824,0.24251592,9.96e-06,4.09774113,2.67464227
2860,0.29130325,0.24049885,9.96e-06,7.1453476,2.6793338
2865,0.34009576,0.27756511,9.96e-06,11.84169197,2.68402533
2870,0.28481827,0.24868266,9.96e-06,1.23607814,2.68871687
2875,0.33585579,0.26018563,9.96e-06,7.22358704,2.6934084
2880,0.30552125,0.26920465,9.96e-06,1.23456061,2.69809993
2885,0.29370899,0.26473147,9.96e-06,2.4890933,2.70279146
2890,0.33469524,0.24845641,9.96e-06,6.03735161,2.70748299
2895,0.30676761,0.26160777,9.96e-06,3.77027035,2.71217452
2900,0.26261463,0.24098166,9.96e-06,4.59669542,2.71686606
2905,0.35016942,0.2756366,9.96e-06,3.72861314,2.72155759
2910,0.28123841,0.23278713,9.96e-06,8.43226719,2.72624912
2915,0.3034255,0.24274111,9.96e-06,4.78619814,2.73094065
2920,0.32826309,0.25409248,9.96e-06,11.52953434,2.73563218
2925,0.30096712,0.24682552,9.96e-06,2.12642431,2.74032372
2930,0.26186185,0.25198511,9.96e-06,1.11283231,2.74501525
2935,0.35407591,0.25983373,9.96e-06,7.38259459,2.74970678
2940,0.39589024,0.25836027,9.96e-06,6.94109869,2.75439831
2945,0.28688123,0.22769918,9.96e-06,6.291049,2.75908984
2950,0.31752925,0.27644288,9.96e-06,2.21439695,2.76378137
2955,0.28376279,0.24401935,9.96e-06,5.64356947,2.76847291
2960,0.26898103,0.23385024,9.96e-06,1.12700033,2.77316444
2965,0.2926425,0.25305656,9.96e-06,2.5334034,2.77785597
2970,0.28567328,0.23835886,9.96e-06,5.34770536,2.7825475
2975,0.25802898,0.2513442,9.96e-06,3.36352849,2.78723903
2980,0.30730264,0.23580143,9.96e-06,5.59162712,2.79193057
2985,0.2562907,0.25241173,9.96e-06,3.0531857,2.7966221
2990,0.28354423,0.25641273,9.96e-06,6.85029364,2.80131363
2995,0.33389726,0.28041013,9.96e-06,6.21263933,2.80600516
3000,0.2812603,0.26355788,9.96e-06,1.55022442,2.81069669
3005,0.27637172,0.23803557,9.96e-06,3.07033777,2.81538822
3010,0.35605688,0.24409643,9.96e-06,7.08359194,2.82007976
3015,0.38112073,0.26108048,9.96e-06,5.76445961,2.82477129
3020,0.30725651,0.26346405,9.96e-06,3.5460043,2.82946282
3025,0.2618535,0.23584234,9.96e-06,2.1023705,2.83415435
3030,0.26692107,0.23454225,9.96e-06,1.13956201,2.83884588
3035,0.29074357,0.24223232,9.96e-06,8.01244545,2.84353741
3040,0.2832221,0.26187349,9.96e-06,2.2392447,2.84822895
3045,0.29827628,0.26103164,9.95e-06,8.69534016,2.85292048
3050,0.36614165,0.22456712,9.95e-06,6.82992363,2.85761201
3055,0.31747866,0.26746449,9.95e-06,2.12084532,2.86230354
3060,0.38328781,0.2524329,9.95e-06,7.47132254,2.86699507
3065,0.28111734,0.24985726,9.95e-06,2.53664184,2.87168661
3070,0.28096271,0.26652125,9.95e-06,2.99336648,2.87637814
3075,0.32155805,0.29668762,9.95e-06,3.78909969,2.88106967
3080,0.30341969,0.26004623,9.95e-06,2.40004945,2.8857612
3085,0.36653571,0.27580257,9.95e-06,1.92068219,2.89045273
3090,0.31133986,0.28188879,9.95e-06,5.62961674,2.89514426
3095,0.25826039,0.25117698,9.95e-06,1.73913705,2.8998358
3100,0.35523624,0.29166264,9.95e-06,1.29947686,2.90452733
3105,0.26886833,0.24258877,9.95e-06,3.06284738,2.90921886
3110,0.34948664,0.25701107,9.95e-06,4.21674061,2.91391039
3115,0.31890302,0.29023235,9.95e-06,1.20971298,2.91860192
3120,0.31664464,0.26730909,9.95e-06,1.35392475,2.92329346
3125,0.27367322,0.24804881,9.95e-06,1.14155936,2.92798499
3130,0.32396297,0.28771258,9.95e-06,1.96367288,2.93267652
3135,0.33237042,0.25589872,9.95e-06,14.95748806,2.93736805
3140,0.38171554,0.28032004,9.95e-06,2.10035872,2.94205958
3145,0.26416221,0.24896417,9.95e-06,2.85019803,2.94675111
3150,0.27039919,0.23930349,9.95e-06,1.49256873,2.95144265
3155,0.36225495,0.26202302,9.95e-06,3.65633798,2.95613418
3160,0.26164296,0.25442199,9.95e-06,2.13361311,2.96082571
3165,0.35682116,0.27645644,9.95e-06,1.43346179,2.96551724
3170,0.34974718,0.25606759,9.95e-06,2.09838772,2.97020877
3175,0.32199976,0.27557384,9.95e-06,8.17543888,2.9749003
3180,0.26441379,0.253479,9.95e-06,3.5571425,2.97959184
3185,0.27979701,0.24473259,9.95e-06,1.20011222,2.98428337
3190,0.3442543,0.23853208,9.95e-06,3.38739824,2.9889749
3195,0.29905181,0.23175791,9.95e-06,11.54562378,2.99366643
3200,0.27332315,0.26353924,9.95e-06,1.38401341,2.99835796
3205,0.29340239,0.29317337,9.95e-06,2.80638909,3.00280636
3210,0.28608818,0.2491575,9.95e-06,7.65021515,3.00748363
3215,0.30746684,0.24350198,9.95e-06,2.86403894,3.0121609
3220,0.34984412,0.26251451,9.95e-06,1.62248111,3.01683817
3225,0.34506328,0.24505211,9.95e-06,1.52458239,3.02151543
3230,0.27041841,0.2533122,9.95e-06,3.4460628,3.0261927
3235,0.29992933,0.29042524,9.95e-06,1.38757288,3.03086997
3240,0.28705626,0.22309549,9.95e-06,5.57002163,3.03554724
3245,0.28063831,0.25190229,9.95e-06,2.6022315,3.04022451
3250,0.28720145,0.2624839,9.95e-06,1.41150558,3.04490178
3255,0.29599423,0.25772406,9.95e-06,3.58899212,3.04957905
3260,0.35086081,0.24886974,9.95e-06,2.87691951,3.05425631
3265,0.28048973,0.26268954,9.95e-06,6.39526939,3.05893358
3270,0.24643888,0.24784836,9.95e-06,2.07666492,3.06361085
3275,0.28075566,0.26355895,9.95e-06,6.686409,3.06828812
3280,0.29293852,0.23546899,9.95e-06,2.25453997,3.07296539
3285,0.37339706,0.29649756,9.95e-06,2.66230989,3.07764266
3290,0.28721356,0.24107684,9.95e-06,5.20203018,3.08231993
3295,0.27093201,0.23841732,9.95e-06,2.85879803,3.08699719
3300,0.30855885,0.24810765,9.95e-06,1.49195826,3.09167446
3305,0.27134695,0.24166647,9.95e-06,6.60475397,3.09635173
3310,0.28785088,0.22777267,9.95e-06,3.28085828,3.101029
3315,0.2952858,0.26653334,9.94e-06,4.40166807,3.10570627
3320,0.28581464,0.24538446,9.94e-06,4.82201719,3.11038354
3325,0.35961461,0.27238963,9.94e-06,2.11894894,3.1150608
3330,0.30871396,0.23787909,9.94e-06,2.10377574,3.11973807
3335,0.33096981,0.28152805,9.94e-06,5.24323797,3.12441534
3340,0.23827415,0.22219224,9.94e-06,1.25778103,3.12909261
3345,0.31399791,0.27098208,9.94e-06,8.48312283,3.13376988
3350,0.26610751,0.21899122,9.94e-06,3.82269835,3.13844715
3355,0.24315431,0.24537294,9.94e-06,1.44118547,3.14312442
3360,0.30254245,0.25309987,9.94e-06,1.85490751,3.14780168
3365,0.26602831,0.24557999,9.94e-06,3.88968587,3.15247895
3370,0.26203108,0.21965131,9.94e-06,1.43204534,3.15715622
3375,0.26489348,0.24581169,9.94e-06,1.35593355,3.16183349
3380,0.28294969,0.26553256,9.94e-06,14.02676105,3.16651076
3385,0.26943822,0.27053403,9.94e-06,1.36325371,3.17118803
3390,0.3340064,0.27993716,9.94e-06,2.30227518,3.17586529
3395,0.34518962,0.2272084,9.94e-06,1.25148892,3.18054256
3400,0.3395329,0.27436657,9.94e-06,6.42987204,3.18521983
3405,0.33004565,0.24337518,9.94e-06,4.24872446,3.1898971
3410,0.27150233,0.23551832,9.94e-06,1.29792678,3.19457437
3415,0.26480308,0.21450188,9.94e-06,3.87999487,3.19925164
3420,0.279511,0.25409513,9.94e-06,1.91399682,3.20392891
3425,0.30275757,0.26659792,9.94e-06,6.78139973,3.20860617
3430,0.36657181,0.25707141,9.94e-06,5.78330088,3.21328344
3435,0.3819346,0.26010024,9.94e-06,1.27893615,3.21796071
3440,0.33048263,0.24197261,9.94e-06,5.27526712,3.22263798
3445,0.3153666,0.29096159,9.94e-06,3.39443803,3.22731525
3450,0.31313653,0.26899401,9.94e-06,1.41003156,3.23199252
3455,0.28899395,0.25886691,9.94e-06,0.9210934,3.23666978
3460,0.29264946,0.27972721,9.94e-06,4.22135592,3.24134705
3465,0.27956138,0.26499911,9.94e-06,1.77513933,3.24602432
3470,0.27050831,0.25571788,9.94e-06,1.26405931,3.25070159
3475,0.26538239,0.23711842,9.94e-06,1.23302686,3.25537886
3480,0.27798033,0.2272348,9.94e-06,1.45724392,3.26005613
3485,0.29879546,0.25739919,9.94e-06,6.99206209,3.2647334
3490,0.31229944,0.2477105,9.94e-06,3.86613059,3.26941066
3495,0.29651201,0.2484768,9.94e-06,4.6247468,3.27408793
3500,0.2835402,0.23783362,9.94e-06,2.08087993,3.2787652
3505,0.26505837,0.23944335,9.94e-06,1.10223591,3.28344247
3510,0.23186285,0.20122047,9.94e-06,4.22240782,3.28811974
3515,0.28788414,0.21631157,9.94e-06,4.58102322,3.29279701
3520,0.26684074,0.25207955,9.94e-06,5.06722879,3.29747428
3525,0.27320657,0.23640669,9.94e-06,1.19687676,3.30215154
3530,0.30582201,0.25992541,9.94e-06,5.24687433,3.30682881
3535,0.32033834,0.25816152,9.94e-06,6.26694679,3.31150608
3540,0.27946904,0.26139536,9.94e-06,1.43655324,3.31618335
3545,0.29490201,0.26577486,9.94e-06,1.13981605,3.32086062
3550,0.30279183,0.27531833,9.94e-06,1.10073972,3.32553789
3555,0.32495394,0.25186813,9.94e-06,4.86075258,3.33021515
3560,0.33567488,0.26261822,9.93e-06,3.5564487,3.33489242
3565,0.29009752,0.19653404,9.93e-06,3.89530373,3.33956969
3570,0.4098629,0.27767045,9.93e-06,6.64116383,3.34424696
3575,0.31559601,0.24107339,9.93e-06,1.19718134,3.34892423
3580,0.287045,0.2677832,9.93e-06,4.21809673,3.3536015
3585,0.32417119,0.27493727,9.93e-06,3.55855131,3.35827877
3590,0.2459239,0.23772595,9.93e-06,2.24317026,3.36295603
3595,0.24006329,0.24012507,9.93e-06,2.03364992,3.3676333
3600,0.31072259,0.26154669,9.93e-06,6.53757238,3.37231057
3605,0.29822793,0.24579248,9.93e-06,8.34850025,3.37698784
3610,0.31734791,0.23674769,9.93e-06,7.72976494,3.38166511
3615,0.30819557,0.25905734,9.93e-06,1.70791197,3.38634238
3620,0.30159664,0.2651257,9.93e-06,3.05790138,3.39101964
3625,0.30830941,0.22128936,9.93e-06,6.09115839,3.39569691
3630,0.3014297,0.26606288,9.93e-06,1.73003399,3.40037418
3635,0.34508491,0.2747767,9.93e-06,4.28489733,3.40505145
3640,0.34207478,0.28510287,9.93e-06,2.62247825,3.40972872
3645,0.285848,0.22802038,9.93e-06,1.44891524,3.41440599
3650,0.25080204,0.21472453,9.93e-06,4.9595046,3.41908326
3655,0.40363822,0.2823085,9.93e-06,4.81455421,3.42376052
3660,0.26024351,0.22680953,9.93e-06,2.09766006,3.42843779
3665,0.29448271,0.2638095,9.93e-06,4.1024642,3.43311506
3670,0.2912734,0.23255493,9.93e-06,6.57425928,3.43779233
3675,0.29759212,0.25013429,9.93e-06,6.86843681,3.4424696
3680,0.30160711,0.24109296,9.93e-06,2.33218169,3.44714687
3685,0.27923865,0.23746818,9.93e-06,4.81344366,3.45182413
3690,0.30194712,0.25446881,9.93e-06,1.07343853,3.4565014
3695,0.34203486,0.25264606,9.93e-06,1.30911946,3.46117867
3700,0.31505537,0.24359738,9.93e-06,4.57703209,3.46585594
3705,0.29132481,0.23724338,9.93e-06,17.29357338,3.47053321
3710,0.31783566,0.25088162,9.93e-06,5.30847979,3.47521048
3715,0.25931616,0.2341915,9.93e-06,1.4683888,3.47988775
3720,0.26695371,0.23508683,9.93e-06,1.74614131,3.48456501
3725,0.32128818,0.27491765,9.93e-06,3.79230547,3.48924228
3730,0.30030255,0.25445459,9.93e-06,6.33972359,3.49391955
3735,0.30809193,0.24894473,9.93e-06,5.02750587,3.49859682
3740,0.25874672,0.24523203,9.93e-06,1.46171665,3.50327409
3745,0.31848702,0.26452177,9.93e-06,2.26419497,3.50795136
3750,0.31046023,0.22861379,9.93e-06,1.36637723,3.51262862
3755,0.34470944,0.25786526,9.93e-06,7.44345903,3.51730589
3760,0.33692067,0.25239896,9.93e-06,2.77231097,3.52198316
3765,0.2936892,0.2471566,9.93e-06,2.50614977,3.52666043
3770,0.28645039,0.22911176,9.93e-06,4.57666492,3.5313377
3775,0.33859916,0.24932151,9.93e-06,3.41864538,3.53601497
3780,0.32737989,0.26281526,9.93e-06,3.45997477,3.54069224
3785,0.32231059,0.24099677,9.92e-06,1.98460674,3.5453695
3790,0.30236592,0.24131602,9.92e-06,4.82006884,3.55004677
3795,0.3203841,0.24254345,9.92e-06,1.21623158,3.55472404
3800,0.32054434,0.26093066,9.92e-06,1.46254265,3.55940131
3805,0.3353075,0.26738039,9.92e-06,9.28878403,3.56407858
3810,0.31039152,0.24175856,9.92e-06,2.13817859,3.56875585
3815,0.33747308,0.25764989,9.92e-06,7.61847973,3.57343312
3820,0.34060233,0.2325751,9.92e-06,9.08127785,3.57811038
3825,0.32483304,0.25068456,9.92e-06,4.09691048,3.58278765
3830,0.2599086,0.24350441,9.92e-06,1.42811108,3.58746492
3835,0.27646003,0.23710887,9.92e-06,2.35698986,3.59214219
3840,0.28314145,0.2529944,9.92e-06,2.89421797,3.59681946
3845,0.31115355,0.25328062,9.92e-06,3.66116548,3.60149673
3850,0.34822695,0.23088264,9.92e-06,1.1184957,3.60617399
3855,0.282479,0.22631032,9.92e-06,1.31272447,3.61085126
3860,0.31407099,0.21577719,9.92e-06,12.77211666,3.61552853
3865,0.30981548,0.27317619,9.92e-06,2.32092667,3.6202058
3870,0.28833683,0.25396911,9.92e-06,4.2208128,3.62488307
3875,0.25114706,0.25484434,9.92e-06,1.4328537,3.62956034
3880,0.32932081,0.26035561,9.92e-06,6.7495265,3.63423761
3885,0.30663919,0.24958293,9.92e-06,1.67253971,3.63891487
3890,0.26664953,0.20886569,9.92e-06,1.15237594,3.64359214
3895,0.39080753,0.22435313,9.92e-06,8.06086731,3.64826941
3900,0.33217592,0.28594455,9.92e-06,2.36143756,3.65294668
3905,0.2926698,0.22778259,9.92e-06,6.94951296,3.65762395
3910,0.24824097,0.23145511,9.92e-06,1.207968,3.66230122
3915,0.31086786,0.27039047,9.92e-06,3.84294939,3.66697848
3920,0.309902,0.2246009,9.92e-06,1.91293633,3.67165575
3925,0.28116295,0.25343298,9.92e-06,1.25517058,3.67633302
3930,0.35679083,0.24830469,9.92e-06,3.51925611,3.68101029
3935,0.25275102,0.21960138,9.92e-06,1.08288467,3.68568756
3940,0.30356069,0.21793518,9.92e-06,6.61399984,3.69036483
3945,0.29075952,0.2442478,9.92e-06,1.25701118,3.6950421
3950,0.311656,0.23177669,9.92e-06,5.75299692,3.69971936
3955,0.42121086,0.27168736,9.92e-06,4.42460299,3.70439663
3960,0.32524939,0.25302527,9.92e-06,6.81516552,3.7090739
3965,0.26191638,0.24644059,9.92e-06,4.64653397,3.71375117
3970,0.29666457,0.24628542,9.92e-06,7.17443275,3.71842844
3975,0.30143125,0.2546662,9.92e-06,1.21368504,3.72310571
3980,0.28948445,0.24776994,9.92e-06,1.04612029,3.72778297
3985,0.33325732,0.27364189,9.92e-06,7.02647066,3.73246024
3990,0.303934,0.2586354,9.92e-06,1.87824738,3.73713751
3995,0.25620568,0.23988347,9.92e-06,1.33818603,3.74181478
4000,0.41040611,0.23166813,9.91e-06,14.13207817,3.74649205
4005,0.32919316,0.23237751,9.91e-06,2.60766554,3.75116932
4010,0.27217619,0.25712748,9.91e-06,2.94655681,3.75584659
4015,0.31522975,0.2641901,9.91e-06,4.31048012,3.76052385
4020,0.321492,0.26825608,9.91e-06,2.48174977,3.76520112
4025,0.28317614,0.24409861,9.91e-06,1.23405206,3.76987839
4030,0.29399576,0.24366674,9.91e-06,1.43279445,3.77455566
4035,0.36466837,0.25803093,9.91e-06,3.66454935,3.77923293
4040,0.26847126,0.24411608,9.91e-06,2.5375905,3.7839102
4045,0.24478211,0.21882107,9.91e-06,5.0394578,3.78858746
4050,0.33846133,0.2650882,9.91e-06,1.29810917,3.79326473
4055,0.28075185,0.23707461,9.91e-06,4.89749956,3.797942
4060,0.27642388,0.2438848,9.91e-06,3.45002484,3.80261927
4065,0.35072346,0.26311553,9.91e-06,6.6355629,3.80729654
4070,0.27556415,0.23361717,9.91e-06,1.15664732,3.81197381
4075,0.30535607,0.23335813,9.91e-06,1.60949051,3.81665108
4080,0.25886583,0.22723527,9.91e-06,2.79136419,3.82132834
4085,0.29673743,0.27408734,9.91e-06,1.02061486,3.82600561
4090,0.27849658,0.22389588,9.91e-06,4.1275301,3.83068288
4095,0.33285222,0.26224538,9.91e-06,3.12295294,3.83536015
4100,0.25380967,0.21787425,9.91e-06,1.87158096,3.84003742
4105,0.35541592,0.24528996,9.91e-06,6.41560507,3.84471469
4110,0.24792037,0.25170806,9.91e-06,3.39020061,3.84939196
4115,0.25091057,0.23314396,9.91e-06,1.42139959,3.85406922
4120,0.28808544,0.25269651,9.91e-06,1.69719553,3.85874649
4125,0.3040288,0.24310388,9.91e-06,5.17937851,3.86342376
4130,0.24331033,0.23377622,9.91e-06,1.575472,3.86810103
4135,0.36003575,0.28192195,9.91e-06,15.38152981,3.8727783
4140,0.32335682,0.24740784,9.91e-06,5.03263998,3.87745557
4145,0.35762401,0.23807872,9.91e-06,5.97066116,3.88213283
4150,0.24770446,0.23923142,9.91e-06,3.70155787,3.8868101
4155,0.24938736,0.21968852,9.91e-06,1.28673875,3.89148737
4160,0.28011746,0.25203559,9.91e-06,6.42975998,3.89616464
4165,0.29126084,0.2590071,9.91e-06,2.25858521,3.90084191
4170,0.25367098,0.25164563,9.91e-06,1.53030586,3.90551918
4175,0.27108779,0.2377392,9.91e-06,1.32475531,3.91019645
4180,0.29407754,0.22681707,9.91e-06,5.42862844,3.91487371
4185,0.25150414,0.23751543,9.91e-06,9.4320097,3.91955098
4190,0.32400613,0.24632831,9.91e-06,1.48443317,3.92422825
4195,0.26240525,0.2538542,9.91e-06,1.42923069,3.92890552
4200,0.30653224,0.26853492,9.9e-06,2.16655731,3.93358279
4205,0.29663506,0.24637639,9.9e-06,4.49341393,3.93826006
4210,0.3187561,0.22815669,9.9e-06,4.50986576,3.94293732
4215,0.31728106,0.28008403,9.9e-06,1.7268616,3.94761459
4220,0.28652513,0.21529889,9.9e-06,1.44149923,3.95229186
4225,0.2893281,0.23010686,9.9e-06,1.75322938,3.95696913
4230,0.25349708,0.24025112,9.9e-06,2.68043447,3.9616464
4235,0.30584929,0.26876668,9.9e-06,3.2370944,3.96632367
4240,0.21838939,0.20984174,9.9e-06,1.82589912,3.97100094
4245,0.28631549,0.26553581,9.9e-06,1.4452858,3.9756782
4250,0.33283811,0.24997545,9.9e-06,7.84754324,3.98035547
4255,0.26356421,0.24550175,9.9e-06,1.48538482,3.98503274
4260,0.33516774,0.22196726,9.9e-06,1.12455928,3.98971001
4265,0.26587124,0.24643574,9.9e-06,3.2503438,3.99438728
4270,0.3066345,0.25276834,9.9e-06,3.52753258,3.99906455
4275,0.30711417,0.23942698,9.9e-06,6.06873226,4.00374971
4280,0.29230747,0.22654772,9.9e-06,20.39266396,4.00843684
4285,0.26928096,0.23618701,9.9e-06,3.86029768,4.01312397
4290,0.27021575,0.23348406,9.9e-06,3.11675239,4.01781111
4295,0.24397483,0.24491408,9.9e-06,1.15516293,4.02249824
4300,0.291537,0.22199601,9.9e-06,1.35848773,4.02718538
4305,0.27951865,0.2223947,9.9e-06,4.13908005,4.03187251
4310,0.40166435,0.24261907,9.9e-06,5.74114943,4.03655964
4315,0.27945676,0.24157225,9.9e-06,1.14833546,4.04124678
4320,0.29103937,0.24316091,9.9e-06,2.85395408,4.04593391
4325,0.26942563,0.22757101,9.9e-06,6.47625208,4.05062105
4330,0.24059772,0.2151241,9.9e-06,3.43083644,4.05530818
4335,0.2474575,0.24238221,9.9e-06,1.96568251,4.05999531
4340,0.27048755,0.21525603,9.9e-06,1.33337712,4.06468245
4345,0.27994957,0.2225007,9.9e-06,10.30992985,4.06936958
4350,0.26537025,0.21957527,9.9e-06,2.41337323,4.07405671
4355,0.26680181,0.23028394,9.9e-06,1.53692019,4.07874385
4360,0.29829555,0.25792303,9.9e-06,5.74724531,4.08343098
4365,0.30237122,0.24612572,9.9e-06,1.44023967,4.08811812
4370,0.30271001,0.2612433,9.9e-06,2.18749046,4.09280525
4375,0.31072736,0.2431098,9.9e-06,4.72540712,4.09749238
4380,0.27588229,0.2396284,9.9e-06,3.65157914,4.10217952
4385,0.25912919,0.21335632,9.9e-06,6.47518778,4.10686665
4390,0.25789938,0.2361303,9.89e-06,2.16083002,4.11155378
4395,0.31284013,0.24922347,9.89e-06,1.21199369,4.11624092
4400,0.31544776,0.24638635,9.89e-06,1.31454301,4.12092805
4405,0.25255532,0.2177222,9.89e-06,6.03565025,4.12561519
4410,0.29247844,0.25229562,9.89e-06,7.79372644,4.13030232
4415,0.24278708,0.2353411,9.89e-06,3.49661398,4.13498945
4420,0.2849499,0.23609668,9.89e-06,3.1479435,4.13967659
4425,0.30270662,0.23288039,9.89e-06,1.15186965,4.14436372
4430,0.31264038,0.23875726,9.89e-06,10.10858822,4.14905086
4435,0.3002454,0.25323546,9.89e-06,5.30188036,4.15373799
4440,0.22430437,0.21662306,9.89e-06,1.77950811,4.15842512
4445,0.28240571,0.24649994,9.89e-06,1.20382047,4.16311226
4450,0.32029207,0.23495328,9.89e-06,6.34109163,4.16779939
4455,0.27081845,0.21624785,9.89e-06,4.96827126,4.17248652
4460,0.3134696,0.22312076,9.89e-06,15.51388264,4.17717366
4465,0.30210772,0.2419529,9.89e-06,3.09242892,4.18186079
4470,0.24521194,0.21651639,9.89e-06,1.35751545,4.18654793
4475,0.37422683,0.28387846,9.89e-06,4.6161952,4.19123506
4480,0.26795559,0.24305975,9.89e-06,5.53785038,4.19592219
4485,0.26114712,0.20457515,9.89e-06,9.78663349,4.20060933
4490,0.29985576,0.26717827,9.89e-06,2.05658817,4.20529646
4495,0.28346281,0.23311634,9.89e-06,3.73971343,4.2099836
4500,0.31639431,0.23764676,9.89e-06,3.34331894,4.21467073
4505,0.25648937,0.24687531,9.89e-06,1.38143313,4.21935786
4510,0.42701368,0.2623865,9.89e-06,7.43998718,4.224045
4515,0.26626217,0.23882829,9.89e-06,1.44391704,4.22873213
4520,0.33341863,0.25671223,9.89e-06,7.96129847,4.23341926
4525,0.33707652,0.20579635,9.89e-06,2.24730587,4.2381064
4530,0.37076802,0.24401476,9.89e-06,1.90425217,4.24279353
4535,0.27299542,0.22795298,9.89e-06,2.86280465,4.24748067
4540,0.31153698,0.26005262,9.89e-06,8.0974741,4.2521678
4545,0.25926375,0.21614194,9.89e-06,5.03628969,4.25685493
4550,0.2558239,0.2242793,9.89e-06,3.67196393,4.26154207
4555,0.27026401,0.24483502,9.89e-06,2.31432247,4.2662292
4560,0.24528003,0.23123129,9.89e-06,1.8496995,4.27091633
4565,0.25601163,0.22248973,9.89e-06,2.11141562,4.27560347
4570,0.31128783,0.24419819,9.88e-06,5.30562544,4.2802906
4575,0.29764409,0.20576787,9.88e-06,2.92657351,4.28497774
4580,0.34695981,0.22332536,9.88e-06,5.34704256,4.28966487
4585,0.27731557,0.24336841,9.88e-06,2.46797991,4.294352
4590,0.33326356,0.23472491,9.88e-06,1.32087171,4.29903914
4595,0.28087077,0.23567137,9.88e-06,1.24709272,4.30372627
4600,0.26414528,0.221343,9.88e-06,3.33151937,4.30841341
4605,0.26378725,0.23556163,9.88e-06,6.39588213,4.31310054
4610,0.31206574,0.24366617,9.88e-06,9.42517376,4.31778767
4615,0.283463,0.223745,9.88e-06,1.27165139,4.32247481
4620,0.31226299,0.25792075,9.88e-06,1.45406473,4.32716194
4625,0.28615017,0.23752294,9.88e-06,5.54457045,4.33184907
4630,0.29475808,0.25697625,9.88e-06,1.57129145,4.33653621
4635,0.29027543,0.2140879,9.88e-06,6.12932396,4.34122334
4640,0.30143399,0.26321969,9.88e-06,3.69000912,4.34591048
4645,0.2946795,0.23143091,9.88e-06,2.67726874,4.35059761
4650,0.27476258,0.25934509,9.88e-06,1.67736387,4.35528474
4655,0.27136164,0.24708176,9.88e-06,5.46867085,4.35997188
4660,0.26751359,0.21156971,9.88e-06,1.95234478,4.36465901
4665,0.38625124,0.26016286,9.88e-06,7.41843557,4.36934614
4670,0.26420262,0.21024449,9.88e-06,1.59233057,4.37403328
4675,0.26430278,0.24101752,9.88e-06,4.04233551,4.37872041
4680,0.35275812,0.23587973,9.88e-06,7.60556793,4.38340755
4685,0.278878,0.2353672,9.88e-06,4.11057854,4.38809468
4690,0.32726974,0.25094288,9.88e-06,4.80090523,4.39278181
4695,0.3173017,0.26166339,9.88e-06,3.01339936,4.39746895
4700,0.31369379,0.2363502,9.88e-06,9.14216423,4.40215608
4705,0.36586413,0.23522535,9.88e-06,3.67373061,4.40684322
4710,0.29738564,0.2512617,9.88e-06,4.31377983,4.41153035
4715,0.27630124,0.23840548,9.88e-06,3.08904004,4.41621748
4720,0.25684667,0.1913311,9.88e-06,10.3510294,4.42090462
4725,0.30706782,0.24397211,9.88e-06,1.45897603,4.42559175
4730,0.30460234,0.2352456,9.88e-06,6.72367287,4.43027888
4735,0.38013816,0.24519674,9.88e-06,9.09588051,4.43496602
4740,0.33759632,0.2364161,9.88e-06,4.56598854,4.43965315
4745,0.39896929,0.25208159,9.87e-06,6.07046413,4.44434029
4750,0.28946915,0.25257591,9.87e-06,3.34847999,4.44902742
4755,0.28203254,0.2379897,9.87e-06,1.47608137,4.45371455
4760,0.23277659,0.22811294,9.87e-06,1.38486123,4.45840169
4765,0.25485213,0.24144014,9.87e-06,4.49516821,4.46308882
4770,0.24362278,0.21898202,9.87e-06,5.0536375,4.46777596
4775,0.23964992,0.20841905,9.87e-06,1.3358165,4.47246309
4780,0.29102454,0.21520091,9.87e-06,7.48988724,4.47715022
4785,0.27410803,0.21778697,9.87e-06,3.89779282,4.48183736
4790,0.31300616,0.25236248,9.87e-06,1.22275639,4.48652449
4795,0.30377679,0.24637424,9.87e-06,4.22508001,4.49121162
4800,0.27777326,0.21938634,9.87e-06,4.92151546,4.49589876
4805,0.30987267,0.23991795,9.87e-06,2.75015354,4.50058589
4810,0.23053339,0.21013488,9.87e-06,1.34394312,4.50527303
4815,0.24238715,0.21966019,9.87e-06,6.62852287,4.50996016
4820,0.27568817,0.24052683,9.87e-06,1.77234519,4.51464729
4825,0.25946145,0.23551315,9.87e-06,3.45772505,4.51933443
4830,0.35622628,0.23858961,9.87e-06,8.53883266,4.52402156
4835,0.31697464,0.24345691,9.87e-06,1.16133058,4.52870869
4840,0.32829654,0.24684285,9.87e-06,5.22939539,4.53339583
4845,0.25093651,0.24615321,9.87e-06,1.28107905,4.53808296
4850,0.25183489,0.21967134,9.87e-06,1.18941998,4.5427701
4855,0.3125494,0.25836334,9.87e-06,3.30753899,4.54745723
4860,0.33436465,0.23238097,9.87e-06,5.22017336,4.55214436
4865,0.26607151,0.21564262,9.87e-06,6.12044525,4.5568315
4870,0.29403415,0.24568041,9.87e-06,1.5853442,4.56151863
4875,0.2506326,0.22820199,9.87e-06,1.23134935,4.56620577
4880,0.27214966,0.2355574,9.87e-06,4.5595355,4.5708929
4885,0.25061393,0.23927163,9.87e-06,1.25316691,4.57558003
4890,0.27079268,0.26146844,9.87e-06,3.75926852,4.58026717
4895,0.29288445,0.24404611,9.87e-06,1.7676717,4.5849543
4900,0.35947776,0.24822972,9.87e-06,5.43077326,4.58964143
4905,0.3153306,0.22800145,9.87e-06,2.30549097,4.59432857
4910,0.27528093,0.2399062,9.87e-06,9.64791679,4.5990157
4915,0.26893282,0.26232804,9.86e-06,1.80186534,4.60370284
4920,0.29234564,0.22738687,9.86e-06,10.20108032,4.60838997
4925,0.30718865,0.24000789,9.86e-06,3.15394497,4.6130771
4930,0.33387353,0.23397519,9.86e-06,11.89966202,4.61776424
4935,0.26415782,0.23790137,9.86e-06,4.81860828,4.62245137
4940,0.22722769,0.22915357,9.86e-06,1.50471413,4.6271385
4945,0.27797875,0.25013263,9.86e-06,1.02693963,4.63182564
4950,0.30225101,0.22610963,9.86e-06,5.13503504,4.63651277
4955,0.24624915,0.22589578,9.86e-06,1.65859222,4.64119991
4960,0.36436682,0.23914864,9.86e-06,1.57949781,4.64588704
4965,0.30587721,0.25552615,9.86e-06,8.01961136,4.65057417
4970,0.25108073,0.21379295,9.86e-06,0.91350341,4.65526131
4975,0.27946692,0.22351364,9.86e-06,8.71182442,4.65994844
4980,0.29431951,0.23860036,9.86e-06,6.52433109,4.66463558
4985,0.25882237,0.2269034,9.86e-06,1.78206635,4.66932271
4990,0.32447858,0.24288164,9.86e-06,3.41465473,4.67400984
4995,0.24651887,0.21865743,9.86e-06,4.63647985,4.67869698
5000,0.30576501,0.23069389,9.86e-06,6.23126268,4.68338411
5005,0.28908296,0.25175048,9.86e-06,5.52582169,4.68807124
5010,0.25678344,0.22029256,9.86e-06,2.78496027,4.69275838
5015,0.31039958,0.23040943,9.86e-06,6.65308332,4.69744551
5020,0.30204666,0.23996006,9.86e-06,3.66595459,4.70213265
5025,0.32587123,0.24775333,9.86e-06,7.90783358,4.70681978
5030,0.32659693,0.24479504,9.86e-06,1.95649374,4.71150691
5035,0.32412615,0.24451721,9.86e-06,1.70409822,4.71619405
5040,0.28435965,0.24504008,9.86e-06,7.0661726,4.72088118
5045,0.3451601,0.24929456,9.86e-06,5.05970001,4.72556831
5050,0.25724602,0.23653866,9.86e-06,7.65762854,4.73025545
5055,0.29725089,0.23830892,9.86e-06,5.91864681,4.73494258
5060,0.25449252,0.22131609,9.86e-06,27.32942963,4.73962972
5065,0.30319676,0.22727084,9.86e-06,1.27036417,4.74431685
5070,0.2802702,0.22636175,9.86e-06,4.08286428,4.74900398
5075,0.26818647,0.23343817,9.85e-06,0.97952187,4.75369112
5080,0.33947151,0.22947044,9.85e-06,7.79597521,4.75837825
5085,0.26940804,0.23605595,9.85e-06,2.64791107,4.76306539
5090,0.34849367,0.23541786,9.85e-06,1.89237797,4.76775252
5095,0.31019154,0.23595164,9.85e-06,1.22042882,4.77243965
5100,0.32160816,0.23778821,9.85e-06,16.36998749,4.77712679
5105,0.3141737,0.23621706,9.85e-06,2.11928463,4.78181392
5110,0.29374795,0.2202502,9.85e-06,5.15519142,4.78650105
5115,0.26180151,0.2387259,9.85e-06,3.47038651,4.79118819
5120,0.25052884,0.23253319,9.85e-06,3.30401826,4.79587532
5125,0.26933532,0.22553887,9.85e-06,1.3074528,4.80056246
5130,0.29257836,0.23680561,9.85e-06,5.5050354,4.80524959
5135,0.29469962,0.23915151,9.85e-06,2.19470859,4.80993672
5140,0.31805391,0.2512956,9.85e-06,2.36790419,4.81462386
5145,0.33686428,0.2371042,9.85e-06,5.79672813,4.81931099
5150,0.28608949,0.21657053,9.85e-06,6.36156797,4.82399813
5155,0.27212913,0.21645316,9.85e-06,1.23350346,4.82868526
5160,0.28239615,0.2166849,9.85e-06,5.88199663,4.83337239
5165,0.26397853,0.21929711,9.85e-06,1.88958335,4.83805953
5170,0.27703159,0.24842126,9.85e-06,2.53069401,4.84274666
5175,0.303352,0.24374605,9.85e-06,4.48841953,4.84743379
5180,0.35583816,0.23659869,9.85e-06,24.25137329,4.85212093
5185,0.3049252,0.20905529,9.85e-06,6.55814457,4.85680806
5190,0.31715217,0.20322081,9.85e-06,2.23461556,4.8614952
5195,0.27105312,0.22659402,9.85e-06,8.79641056,4.86618233
5200,0.29421825,0.26645997,9.85e-06,5.96428156,4.87086946
5205,0.26360662,0.21987428,9.85e-06,2.14589286,4.8755566
5210,0.27223153,0.24624034,9.85e-06,2.91872597,4.88024373
5215,0.31236696,0.23199144,9.85e-06,2.68140554,4.88493086
5220,0.32766538,0.23243385,9.85e-06,2.07621717,4.889618
5225,0.33510408,0.24023415,9.85e-06,6.53678656,4.89430513
5230,0.25441928,0.23542631,9.84e-06,2.8913579,4.89899227
5235,0.27737687,0.24296316,9.84e-06,1.94340789,4.9036794
5240,0.28090944,0.23463863,9.84e-06,1.05688679,4.90836653
5245,0.29008453,0.23780937,9.84e-06,5.42479515,4.91305367
5250,0.33713689,0.24718769,9.84e-06,6.70576429,4.9177408
5255,0.28275158,0.21824622,9.84e-06,2.305094,4.92242794
5260,0.25978243,0.22899668,9.84e-06,4.09020138,4.92711507
5265,0.28234696,0.22491993,9.84e-06,1.35751164,4.9318022
5270,0.32457805,0.23754668,9.84e-06,8.21917343,4.93648934
5275,0.35341995,0.2417286,9.84e-06,2.79953194,4.94117647
5280,0.3253166,0.22441506,9.84e-06,3.21738219,4.9458636
5285,0.27513452,0.228534,9.84e-06,3.0938375,4.95055074
5290,0.26568489,0.22873871,9.84e-06,2.03384471,4.95523787
5295,0.26180758,0.23216301,9.84e-06,2.97676969,4.95992501
5300,0.30992534,0.2549486,9.84e-06,2.11649895,4.96461214
5305,0.3026823,0.23707306,9.84e-06,3.768785,4.96929927
5310,0.25857487,0.2038163,9.84e-06,3.12943697,4.97398641
5315,0.3066318,0.21739578,9.84e-06,1.32190835,4.97867354
5320,0.31953955,0.22821412,9.84e-06,14.00355148,4.98336067
5325,0.31589999,0.22838989,9.84e-06,6.49229717,4.98804781
5330,0.34561014,0.23531643,9.84e-06,3.01493788,4.99273494
5335,0.32270608,0.22477733,9.84e-06,3.29274035,4.99742208
5340,0.25934486,0.21663413,9.84e-06,5.84834433,5.00187573
5345,0.33282444,0.21809068,9.84e-06,8.25393486,5.00656506
5350,0.27418957,0.23624782,9.84e-06,1.33965743,5.0112544
5355,0.3168684,0.24061873,9.84e-06,1.42878115,5.01594373
5360,0.35953336,0.21139057,9.84e-06,10.97969627,5.02063306
5365,0.26544075,0.22446813,9.84e-06,5.25611496,5.02532239
5370,0.35727675,0.23252788,9.84e-06,13.00985622,5.03001172
5375,0.30569687,0.22727966,9.84e-06,1.45315981,5.03470106
5380,0.29712439,0.23976566,9.83e-06,46.13631058,5.03939039
5385,0.27704535,0.25716224,9.83e-06,2.14415717,5.04407972
5390,0.30082676,0.24132309,9.83e-06,4.76278543,5.04876905
5395,0.28974619,0.21774708,9.83e-06,5.35762596,5.05345838
5400,0.25214188,0.23020292,9.83e-06,1.24242473,5.05814771
5405,0.22288837,0.21613212,9.83e-06,2.31292844,5.06283705
5410,0.28077788,0.26357998,9.83e-06,4.56783438,5.06752638
5415,0.24082603,0.22826492,9.83e-06,1.52849114,5.07221571
5420,0.28184676,0.2227078,9.83e-06,1.4831351,5.07690504
5425,0.26154511,0.2188298,9.83e-06,2.16326857,5.08159437
5430,0.33033545,0.25363181,9.83e-06,7.89240265,5.0862837
5435,0.29687555,0.24884501,9.83e-06,7.24990654,5.09097304
5440,0.36298203,0.22325632,9.83e-06,6.68982458,5.09566237
5445,0.33940086,0.23479021,9.83e-06,4.07027483,5.1003517
5450,0.25739632,0.21142091,9.83e-06,4.73443985,5.10504103
5455,0.25120177,0.19214122,9.83e-06,1.02797449,5.10973036
5460,0.29553137,0.23175626,9.83e-06,1.97678995,5.1144197
5465,0.25420399,0.23132445,9.83e-06,4.62046146,5.11910903
5470,0.26123018,0.22145616,9.83e-06,2.19424033,5.12379836
5475,0.29582586,0.24833768,9.83e-06,5.33072233,5.12848769
5480,0.27920179,0.2268311,9.83e-06,7.77927542,5.13317702
5485,0.25600038,0.21725742,9.83e-06,5.06538534,5.13786635
5490,0.29488931,0.25428005,9.83e-06,5.0710721,5.14255569
5495,0.28385816,0.26479912,9.83e-06,1.69395101,5.14724502
5500,0.33050375,0.22548955,9.83e-06,11.18612003,5.15193435
5505,0.25820553,0.22189637,9.83e-06,1.87209117,5.15662368
5510,0.30948622,0.22470983,9.83e-06,1.29666936,5.16131301
5515,0.28729749,0.22800619,9.83e-06,8.13725567,5.16600234
5520,0.3383532,0.26223657,9.83e-06,9.15059566,5.17069168
5525,0.23608928,0.20341322,9.83e-06,1.37215972,5.17538101
5530,0.28016288,0.22727277,9.82e-06,2.09768915,5.18007034
5535,0.32131228,0.2452533,9.82e-06,3.02416444,5.18475967
5540,0.25619969,0.2350166,9.82e-06,2.69667315,5.189449
5545,0.29775555,0.21453992,9.82e-06,7.01307821,5.19413834
5550,0.28359685,0.22578462,9.82e-06,4.44583654,5.19882767
5555,0.3145251,0.24208691,9.82e-06,1.47358632,5.203517
5560,0.23442426,0.21134186,9.82e-06,2.33218884,5.20820633
5565,0.31278362,0.23616636,9.82e-06,2.51343465,5.21289566
5570,0.28159552,0.23441081,9.82e-06,2.29665184,5.21758499
5575,0.33755236,0.23806339,9.82e-06,6.80769873,5.22227433
5580,0.32213669,0.22827841,9.82e-06,1.2949965,5.22696366
5585,0.29125702,0.24530693,9.82e-06,3.32399416,5.23165299
5590,0.31336858,0.2399995,9.82e-06,1.75437152,5.23634232
5595,0.27271867,0.23861038,9.82e-06,1.56981409,5.24103165
5600,0.3340368,0.24593073,9.82e-06,1.77777934,5.24572098
5605,0.25156651,0.20737485,9.82e-06,3.25980735,5.25041032
5610,0.32173743,0.23205543,9.82e-06,11.4469099,5.25509965
5615,0.24796104,0.22500448,9.82e-06,1.34871817,5.25978898
5620,0.30525784,0.23557918,9.82e-06,1.09177136,5.26447831
5625,0.30656886,0.23623404,9.82e-06,8.41107655,5.26916764
5630,0.21781521,0.21723278,9.82e-06,1.68196607,5.27385698
5635,0.29680548,0.22524125,9.82e-06,5.66974783,5.27854631
5640,0.27991567,0.22453433,9.82e-06,5.26637077,5.28323564
5645,0.25261192,0.2298323,9.82e-06,4.9354825,5.28792497
5650,0.30960121,0.21883133,9.82e-06,4.24794149,5.2926143
5655,0.34933619,0.24244314,9.82e-06,4.43111372,5.29730363
5660,0.28567853,0.18917753,9.82e-06,3.38672423,5.30199297
5665,0.27741017,0.22262858,9.82e-06,4.27123165,5.3066823
5670,0.28575449,0.22340194,9.81e-06,1.14606953,5.31137163
5675,0.25473008,0.22385161,9.81e-06,2.22090673,5.31606096
5680,0.27151968,0.23827835,9.81e-06,4.59633875,5.32075029
5685,0.29082453,0.26108046,9.81e-06,3.73090029,5.32543962
5690,0.28218787,0.2205414,9.81e-06,6.05725908,5.33012896
5695,0.37718995,0.23716367,9.81e-06,11.65804577,5.33481829
5700,0.25220137,0.22350336,9.81e-06,3.42223644,5.33950762
5705,0.2754745,0.21152559,9.81e-06,5.79155874,5.34419695
5710,0.25159497,0.22114799,9.81e-06,6.71144915,5.34888628
5715,0.3365418,0.21038558,9.81e-06,8.58619118,5.35357562
5720,0.32819276,0.23712784,9.81e-06,3.15570354,5.35826495
5725,0.27908268,0.22614157,9.81e-06,4.61896467,5.36295428
5730,0.28798747,0.22487259,9.81e-06,1.25651455,5.36764361
5735,0.29632745,0.21290313,9.81e-06,9.03516388,5.37233294
5740,0.23074398,0.23544337,9.81e-06,1.13250494,5.37702227
5745,0.30343463,0.2441464,9.81e-06,4.6371913,5.38171161
5750,0.31946001,0.23474895,9.81e-06,4.41684103,5.38640094
5755,0.21866283,0.20303136,9.81e-06,1.20352018,5.39109027
5760,0.2993885,0.22936398,9.81e-06,2.68162775,5.3957796
5765,0.29984174,0.24367885,9.81e-06,2.82869792,5.40046893
5770,0.2948626,0.22655096,9.81e-06,5.01001787,5.40515826
5775,0.25644312,0.21203356,9.81e-06,1.28808343,5.4098476
5780,0.31034307,0.22701787,9.81e-06,3.16120195,5.41453693
5785,0.29521289,0.21996999,9.81e-06,1.08796024,5.41922626
5790,0.28987589,0.23514766,9.81e-06,2.17076039,5.42391559
5795,0.291118,0.23145353,9.81e-06,1.15118265,5.42860492
5800,0.326367,0.23018024,9.81e-06,1.69055033,5.43329426
5805,0.27605906,0.24903838,9.81e-06,3.59584618,5.43798359
5810,0.26037986,0.21164919,9.8e-06,2.34288001,5.44267292
5815,0.26960146,0.2269614,9.8e-06,9.45340919,5.44736225
5820,0.27617431,0.24585226,9.8e-06,1.52436674,5.45205158
5825,0.25998001,0.21528304,9.8e-06,5.8967061,5.45674091
5830,0.30556574,0.23067888,9.8e-06,1.57785964,5.46143025
5835,0.33287606,0.24980864,9.8e-06,10.49973679,5.46611958
5840,0.34749985,0.24135733,9.8e-06,1.53726935,5.47080891
5845,0.26346116,0.22227379,9.8e-06,2.04521036,5.47549824
5850,0.25196004,0.2137398,9.8e-06,1.70481133,5.48018757
5855,0.37317133,0.25228421,9.8e-06,8.58601093,5.48487691
5860,0.32599525,0.24226328,9.8e-06,1.62118101,5.48956624
5865,0.29744484,0.22243376,9.8e-06,1.35507238,5.49425557
5870,0.36691542,0.22753937,9.8e-06,4.05562162,5.4989449
5875,0.34587593,0.24763348,9.8e-06,7.84490728,5.50363423
5880,0.27718801,0.22145702,9.8e-06,6.73838711,5.50832356
5885,0.27400448,0.20226926,9.8e-06,3.20957446,5.5130129
5890,0.31060677,0.22541805,9.8e-06,5.85077906,5.51770223
5895,0.2889575,0.23884878,9.8e-06,2.41815233,5.52239156
5900,0.27686491,0.22821308,9.8e-06,1.13692617,5.52708089
5905,0.3372894,0.22411641,9.8e-06,5.89810228,5.53177022
5910,0.2502255,0.2326228,9.8e-06,3.75664449,5.53645955
5915,0.27896037,0.2211127,9.8e-06,2.19430971,5.54114889
5920,0.26226501,0.1917882,9.8e-06,4.23316336,5.54583822
5925,0.31467476,0.2533216,9.8e-06,1.24774098,5.55052755
5930,0.3446547,0.23557259,9.8e-06,7.8488059,5.55521688
5935,0.26863508,0.22314074,9.8e-06,1.1959132,5.55990621
5940,0.29759459,0.22713959,9.8e-06,7.60666847,5.56459555
5945,0.26499875,0.20547889,9.79e-06,2.16600847,5.56928488
5950,0.27479434,0.23377924,9.79e-06,2.28744936,5.57397421
5955,0.32329097,0.21494712,9.79e-06,4.40388966,5.57866354
5960,0.26788588,0.22581584,9.79e-06,1.34280872,5.58335287
5965,0.26829283,0.23389728,9.79e-06,1.67396283,5.5880422
5970,0.26648812,0.23098959,9.79e-06,3.87221003,5.59273154
5975,0.25899463,0.22962491,9.79e-06,2.06320262,5.59742087
5980,0.33319106,0.21186085,9.79e-06,7.24286175,5.6021102
5985,0.30333838,0.25760452,9.79e-06,3.21777725,5.60679953
5990,0.22699707,0.22829793,9.79e-06,0.99449682,5.61148886
5995,0.27309661,0.2415618,9.79e-06,4.99655771,5.61617819
6000,0.22139664,0.19853458,9.79e-06,1.71325302,5.62086753
6005,0.32108388,0.22821991,9.79e-06,7.46012688,5.62555686
6010,0.30710382,0.25500581,9.79e-06,4.45851421,5.63024619
6015,0.26054397,0.23373434,9.79e-06,5.51493263,5.63493552
6020,0.29302704,0.22400826,9.79e-06,3.9133985,5.63962485
6025,0.26327929,0.2124526,9.79e-06,1.17251563,5.64431419
6030,0.30524507,0.21390458,9.79e-06,1.94040656,5.64900352
6035,0.24964097,0.22215706,9.79e-06,3.14282179,5.65369285
6040,0.30023293,0.23138852,9.79e-06,8.82728672,5.65838218
6045,0.2144959,0.19588374,9.79e-06,2.57474494,5.66307151
6050,0.25270805,0.21887459,9.79e-06,2.68105817,5.66776084
6055,0.25389776,0.2079552,9.79e-06,5.19434214,5.67245018
6060,0.28265257,0.22268467,9.79e-06,5.03579807,5.67713951
6065,0.27687883,0.23460596,9.79e-06,1.85704756,5.68182884
6070,0.25431073,0.20322273,9.79e-06,2.75920844,5.68651817
6075,0.29074049,0.22311095,9.78e-06,7.89579248,5.6912075
6080,0.33989503,0.24242195,9.78e-06,9.09678173,5.69589683
6085,0.29309397,0.22579214,9.78e-06,1.46494102,5.70058617
6090,0.28710258,0.22670238,9.78e-06,4.26316881,5.7052755
6095,0.27006385,0.22543279,9.78e-06,11.8538599,5.70996483
6100,0.22672431,0.21733414,9.78e-06,1.45674014,5.71465416
6105,0.29556773,0.22634751,9.78e-06,2.23291564,5.71934349
6110,0.27702632,0.24472547,9.78e-06,7.00028849,5.72403283
6115,0.21680365,0.17310911,9.78e-06,1.66963518,5.72872216
6120,0.25563622,0.22637403,9.78e-06,2.92575026,5.73341149
6125,0.25262198,0.1947949,9.78e-06,2.35802841,5.73810082
6130,0.2765132,0.24803853,9.78e-06,4.92248249,5.74279015
6135,0.33398576,0.24136083,9.78e-06,4.02654171,5.74747948
6140,0.30264521,0.23589192,9.78e-06,6.39202261,5.75216882
6145,0.27577074,0.22530121,9.78e-06,3.45032811,5.75685815
6150,0.27458625,0.23798904,9.78e-06,4.89469147,5.76154748
6155,0.2896467,0.23626619,9.78e-06,3.81656146,5.76623681
6160,0.24705331,0.225645,9.78e-06,1.14500952,5.77092614
6165,0.23676465,0.22730067,9.78e-06,1.00560021,5.77561547
6170,0.30392308,0.22687254,9.78e-06,2.7267487,5.78030481
6175,0.22046032,0.20678495,9.78e-06,2.10375118,5.78499414
6180,0.29827385,0.22653043,9.78e-06,3.54953504,5.78968347
6185,0.26590357,0.2316668,9.78e-06,15.93970203,5.7943728
6190,0.24751778,0.22484402,9.78e-06,1.87200379,5.79906213
6195,0.35083365,0.22639579,9.78e-06,5.89615583,5.80375147
6200,0.23916316,0.21802548,9.78e-06,1.19073081,5.8084408
6205,0.36451197,0.24081323,9.77e-06,3.57655764,5.81313013
6210,0.26307666,0.22077658,9.77e-06,4.82563734,5.81781946
6215,0.2527998,0.23993373,9.77e-06,1.53270733,5.82250879
6220,0.27096903,0.21153183,9.77e-06,1.74708629,5.82719812
6225,0.28215094,0.21879181,9.77e-06,1.94607449,5.83188746
6230,0.26802087,0.24006706,9.77e-06,2.49990797,5.83657679
6235,0.26606674,0.19970642,9.77e-06,1.62012589,5.84126612
6240,0.35101991,0.23599235,9.77e-06,10.9809103,5.84595545
6245,0.33579178,0.26188618,9.77e-06,1.77214909,5.85064478
6250,0.24688289,0.22360447,9.77e-06,5.98472357,5.85533411
6255,0.31267378,0.21846331,9.77e-06,7.55659723,5.86002345
6260,0.31900334,0.22562408,9.77e-06,4.61175966,5.86471278
6265,0.28387351,0.21064631,9.77e-06,6.21442986,5.86940211
6270,0.32195697,0.22468323,9.77e-06,5.43351889,5.87409144
6275,0.35905652,0.23723619,9.77e-06,8.90429306,5.87878077
6280,0.2688849,0.22126951,9.77e-06,8.03868771,5.88347011
6285,0.27032218,0.20837425,9.77e-06,3.13818336,5.88815944
6290,0.28501017,0.22732801,9.77e-06,12.8889389,5.89284877
6295,0.34993062,0.24007511,9.77e-06,2.92521858,5.8975381
6300,0.29055023,0.2266667,9.77e-06,3.16559958,5.90222743
6305,0.27377181,0.20368918,9.77e-06,4.16198254,5.90691676
6310,0.31890755,0.23779839,9.77e-06,2.90502501,5.9116061
6315,0.32298994,0.21876569,9.77e-06,2.16491318,5.91629543
6320,0.22296028,0.19809732,9.77e-06,1.4345063,5.92098476
6325,0.27400155,0.23656082,9.77e-06,3.74499822,5.92567409
6330,0.35832672,0.23293589,9.76e-06,3.55555081,5.93036342
6335,0.31284204,0.24026866,9.76e-06,5.97276163,5.93505275
6340,0.21382422,0.20386532,9.76e-06,1.30999303,5.93974209
6345,0.2909132,0.23355251,9.76e-06,3.69633245,5.94443142
6350,0.2303062,0.22200188,9.76e-06,1.15470386,5.94912075
6355,0.2165781,0.21225302,9.76e-06,1.14601374,5.95381008
6360,0.29756346,0.20712667,9.76e-06,1.38197958,5.95849941
6365,0.24519825,0.23338255,9.76e-06,1.1445725,5.96318875
6370,0.23328373,0.21604233,9.76e-06,1.36085618,5.96787808
6375,0.26122324,0.23519112,9.76e-06,10.90175247,5.97256741
6380,0.2846889,0.23402763,9.76e-06,4.83081532,5.97725674
6385,0.27396014,0.2277415,9.76e-06,1.37355602,5.98194607
6390,0.25582767,0.21364612,9.76e-06,2.4196794,5.9866354
6395,0.35173426,0.25626253,9.76e-06,12.3572998,5.99132474
6400,0.22361495,0.20901163,9.76e-06,2.83790445,5.99601407
6405,0.23063312,0.23897476,9.76e-06,2.11297297,6.0
6410,0.33073053,0.24732628,9.76e-06,5.0935545,6.00469263
6415,0.26282949,0.22295168,9.76e-06,1.4556911,6.00938527
6420,0.27910233,0.24449247,9.76e-06,3.92639017,6.0140779
6425,0.30560803,0.21135985,9.76e-06,9.1598177,6.01877053
6430,0.28764505,0.24791638,9.76e-06,9.55587482,6.02346316
6435,0.25053763,0.20657492,9.76e-06,4.57626009,6.0281558
6440,0.22539556,0.2195673,9.76e-06,0.95617068,6.03284843
6445,0.29165654,0.23102733,9.76e-06,3.44880176,6.03754106
6450,0.31479001,0.21521731,9.76e-06,4.42862988,6.04223369
6455,0.26806164,0.23274241,9.75e-06,1.94470918,6.04692633
6460,0.28258784,0.23115962,9.75e-06,1.19519627,6.05161896
6465,0.27538662,0.21071764,9.75e-06,2.18587613,6.05631159
6470,0.24493213,0.22119343,9.75e-06,3.04883695,6.06100422
6475,0.30897419,0.23818048,9.75e-06,7.80143595,6.06569686
6480,0.2958642,0.23138413,9.75e-06,2.9774096,6.07038949
6485,0.27027249,0.21961361,9.75e-06,1.80208349,6.07508212
6490,0.27940936,0.22541795,9.75e-06,5.41027021,6.07977475
6495,0.30655501,0.2283702,9.75e-06,3.21499777,6.08446739
6500,0.22592535,0.21848483,9.75e-06,1.22535145,6.08916002
6505,0.32801905,0.24533079,9.75e-06,3.08527517,6.09385265
6510,0.28385735,0.22469321,9.75e-06,2.16367316,6.09854528
6515,0.26113989,0.22549306,9.75e-06,5.8385663,6.10323792
6520,0.278403,0.22837173,9.75e-06,7.75628328,6.10793055
6525,0.24269907,0.21570568,9.75e-06,2.99021316,6.11262318
6530,0.24534245,0.2012942,9.75e-06,3.13049483,6.11731581
6535,0.30392275,0.2211498,9.75e-06,3.84175205,6.12200845
6540,0.29985266,0.21930949,9.75e-06,9.67172146,6.12670108
6545,0.29131694,0.2589803,9.75e-06,5.08590078,6.13139371
6550,0.29614272,0.20519078,9.75e-06,2.08142352,6.13608634
6555,0.32437077,0.21178161,9.75e-06,2.3218708,6.14077898
6560,0.2191731,0.19506913,9.75e-06,4.93736172,6.14547161
6565,0.23780577,0.21360621,9.75e-06,6.90592432,6.15016424
6570,0.24443789,0.19515627,9.75e-06,1.18571186,6.15485687
6575,0.26611466,0.21514299,9.74e-06,1.88839138,6.15954951
6580,0.26909461,0.22904612,9.74e-06,1.43619847,6.16424214
6585,0.28313022,0.20685004,9.74e-06,1.53221381,6.16893477
6590,0.264324,0.20595267,9.74e-06,5.43951035,6.1736274
6595,0.32255275,0.2308222,9.74e-06,8.22701931,6.17832004
6600,0.2299336,0.22629046,9.74e-06,4.6093545,6.18301267
6605,0.29994464,0.20772743,9.74e-06,6.96212959,6.1877053
6610,0.2377738,0.22069005,9.74e-06,1.52829874,6.19239794
6615,0.28253536,0.22937918,9.74e-06,3.98689818,6.19709057
6620,0.27811863,0.21096167,9.74e-06,3.03985143,6.2017832
6625,0.36813908,0.22694715,9.74e-06,5.12842226,6.20647583
6630,0.27488368,0.21922919,9.74e-06,1.20964777,6.21116847
6635,0.28668549,0.21131783,9.74e-06,6.00777435,6.2158611
6640,0.29646478,0.20080197,9.74e-06,4.12044191,6.22055373
6645,0.30462341,0.19727922,9.74e-06,6.46085596,6.22524636
6650,0.30232117,0.24879554,9.74e-06,8.31923485,6.229939
6655,0.2758368,0.22021046,9.74e-06,3.71929598,6.23463163
6660,0.2901319,0.24003196,9.74e-06,3.64547491,6.23932426
6665,0.29244947,0.21676574,9.74e-06,8.12034702,6.24401689
6670,0.26485968,0.21883248,9.74e-06,1.37347543,6.24870953
6675,0.30625577,0.23539174,9.74e-06,2.61180496,6.25340216
6680,0.25273323,0.19878807,9.74e-06,1.60267508,6.25809479
6685,0.30860572,0.23929182,9.74e-06,1.28050244,6.26278742
6690,0.28585427,0.20243719,9.74e-06,1.99657536,6.26748006
6695,0.24032426,0.20727472,9.73e-06,1.52178609,6.27217269
6700,0.28879642,0.21587412,9.73e-06,4.76821804,6.27686532
6705,0.25188599,0.18755983,9.73e-06,1.33082891,6.28155795
6710,0.32839823,0.24316105,9.73e-06,2.9434216,6.28625059
6715,0.27619081,0.20151467,9.73e-06,5.30225515,6.29094322
6720,0.26075191,0.22608082,9.73e-06,1.03168011,6.29563585
6725,0.27642856,0.20979384,9.73e-06,2.12815857,6.30032848
6730,0.30271201,0.23088675,9.73e-06,7.46334362,6.30502112
6735,0.28112721,0.21149312,9.73e-06,4.6210804,6.30971375
6740,0.27377882,0.24559316,9.73e-06,1.23000181,6.31440638
6745,0.24687123,0.21441428,9.73e-06,2.21890402,6.31909901
6750,0.26609008,0.23567924,9.73e-06,3.30632114,6.32379165
6755,0.28939514,0.22299919,9.73e-06,1.27210522,6.32848428
6760,0.24885554,0.21422298,9.73e-06,4.52019691,6.33317691
6765,0.33256273,0.22039202,9.73e-06,1.20776558,6.33786954
6770,0.2307652,0.20273476,9.73e-06,2.43616009,6.34256218
6775,0.25726373,0.21523612,9.73e-06,3.93910623,6.34725481
6780,0.24366817,0.22227681,9.73e-06,1.31599343,6.35194744
6785,0.3110749,0.23083363,9.73e-06,4.68023825,6.35664008
6790,0.25332386,0.22527898,9.73e-06,11.70942783,6.36133271
6795,0.27111955,0.23862177,9.73e-06,3.1806109,6.36602534
6800,0.31045122,0.21338651,9.73e-06,5.34368944,6.37071797
6805,0.26240983,0.21103013,9.73e-06,3.29773855,6.37541061
6810,0.28072691,0.19897503,9.73e-06,6.97445631,6.38010324
6815,0.24607596,0.22896292,9.72e-06,1.59273732,6.38479587
6820,0.29610906,0.20156087,9.72e-06,1.19880235,6.3894885
6825,0.27597172,0.21830701,9.72e-06,1.49517727,6.39418114
6830,0.27627435,0.22205016,9.72e-06,2.60482001,6.39887377
6835,0.27274892,0.20684276,9.72e-06,4.56779623,6.4035664
6840,0.27482159,0.26150082,9.72e-06,1.90585983,6.40825903
6845,0.26834135,0.22330276,9.72e-06,1.6066525,6.41295167
6850,0.27726059,0.21520326,9.72e-06,6.93179464,6.4176443
6855,0.26195221,0.21100386,9.72e-06,7.09808588,6.42233693
6860,0.28048713,0.20506325,9.72e-06,1.74346495,6.42702956
6865,0.27769704,0.22105143,9.72e-06,4.33364868,6.4317222
6870,0.24323168,0.18898544,9.72e-06,1.13216364,6.43641483
6875,0.31746852,0.22896227,9.72e-06,4.53303051,6.44110746
6880,0.31480792,0.22785423,9.72e-06,7.17830133,6.44580009
6885,0.26556468,0.21273462,9.72e-06,7.02056456,6.45049273
6890,0.37570024,0.21194092,9.72e-06,6.20082664,6.45518536
6895,0.26788211,0.23167128,9.72e-06,4.93206453,6.45987799
6900,0.32772303,0.24439898,9.72e-06,2.34170055,6.46457062
6905,0.26718175,0.21455634,9.72e-06,14.87593174,6.46926326
6910,0.30058351,0.19984809,9.72e-06,6.98448658,6.47395589
6915,0.36573672,0.23118863,9.72e-06,8.40734673,6.47864852
6920,0.33122888,0.22604496,9.72e-06,1.72870731,6.48334115
6925,0.31181858,0.19972251,9.72e-06,5.95722198,6.48803379
6930,0.29181695,0.20909119,9.71e-06,1.64249742,6.49272642
6935,0.26174061,0.22863733,9.71e-06,3.21368933,6.49741905
6940,0.29494481,0.23432306,9.71e-06,1.57438052,6.50211168
6945,0.2474112,0.1895968,9.71e-06,12.3118515,6.50680432
6950,0.24722018,0.20621038,9.71e-06,4.44781542,6.51149695
6955,0.25958652,0.18809532,9.71e-06,5.22766066,6.51618958
6960,0.25170991,0.19716852,9.71e-06,11.76207352,6.52088221
6965,0.21946278,0.21340918,9.71e-06,2.20288181,6.52557485
6970,0.25668645,0.21157051,9.71e-06,1.10411,6.53026748
6975,0.28466773,0.2183162,9.71e-06,3.50490618,6.53496011
6980,0.27891407,0.2125143,9.71e-06,1.3769958,6.53965275
6985,0.24106047,0.21880238,9.71e-06,3.11645198,6.54434538
6990,0.31550364,0.21127052,9.71e-06,4.71139002,6.54903801
6995,0.31852198,0.23590605,9.71e-06,4.10177517,6.55373064
7000,0.30411019,0.22721855,9.71e-06,4.83586264,6.55842328
7005,0.36111448,0.24534138,9.71e-06,4.95499468,6.56311591
7010,0.26723735,0.19728475,9.71e-06,11.87934113,6.56780854
7015,0.33967137,0.2333762,9.71e-06,5.42246914,6.57250117
7020,0.30021992,0.2137899,9.71e-06,6.28349304,6.57719381
7025,0.27746105,0.21741322,9.71e-06,3.53811312,6.58188644
7030,0.32391562,0.20762185,9.71e-06,1.68528759,6.58657907
7035,0.29893343,0.2035942,9.71e-06,4.70540905,6.5912717
7040,0.28200817,0.21425691,9.7e-06,16.16241455,6.59596434
7045,0.23455739,0.20795969,9.7e-06,1.29774666,6.60065697
7050,0.24528952,0.22304916,9.7e-06,1.19511759,6.6053496
7055,0.26756024,0.21462683,9.7e-06,2.72788262,6.61004223
7060,0.23774045,0.21043868,9.7e-06,2.44293666,6.61473487
7065,0.26225538,0.2219383,9.7e-06,1.65450442,6.6194275
7070,0.33849192,0.24064215,9.7e-06,5.8496747,6.62412013
7075,0.29779584,0.24299298,9.7e-06,7.17916584,6.62881276
7080,0.28083034,0.21015239,9.7e-06,6.39742994,6.6335054
7085,0.27248268,0.22343768,9.7e-06,1.67379916,6.63819803
7090,0.2893501,0.21313945,9.7e-06,9.36646748,6.64289066
7095,0.23277826,0.20989079,9.7e-06,1.38061821,6.64758329
7100,0.28495626,0.1892731,9.7e-06,5.92085266,6.65227593
7105,0.28736308,0.22850107,9.7e-06,8.4895649,6.65696856
7110,0.32491474,0.2140892,9.7e-06,5.18286276,6.66166119
7115,0.21303229,0.20226855,9.7e-06,1.74555147,6.66635382
7120,0.21918807,0.20024735,9.7e-06,1.36907291,6.67104646
7125,0.28389316,0.22027882,9.7e-06,7.1004982,6.67573909
7130,0.22761741,0.2144055,9.7e-06,3.25709391,6.68043172
7135,0.27833109,0.23283964,9.7e-06,2.32439327,6.68512435
7140,0.26353483,0.21140976,9.7e-06,1.19464087,6.68981699
7145,0.34790792,0.24201128,9.7e-06,8.28291035,6.69450962
7150,0.34266996,0.23135335,9.69e-06,8.29963017,6.69920225
7155,0.2984591,0.19880578,9.69e-06,1.63973308,6.70389489
7160,0.24650249,0.20041804,9.69e-06,0.94346124,6.70858752
7165,0.27478008,0.24312671,9.69e-06,2.64882493,6.71328015
7170,0.31929286,0.23702727,9.69e-06,2.1295526,6.71797278
7175,0.26482005,0.23245357,9.69e-06,4.7612071,6.72266542
7180,0.23615003,0.19151074,9.69e-06,3.78436255,6.72735805
7185,0.3725141,0.23155219,9.69e-06,3.69255114,6.73205068
7190,0.27329845,0.21883428,9.69e-06,6.63240719,6.73674331
7195,0.37038491,0.22671312,9.69e-06,3.91044188,6.74143595
7200,0.28156862,0.2069779,9.69e-06,4.95144844,6.74612858
7205,0.25112996,0.21083539,9.69e-06,3.05676007,6.75082121
7210,0.30361724,0.20410391,9.69e-06,4.74376202,6.75551384
7215,0.29707997,0.21766959,9.69e-06,6.70998383,6.76020648
7220,0.30852072,0.20195662,9.69e-06,1.98299813,6.76489911
7225,0.2721992,0.21099626,9.69e-06,1.2478199,6.76959174
7230,0.26791742,0.20729707,9.69e-06,5.18874168,6.77428437
7235,0.27221773,0.21767271,9.69e-06,2.16667056,6.77897701
7240,0.3212163,0.22968362,9.69e-06,1.25434387,6.78366964
7245,0.26086769,0.22193738,9.69e-06,3.7433784,6.78836227
7250,0.25882907,0.21801841,9.69e-06,3.17527127,6.7930549
7255,0.21570289,0.21031788,9.69e-06,1.84704518,6.79774754
7260,0.22153511,0.18689089,9.68e-06,1.40484643,6.80244017
7265,0.32336495,0.24002261,9.68e-06,18.43019104,6.8071328
7270,0.26877797,0.21840791,9.68e-06,8.59659767,6.81182543
7275,0.20925791,0.19757921,9.68e-06,9.84510708,6.81651807
7280,0.26027708,0.22921212,9.68e-06,6.64449072,6.8212107
7285,0.31402884,0.24708134,9.68e-06,1.25044668,6.82590333
7290,0.22076702,0.20517673,9.68e-06,1.32692504,6.83059596
7295,0.32994599,0.21249313,9.68e-06,1.07338238,6.8352886
7300,0.30283103,0.2242146,9.68e-06,2.66652918,6.83998123
7305,0.26912999,0.20110579,9.68e-06,4.09571743,6.84467386
7310,0.25424542,0.22461586,9.68e-06,6.83928585,6.84936649
7315,0.34424982,0.21692476,9.68e-06,10.19886208,6.85405913
7320,0.35338418,0.23084211,9.68e-06,6.85008287,6.85875176
7325,0.25964496,0.20680241,9.68e-06,5.80089521,6.86344439
7330,0.25561221,0.21221414,9.68e-06,1.86881268,6.86813702
7335,0.28742344,0.22296674,9.68e-06,8.08861256,6.87282966
7340,0.25209692,0.19778102,9.68e-06,5.26759148,6.87752229
7345,0.3122097,0.23395678,9.68e-06,1.64523959,6.88221492
7350,0.31594343,0.23530748,9.68e-06,7.440135,6.88690756
7355,0.24331264,0.2010082,9.68e-06,4.32680607,6.89160019
7360,0.28843706,0.21536446,9.68e-06,1.26542139,6.89629282
7365,0.20887952,0.19451476,9.68e-06,0.99524701,6.90098545
7370,0.2936096,0.20962471,9.67e-06,3.49561381,6.90567809
7375,0.25939708,0.21508188,9.67e-06,1.50561082,6.91037072
7380,0.26313758,0.22693605,9.67e-06,1.79544318,6.91506335
7385,0.30604811,0.20935617,9.67e-06,3.70051765,6.91975598
7390,0.28594675,0.23090229,9.67e-06,8.17612648,6.92444862
7395,0.22049303,0.20284416,9.67e-06,4.18921947,6.92914125
7400,0.29013567,0.21146108,9.67e-06,5.31233883,6.93383388
7405,0.23359196,0.20139979,9.67e-06,1.22218513,6.93852651
7410,0.26277163,0.22365782,9.67e-06,3.05947924,6.94321915
7415,0.28386195,0.24783576,9.67e-06,2.8038826,6.94791178
7420,0.28781726,0.22642991,9.67e-06,1.62352204,6.95260441
7425,0.28284965,0.19900749,9.67e-06,4.36803007,6.95729704
7430,0.27847838,0.20768355,9.67e-06,6.45853281,6.96198968
7435,0.27769918,0.20807357,9.67e-06,2.49312973,6.96668231
7440,0.21729326,0.20952349,9.67e-06,4.35525322,6.97137494
7445,0.27759361,0.18455742,9.67e-06,6.8627367,6.97606757
7450,0.23153982,0.19763991,9.67e-06,3.69118857,6.98076021
7455,0.30736721,0.22177276,9.67e-06,1.64108229,6.98545284
7460,0.24804795,0.21267477,9.67e-06,2.06628251,6.99014547
7465,0.28984098,0.2184207,9.67e-06,5.06300926,6.9948381
7470,0.25315244,0.2431936,9.67e-06,1.05462158,6.99953074
7475,0.24118309,0.20236747,9.66e-06,6.17578793,7.00374094
7480,0.2905365,0.1996007,9.66e-06,5.86347389,7.00841711
7485,0.27522202,0.2236241,9.66e-06,5.10813475,7.01309329
7490,0.29238019,0.20522943,9.66e-06,7.84628391,7.01776946
7495,0.24491606,0.20613984,9.66e-06,2.13794971,7.02244564
7500,0.21254525,0.20350975,9.66e-06,0.83509308,7.02712181
7505,0.22549744,0.21642216,9.66e-06,1.59002066,7.03179799
7510,0.23886945,0.20300086,9.66e-06,2.69497776,7.03647416
7515,0.26330225,0.21169638,9.66e-06,3.0875845,7.04115034
7520,0.25143075,0.2031215,9.66e-06,3.89194441,7.04582651
7525,0.26526723,0.21704772,9.66e-06,3.01553774,7.05050269
7530,0.28679967,0.20922401,9.66e-06,1.27506185,7.05517886
7535,0.29103832,0.23630075,9.66e-06,4.19550705,7.05985504
7540,0.28752434,0.19777554,9.66e-06,4.77730942,7.06453121
7545,0.29176433,0.23370573,9.66e-06,6.11307859,7.06920739
7550,0.2824687,0.18270949,9.66e-06,7.34771919,7.07388356
7555,0.30638528,0.20612571,9.66e-06,7.78082705,7.07855974
7560,0.25246959,0.22852958,9.66e-06,1.14165163,7.08323591
7565,0.24361773,0.21792414,9.66e-06,3.9956553,7.08791209
7570,0.26429214,0.21836971,9.66e-06,1.99598205,7.09258826
7575,0.28360071,0.22912714,9.66e-06,2.74393702,7.09726444
7580,0.26754022,0.21667207,9.65e-06,6.95687675,7.10194061
7585,0.32139766,0.22231211,9.65e-06,1.60569501,7.10661679
7590,0.30521302,0.1992509,9.65e-06,1.04801011,7.11129296
7595,0.26896172,0.2064962,9.65e-06,4.40189791,7.11596914
7600,0.2527699,0.21244277,9.65e-06,1.91749775,7.12064531
7605,0.31892102,0.19740497,9.65e-06,6.37346792,7.12532149
7610,0.23134062,0.20106397,9.65e-06,1.86090195,7.12999766
7615,0.21040044,0.20039256,9.65e-06,2.2425971,7.13467384
7620,0.35391719,0.20239011,9.65e-06,1.96846819,7.13935001
7625,0.243589,0.19756748,9.65e-06,1.82280576,7.14402619
7630,0.25287454,0.19029256,9.65e-06,1.12005675,7.14870236
7635,0.2652643,0.191266,9.65e-06,5.823174,7.15337854
7640,0.25855484,0.21015225,9.65e-06,2.87946391,7.15805471
7645,0.244945,0.18253377,9.65e-06,3.86440706,7.16273089
7650,0.26818945,0.2149282,9.65e-06,1.37631106,7.16740706
7655,0.27117372,0.18856245,9.65e-06,4.70895529,7.17208324
7660,0.29121599,0.19946337,9.65e-06,7.53801727,7.17675941
7665,0.30678341,0.21044458,9.65e-06,7.55556774,7.18143559
7670,0.22843499,0.20715564,9.65e-06,0.76272637,7.18611176
7675,0.23088958,0.19654964,9.65e-06,1.1362474,7.19078794
7680,0.23452764,0.21477943,9.64e-06,3.48719239,7.19546411
7685,0.23105927,0.215818,9.64e-06,2.49243355,7.20014029
7690,0.27550402,0.18576064,9.64e-06,1.76133955,7.20481646
7695,0.29657717,0.19343517,9.64e-06,1.34546971,7.20949264
7700,0.29485164,0.19928747,9.64e-06,3.56339312,7.21416881
7705,0.2678369,0.19501256,9.64e-06,1.65461957,7.21884498
7710,0.26811647,0.20104973,9.64e-06,7.89624739,7.22352116
7715,0.28493891,0.21518384,9.64e-06,3.42793775,7.22819733
7720,0.24562635,0.20332699,9.64e-06,7.01547813,7.23287351
7725,0.23153558,0.21142214,9.64e-06,2.19694686,7.23754968
7730,0.33834176,0.21056401,9.64e-06,4.42472219,7.24222586
7735,0.24976027,0.2226852,9.64e-06,3.2383709,7.24690203
7740,0.34922132,0.18667172,9.64e-06,2.34558654,7.25157821
7745,0.2715661,0.21150068,9.64e-06,1.46766162,7.25625438
7750,0.29724798,0.20860459,9.64e-06,3.82344794,7.26093056
7755,0.2453392,0.20212389,9.64e-06,1.5402782,7.26560673
7760,0.21869621,0.19500967,9.64e-06,2.27838278,7.27028291
7765,0.27306306,0.20658847,9.64e-06,4.22493792,7.27495908
7770,0.26172152,0.22131343,9.64e-06,1.5388881,7.27963526
7775,0.2893765,0.20572242,9.64e-06,2.58723879,7.28431143
7780,0.3108634,0.22390836,9.64e-06,2.50618052,7.28898761
7785,0.27423625,0.19770642,9.63e-06,7.41521692,7.29366378
7790,0.23531954,0.19470698,9.63e-06,6.05555058,7.29833996
7795,0.31429048,0.20440308,9.63e-06,3.54702163,7.30301613
7800,0.27097282,0.23073491,9.63e-06,5.46665239,7.30769231
7805,0.23100362,0.21971811,9.63e-06,2.31669497,7.31236848
7810,0.20431752,0.18069062,9.63e-06,1.05859005,7.31704466
7815,0.20119781,0.18243008,9.63e-06,4.46873331,7.32172083
7820,0.23835225,0.196449,9.63e-06,26.26255798,7.32639701
7825,0.27294149,0.20065958,9.63e-06,2.3903513,7.33107318
7830,0.2340204,0.18686535,9.63e-06,2.96261263,7.33574936
7835,0.26431899,0.20849407,9.63e-06,2.11737514,7.34042553
7840,0.25324516,0.2019735,9.63e-06,1.64486325,7.34510171
7845,0.24613278,0.17854186,9.63e-06,14.10025501,7.34977788
7850,0.30207067,0.22823814,9.63e-06,6.60747766,7.35445406
7855,0.26970413,0.21323535,9.63e-06,6.58624554,7.35913023
7860,0.28265471,0.21287054,9.63e-06,7.63936758,7.36380641
7865,0.23547268,0.20756874,9.63e-06,4.54489803,7.36848258
7870,0.2913784,0.22586015,9.63e-06,4.7510457,7.37315876
7875,0.24146671,0.21011256,9.63e-06,1.95218241,7.37783493
7880,0.26195564,0.19115608,9.63e-06,8.86258411,7.38251111
7885,0.25337927,0.21557582,9.62e-06,1.3104502,7.38718728
7890,0.3390635,0.2100834,9.62e-06,11.38113976,7.39186346
7895,0.29183135,0.18709824,9.62e-06,6.66866112,7.39653963
7900,0.26096597,0.21607878,9.62e-06,4.53998184,7.40121581
7905,0.33675246,0.20756731,9.62e-06,1.28823423,7.40589198
7910,0.29086778,0.19096035,9.62e-06,4.31839228,7.41056816
7915,0.27364378,0.20839677,9.62e-06,4.70640087,7.41524433
7920,0.3088953,0.23504373,9.62e-06,5.15060568,7.41992051
7925,0.28580637,0.1962934,9.62e-06,3.48125362,7.42459668
7930,0.30119896,0.22575062,9.62e-06,6.03664923,7.42927285
7935,0.29752355,0.20361413,9.62e-06,8.75700378,7.43394903
7940,0.28585362,0.19412618,9.62e-06,1.46566725,7.4386252
7945,0.319133,0.20658633,9.62e-06,3.73876929,7.44330138
7950,0.32549903,0.22241622,9.62e-06,15.57784557,7.44797755
7955,0.26270812,0.20788579,9.62e-06,6.15462112,7.45265373
7960,0.2448144,0.20850636,9.62e-06,1.0634861,7.4573299
7965,0.34206538,0.23156455,9.62e-06,10.34557152,7.46200608
7970,0.26231391,0.20141087,9.62e-06,8.47125053,7.46668225
7975,0.24411206,0.21123502,9.62e-06,2.05177569,7.47135843
7980,0.23628068,0.18232079,9.62e-06,1.86491621,7.4760346
7985,0.25066752,0.21044633,9.61e-06,7.69814825,7.48071078
7990,0.24647655,0.21737804,9.61e-06,12.37167931,7.48538695
7995,0.35784879,0.20809142,9.61e-06,9.77426815,7.49006313
8000,0.22989495,0.19482769,9.61e-06,6.11197996,7.4947393
8005,0.29544957,0.21699623,9.61e-06,2.57975364,7.49941548
8010,0.25428691,0.20682557,9.61e-06,2.28544474,7.50409165
8015,0.22020211,0.18648801,9.61e-06,6.57618427,7.50876783
8020,0.29665275,0.17517077,9.61e-06,7.58956146,7.513444
8025,0.25340133,0.20892053,9.61e-06,2.08826566,7.51812018
8030,0.32646697,0.18054958,9.61e-06,5.69239044,7.52279635
8035,0.25057831,0.20566605,9.61e-06,1.4702177,7.52747253
8040,0.28380651,0.2026937,9.61e-06,6.85197306,7.5321487
8045,0.26029327,0.2220227,9.61e-06,2.09918427,7.53682488
8050,0.21066778,0.20826219,9.61e-06,1.64995587,7.54150105
8055,0.34469783,0.20851552,9.61e-06,4.59146309,7.54617723
8060,0.23694072,0.18886723,9.61e-06,2.48686028,7.5508534
8065,0.22343066,0.19425855,9.61e-06,1.04320705,7.55552958
8070,0.31252015,0.19805921,9.61e-06,9.25500107,7.56020575
8075,0.26599097,0.19672889,9.61e-06,1.80590391,7.56488193
8080,0.25382302,0.21133333,9.6e-06,5.76368427,7.5695581
8085,0.2232353,0.18503256,9.6e-06,2.98671675,7.57423428
8090,0.28036013,0.20978495,9.6e-06,1.49173105,7.57891045
8095,0.22380266,0.1743336,9.6e-06,2.50110126,7.58358663
8100,0.30704131,0.20422447,9.6e-06,1.06335402,7.5882628
8105,0.20358405,0.19564532,9.6e-06,1.7553395,7.59293898
8110,0.33625178,0.19757672,9.6e-06,4.71840906,7.59761515
8115,0.2810379,0.20463133,9.6e-06,4.4678359,7.60229133
8120,0.26046011,0.18345476,9.6e-06,7.42914343,7.6069675
8125,0.22162104,0.17386703,9.6e-06,1.97767568,7.61164368
8130,0.31700964,0.21576725,9.6e-06,2.23251176,7.61631985
8135,0.23513012,0.19538848,9.6e-06,2.00801229,7.62099603
8140,0.26120796,0.21665227,9.6e-06,4.28108644,7.6256722
8145,0.22175236,0.18194709,9.6e-06,1.09290981,7.63034838
8150,0.28218884,0.19202984,9.6e-06,1.13611627,7.63502455
8155,0.19538929,0.16973692,9.6e-06,1.33307683,7.63970072
8160,0.24436154,0.19580091,9.6e-06,3.00348902,7.6443769
8165,0.24315972,0.19125409,9.6e-06,1.80281901,7.64905307
8170,0.27197328,0.21389811,9.6e-06,6.88889885,7.65372925
8175,0.2523279,0.19266284,9.6e-06,5.61565018,7.65840542
8180,0.20677199,0.19449817,9.59e-06,1.99992418,7.6630816
8185,0.30721247,0.18613408,9.59e-06,8.65191746,7.66775777
8190,0.22187741,0.20486829,9.59e-06,1.17296493,7.67243395
8195,0.23772035,0.17145298,9.59e-06,1.48886132,7.67711012
8200,0.31577229,0.20199056,9.59e-06,10.29773998,7.6817863
8205,0.26652117,0.18601722,9.59e-06,10.04736805,7.68646247
8210,0.2705518,0.22298074,9.59e-06,1.06353772,7.69113865
8215,0.35660768,0.23159193,9.59e-06,3.11948657,7.69581482
8220,0.21489828,0.17103274,9.59e-06,2.46498489,7.700491
8225,0.21079555,0.17503871,9.59e-06,1.09875536,7.70516717
8230,0.26428752,0.20087061,9.59e-06,3.08815455,7.70984335
8235,0.27643023,0.18671192,9.59e-06,1.19397581,7.71451952
8240,0.2477951,0.20680812,9.59e-06,2.27130532,7.7191957
8245,0.2265523,0.18553846,9.59e-06,1.66025662,7.72387187
8250,0.34484265,0.22461536,9.59e-06,10.75818157,7.72854805
8255,0.22561126,0.18748586,9.59e-06,1.95390797,7.73322422
8260,0.25269961,0.2137928,9.59e-06,4.13241673,7.7379004
8265,0.2845293,0.1922523,9.59e-06,5.41017246,7.74257657
8270,0.25041409,0.18837594,9.59e-06,1.0276109,7.74725275
8275,0.26692498,0.19537619,9.58e-06,13.80310059,7.75192892
8280,0.24653296,0.20155501,9.58e-06,1.47686124,7.7566051
8285,0.25879972,0.23236075,9.58e-06,3.79104924,7.76128127
8290,0.21804366,0.20207067,9.58e-06,1.60479021,7.76595745
8295,0.24153404,0.19781134,9.58e-06,3.35725546,7.77063362
8300,0.25431113,0.18663685,9.58e-06,1.89867902,7.7753098
8305,0.30531435,0.21414591,9.58e-06,6.53590727,7.77998597
8310,0.23323512,0.18203846,9.58e-06,0.9369626,7.78466215
8315,0.24383683,0.19919099,9.58e-06,5.34923172,7.78933832
8320,0.3748553,0.19705339,9.58e-06,14.18002224,7.7940145
8325,0.2228559,0.17826405,9.58e-06,2.92874289,7.79869067
8330,0.26787472,0.22388104,9.58e-06,2.68439031,7.80336685
8335,0.24935756,0.203587,9.58e-06,2.24013591,7.80804302
8340,0.27372751,0.21696533,9.58e-06,9.77080631,7.8127192
8345,0.21884971,0.19397354,9.58e-06,1.07594287,7.81739537
8350,0.31059706,0.19169077,9.58e-06,7.36195326,7.82207155
8355,0.24611201,0.19787501,9.58e-06,4.60983276,7.82674772
8360,0.27486296,0.19180522,9.58e-06,5.11343956,7.8314239
8365,0.23133759,0.2091033,9.58e-06,2.31374598,7.83610007
8370,0.27363377,0.21101071,9.57e-06,10.53620434,7.84077625
8375,0.24089193,0.19252235,9.57e-06,1.08239532,7.84545242
8380,0.24435835,0.20518094,9.57e-06,3.22683024,7.85012859
8385,0.27139132,0.19512996,9.57e-06,1.1303556,7.85480477
8390,0.21576056,0.18852878,9.57e-06,1.07723927,7.85948094
8395,0.22589111,0.17570819,9.57e-06,2.45390701,7.86415712
8400,0.31142426,0.20560781,9.57e-06,1.61579132,7.86883329
8405,0.24259849,0.20215554,9.57e-06,2.43276381,7.87350947
8410,0.26279337,0.18605044,9.57e-06,3.83216906,7.87818564
8415,0.3219944,0.22481213,9.57e-06,3.66867375,7.88286182
8420,0.27317102,0.2158947,9.57e-06,2.42458844,7.88753799
8425,0.23410063,0.19434522,9.57e-06,1.67612433,7.89221417
8430,0.2521215,0.20798167,9.57e-06,1.27218175,7.89689034
8435,0.26923897,0.19730964,9.57e-06,10.65538788,7.90156652
8440,0.34020669,0.20577864,9.57e-06,4.79460859,7.90624269
8445,0.20394108,0.18814634,9.57e-06,1.06569397,7.91091887
8450,0.30451441,0.20750151,9.57e-06,2.89315677,7.91559504
8455,0.23212655,0.19531186,9.57e-06,5.34454823,7.92027122
8460,0.24085317,0.20410571,9.56e-06,1.2013737,7.92494739
8465,0.27668614,0.21918156,9.56e-06,5.99242401,7.92962357
8470,0.21348772,0.18272179,9.56e-06,1.38797605,7.93429974
8475,0.31605847,0.18938272,9.56e-06,9.86976147,7.93897592
8480,0.27686448,0.19101248,9.56e-06,3.53967619,7.94365209
8485,0.2236249,0.21528056,9.56e-06,2.78249764,7.94832827
8490,0.23146534,0.20535799,9.56e-06,1.87547052,7.95300444
8495,0.25704665,0.18382293,9.56e-06,3.59354973,7.95768062
8500,0.26884086,0.20362052,9.56e-06,9.09900665,7.96235679
8505,0.28189626,0.22588809,9.56e-06,2.71818185,7.96703297
8510,0.22519443,0.2040645,9.56e-06,2.86370444,7.97170914
8515,0.22118278,0.19961357,9.56e-06,1.32421184,7.97638532
8520,0.25181971,0.18495029,9.56e-06,2.20557833,7.98106149
8525,0.23730793,0.19340284,9.56e-06,1.44265532,7.98573767
8530,0.27725229,0.19600541,9.56e-06,6.77771282,7.99041384
8535,0.27694955,0.20028771,9.56e-06,2.02778363,7.99509002
8540,0.22948623,0.21741638,9.56e-06,1.31432462,7.99976619
8545,0.20888703,0.18161908,9.56e-06,11.70434856,8.00373308
8550,0.25853333,0.18728586,9.56e-06,4.6307354,8.00839944
8555,0.34121614,0.2034903,9.55e-06,3.47303319,8.0130658
8560,0.2702713,0.20130459,9.55e-06,11.85341358,8.01773215
8565,0.2306211,0.16701473,9.55e-06,2.76110744,8.02239851
8570,0.2512084,0.19829987,9.55e-06,1.25817335,8.02706486
8575,0.28188777,0.19516719,9.55e-06,6.75083685,8.03173122
8580,0.20118361,0.18801893,9.55e-06,1.42459166,8.03639757
8585,0.2780381,0.18922625,9.55e-06,1.50469494,8.04106393
8590,0.2139411,0.18612374,9.55e-06,3.70919299,8.04573028
8595,0.21801219,0.18493323,9.55e-06,1.78676522,8.05039664
8600,0.20556972,0.18210983,9.55e-06,2.17844844,8.055063
8605,0.33706768,0.21254707,9.55e-06,5.52218294,8.05972935
8610,0.3166666,0.21106254,9.55e-06,9.73394489,8.06439571
8615,0.24962914,0.1966771,9.55e-06,1.16546166,8.06906206
8620,0.25167515,0.20830369,9.55e-06,1.22993767,8.07372842
8625,0.24756231,0.18882765,9.55e-06,2.09082985,8.07839477
8630,0.28221707,0.20101376,9.55e-06,6.84102249,8.08306113
8635,0.24160001,0.19401507,9.55e-06,2.25352001,8.08772748
8640,0.20719695,0.16701306,9.55e-06,0.92418653,8.09239384
8645,0.23085108,0.18939082,9.54e-06,3.02952766,8.0970602
8650,0.30693874,0.21683535,9.54e-06,5.62818241,8.10172655
8655,0.24162056,0.19076196,9.54e-06,1.16795003,8.10639291
8660,0.23055906,0.20204071,9.54e-06,1.22570407,8.11105926
8665,0.23328505,0.20113534,9.54e-06,2.45812392,8.11572562
8670,0.26230223,0.16724162,9.54e-06,7.54384327,8.12039197
8675,0.26468759,0.2065202,9.54e-06,5.70574522,8.12505833
8680,0.22606037,0.21172626,9.54e-06,0.95108575,8.12972469
8685,0.21243424,0.19496824,9.54e-06,1.95873094,8.13439104
8690,0.2203126,0.19458825,9.54e-06,1.96356225,8.1390574
8695,0.2616576,0.20112457,9.54e-06,1.76463485,8.14372375
8700,0.23210382,0.2056895,9.54e-06,3.92975378,8.14839011
8705,0.26723158,0.19703894,9.54e-06,2.18123674,8.15305646
8710,0.25405569,0.22575157,9.54e-06,8.05886745,8.15772282
8715,0.23266592,0.19686922,9.54e-06,5.22335005,8.16238917
8720,0.29853621,0.19401306,9.54e-06,4.95050192,8.16705553
8725,0.22061131,0.19064705,9.54e-06,1.75952268,8.17172189
8730,0.28474278,0.1981997,9.54e-06,3.5583353,8.17638824
8735,0.23875332,0.18486137,9.53e-06,0.94909447,8.1810546
8740,0.32617545,0.17685072,9.53e-06,6.68874359,8.18572095
8745,0.23262258,0.17792971,9.53e-06,1.52235496,8.19038731
8750,0.3790802,0.20214176,9.53e-06,4.22624445,8.19505366
8755,0.22658715,0.18620887,9.53e-06,3.48175764,8.19972002
8760,0.25601842,0.22080266,9.53e-06,7.16044712,8.20438637
8765,0.2213155,0.17907545,9.53e-06,6.05869627,8.20905273
8770,0.27175183,0.20660754,9.53e-06,14.05403709,8.21371909
8775,0.30796537,0.19517079,9.53e-06,7.00913239,8.21838544
8780,0.27038996,0.21792391,9.53e-06,10.20708847,8.2230518
8785,0.25904582,0.21209013,9.53e-06,2.11796522,8.22771815
8790,0.25735464,0.20359036,9.53e-06,4.3433795,8.23238451
8795,0.27946665,0.21133436,9.53e-06,4.05937004,8.23705086
8800,0.23984654,0.20646916,9.53e-06,2.95808196,8.24171722
8805,0.29998541,0.20981997,9.53e-06,3.60948873,8.24638357
8810,0.24338398,0.20107629,9.53e-06,7.40392685,8.25104993
8815,0.22121267,0.18950892,9.53e-06,1.41230059,8.25571629
8820,0.26514969,0.20964754,9.53e-06,5.00832367,8.26038264
8825,0.25392735,0.19140723,9.52e-06,1.19057572,8.265049
8830,0.26251459,0.20552401,9.52e-06,5.59630823,8.26971535
8835,0.26026223,0.22206321,9.52e-06,1.04765463,8.27438171
8840,0.23428638,0.18914653,9.52e-06,1.57867122,8.27904806
8845,0.21685863,0.17859909,9.52e-06,2.16255736,8.28371442
8850,0.25889688,0.20432992,9.52e-06,3.93763566,8.28838077
8855,0.2864799,0.1866991,9.52e-06,6.42871904,8.29304713
8860,0.2576124,0.19694248,9.52e-06,4.1754756,8.29771349
8865,0.24500813,0.19605758,9.52e-06,4.40531588,8.30237984
8870,0.32717991,0.18772553,9.52e-06,16.36512947,8.3070462
8875,0.28332672,0.2240872,9.52e-06,5.2234931,8.31171255
8880,0.23333664,0.17908223,9.52e-06,1.20507729,8.31637891
8885,0.24553499,0.20670764,9.52e-06,2.79487538,8.32104526
8890,0.28648317,0.18102606,9.52e-06,5.24010086,8.32571162
8895,0.24421091,0.19256077,9.52e-06,3.59549856,8.33037797
8900,0.25220194,0.19026075,9.52e-06,6.84531069,8.33504433
8905,0.2717402,0.206325,9.52e-06,6.02272606,8.33971069
8910,0.26128256,0.17334557,9.52e-06,1.111745,8.34437704
8915,0.21785154,0.18296617,9.51e-06,1.39858043,8.3490434
8920,0.26398873,0.1987187,9.51e-06,6.83708096,8.35370975
8925,0.27032676,0.19940333,9.51e-06,2.5938549,8.35837611
8930,0.23857417,0.18694244,9.51e-06,0.95566893,8.36304246
8935,0.2617604,0.19231423,9.51e-06,12.62805271,8.36770882
8940,0.23140686,0.19822768,9.51e-06,7.6432395,8.37237517
8945,0.27249093,0.20947459,9.51e-06,3.46594238,8.37704153
8950,0.24177394,0.20123863,9.51e-06,4.45207119,8.38170789
8955,0.24172573,0.19788361,9.51e-06,6.11057854,8.38637424
8960,0.25508027,0.20893633,9.51e-06,4.36329269,8.3910406
8965,0.35920336,0.2028079,9.51e-06,1.22144067,8.39570695
8970,0.22693539,0.18737682,9.51e-06,3.77559566,8.40037331
8975,0.26640573,0.23522082,9.51e-06,1.26801014,8.40503966
8980,0.26275582,0.1973293,9.51e-06,3.36733246,8.40970602
8985,0.27727842,0.19316995,9.51e-06,2.35947108,8.41437238
8990,0.19357847,0.18753945,9.51e-06,0.78676301,8.41903873
8995,0.22534018,0.18360123,9.51e-06,3.47758365,8.42370509
9000,0.33874068,0.19219663,9.5e-06,3.33621383,8.42837144
9005,0.23357964,0.19968892,9.5e-06,1.14228189,8.4330378
9010,0.27661033,0.19075741,9.5e-06,10.15342426,8.43770415
9015,0.2297128,0.18680029,9.5e-06,6.0498929,8.44237051
9020,0.28711867,0.21822964,9.5e-06,10.37871742,8.44703686
9025,0.27243748,0.19708451,9.5e-06,5.60877371,8.45170322
9030,0.26147211,0.19595954,9.5e-06,1.71907961,8.45636958
9035,0.25102859,0.20450962,9.5e-06,1.83422458,8.46103593
9040,0.25829875,0.18448389,9.5e-06,2.04191756,8.46570229
9045,0.30550776,0.20525623,9.5e-06,6.54138517,8.47036864
9050,0.27154441,0.20179192,9.5e-06,2.97431707,8.475035
9055,0.24931817,0.19696298,9.5e-06,4.41618204,8.47970135
9060,0.25610764,0.22031066,9.5e-06,1.76077521,8.48436771
9065,0.25319624,0.20279447,9.5e-06,1.28063893,8.48903406
9070,0.33866966,0.19243364,9.5e-06,4.53422546,8.49370042
9075,0.25021052,0.20236299,9.5e-06,1.78209555,8.49836678
9080,0.23942165,0.20070594,9.5e-06,6.07455826,8.50303313
9085,0.29911828,0.19047107,9.5e-06,22.72846603,8.50769949
9090,0.23682721,0.17971727,9.49e-06,9.04106617,8.51236584
9095,0.21025252,0.1909268,9.49e-06,2.95567226,8.5170322
9100,0.22301269,0.19557252,9.49e-06,2.21712303,8.52169855
9105,0.23038533,0.17541793,9.49e-06,1.73722351,8.52636491
9110,0.2398932,0.21144437,9.49e-06,4.6324892,8.53103126
9115,0.29593079,0.20407561,9.49e-06,10.76544285,8.53569762
9120,0.27277911,0.19921478,9.49e-06,6.42679167,8.54036398
9125,0.20333505,0.17147234,9.49e-06,1.12462807,8.54503033
9130,0.24455099,0.19357998,9.49e-06,9.0046196,8.54969669
9135,0.22754316,0.19729726,9.49e-06,1.37161124,8.55436304
9140,0.24970722,0.18833621,9.49e-06,4.05689478,8.5590294
9145,0.2541888,0.18277016,9.49e-06,0.9835583,8.56369575
9150,0.23580945,0.20149377,9.49e-06,9.27189636,8.56836211
9155,0.21845636,0.19302095,9.49e-06,1.44938099,8.57302846
9160,0.22943339,0.17653648,9.49e-06,6.85529232,8.57769482
9165,0.25069799,0.19915636,9.49e-06,9.66198635,8.58236118
9170,0.26879179,0.17392539,9.49e-06,15.73230457,8.58702753
9175,0.26695585,0.1761009,9.48e-06,4.27991104,8.59169389
9180,0.24872072,0.17270086,9.48e-06,6.81221628,8.59636024
9185,0.19959877,0.17372265,9.48e-06,1.99416876,8.6010266
9190,0.23554695,0.21456446,9.48e-06,1.1783787,8.60569295
9195,0.23419781,0.20163343,9.48e-06,5.01814365,8.61035931
9200,0.22648101,0.19620653,9.48e-06,2.15496993,8.61502566
9205,0.30439725,0.17660204,9.48e-06,2.61149287,8.61969202
9210,0.23650255,0.19868132,9.48e-06,1.61870527,8.62435838
9215,0.22686834,0.20815687,9.48e-06,3.8875072,8.62902473
9220,0.26464629,0.21605764,9.48e-06,4.9388113,8.63369109
9225,0.26918149,0.19231349,9.48e-06,2.30118251,8.63835744
9230,0.2580864,0.19098289,9.48e-06,1.61381328,8.6430238
9235,0.22306271,0.19540831,9.48e-06,1.77130473,8.64769015
9240,0.26563268,0.18041083,9.48e-06,10.31071377,8.65235651
9245,0.26328993,0.2062675,9.48e-06,3.30122757,8.65702287
9250,0.24881947,0.18084462,9.48e-06,4.14358377,8.66168922
9255,0.31491747,0.201208,9.48e-06,9.53668594,8.66635558
9260,0.26307876,0.21841291,9.47e-06,2.17272043,8.67102193
9265,0.2223366,0.17684885,9.47e-06,10.28596306,8.67568829
9270,0.23105955,0.20442228,9.47e-06,1.34388685,8.68035464
9275,0.19713907,0.17109411,9.47e-06,1.93573999,8.685021
9280,0.33729558,0.19140828,9.47e-06,2.32706523,8.68968735
9285,0.22986174,0.19598147,9.47e-06,4.19414473,8.69435371
9290,0.2506577,0.2182355,9.47e-06,1.97430575,8.69902007
9295,0.28786025,0.18873753,9.47e-06,7.84421444,8.70368642
9300,0.21720734,0.20281999,9.47e-06,2.90001512,8.70835278
9305,0.2716753,0.19526126,9.47e-06,3.71835637,8.71301913
9310,0.25061388,0.21759007,9.47e-06,1.29943454,8.71768549
9315,0.23305123,0.18046246,9.47e-06,6.98535728,8.72235184
9320,0.2437325,0.19431419,9.47e-06,1.02609491,8.7270182
9325,0.32627802,0.19502656,9.47e-06,1.48396325,8.73168455
9330,0.26462188,0.20630812,9.47e-06,4.97560787,8.73635091
9335,0.28843832,0.17662141,9.47e-06,5.27016449,8.74101727
9340,0.24248743,0.19241571,9.47e-06,1.23364735,8.74568362
9345,0.2643023,0.18092995,9.46e-06,1.38622856,8.75034998
9350,0.30424995,0.19832541,9.46e-06,7.55642033,8.75501633
9355,0.20737872,0.17419306,9.46e-06,5.49892664,8.75968269
9360,0.22249017,0.19328071,9.46e-06,4.59997654,8.76434904
9365,0.27138047,0.18840919,9.46e-06,8.18716431,8.7690154
9370,0.32666922,0.22159583,9.46e-06,2.34006929,8.77368175
9375,0.36024201,0.19511806,9.46e-06,6.81158113,8.77834811
9380,0.20841832,0.19126556,9.46e-06,1.12003624,8.78301447
9385,0.24430022,0.19175336,9.46e-06,1.51866901,8.78768082
9390,0.22699172,0.19197798,9.46e-06,1.32656014,8.79234718
9395,0.32094502,0.19731053,9.46e-06,2.90712976,8.79701353
9400,0.23898475,0.20008807,9.46e-06,4.08354759,8.80167989
9405,0.20580161,0.19570928,9.46e-06,2.10758495,8.80634624
9410,0.26141241,0.20308586,9.46e-06,7.21103573,8.8110126
9415,0.25600801,0.17861838,9.46e-06,6.12712145,8.81567895
9420,0.29226084,0.21995971,9.46e-06,2.81448674,8.82034531
9425,0.20286553,0.15978536,9.46e-06,2.54752374,8.82501167
9430,0.29305577,0.18454525,9.45e-06,5.18719244,8.82967802
9435,0.25923238,0.21224027,9.45e-06,7.01587534,8.83434438
9440,0.26904383,0.19368069,9.45e-06,2.23349762,8.83901073
9445,0.24834986,0.20157559,9.45e-06,1.74840677,8.84367709
9450,0.28432076,0.203353,9.45e-06,2.46971297,8.84834344
9455,0.28174727,0.18130624,9.45e-06,2.641155,8.8530098
9460,0.30144589,0.19646371,9.45e-06,2.32325482,8.85767615
9465,0.30652215,0.20366127,9.45e-06,9.36182404,8.86234251
9470,0.20580194,0.19227219,9.45e-06,2.47833133,8.86700887
9475,0.23479128,0.18455603,9.45e-06,1.07012129,8.87167522
9480,0.19997411,0.16283722,9.45e-06,2.23874974,8.87634158
9485,0.27552567,0.17619069,9.45e-06,9.84044933,8.88100793
9490,0.2241462,0.17529274,9.45e-06,5.27105951,8.88567429
9495,0.26800666,0.19489309,9.45e-06,1.1194849,8.89034064
9500,0.263446,0.19459661,9.45e-06,5.54037619,8.895007
9505,0.23414717,0.17063431,9.45e-06,4.88622189,8.89967336
9510,0.2230525,0.16837582,9.44e-06,6.6629982,8.90433971
9515,0.20897012,0.17227224,9.44e-06,1.21171856,8.90900607
9520,0.23556504,0.19201504,9.44e-06,2.84164,8.91367242
9525,0.24756422,0.19755324,9.44e-06,2.30983806,8.91833878
9530,0.23405561,0.1710518,9.44e-06,9.38943195,8.92300513
9535,0.24346159,0.1731627,9.44e-06,4.00604534,8.92767149
9540,0.22057745,0.19521291,9.44e-06,1.49018657,8.93233784
9545,0.24168725,0.18909694,9.44e-06,4.01742506,8.9370042
9550,0.32804656,0.2160136,9.44e-06,10.16679573,8.94167056
9555,0.29531102,0.21461314,9.44e-06,9.20176029,8.94633691
9560,0.21736798,0.17248739,9.44e-06,2.63207054,8.95100327
9565,0.31802597,0.18530682,9.44e-06,4.92817116,8.95566962
9570,0.29685938,0.19872249,9.44e-06,0.98397082,8.96033598
9575,0.25385752,0.17304883,9.44e-06,1.46059299,8.96500233
9580,0.27895639,0.21119232,9.44e-06,2.35254002,8.96966869
9585,0.23637094,0.20142056,9.44e-06,2.16195798,8.97433504
9590,0.23873401,0.17532243,9.44e-06,1.4136765,8.9790014
9595,0.23569074,0.19596998,9.43e-06,12.97865391,8.98366776
9600,0.27971656,0.16970314,9.43e-06,17.42961693,8.98833411
9605,0.30097024,0.20464209,9.43e-06,4.15448713,8.99300047
9610,0.30514674,0.18199811,9.43e-06,9.77020454,8.99766682
9615,0.30658784,0.20261058,9.43e-06,7.59942675,9.00187661
9620,0.24863791,0.18595222,9.43e-06,2.68526244,9.00656814
9625,0.23763933,0.2066912,9.43e-06,1.28887403,9.01125968
9630,0.27467918,0.21327572,9.43e-06,4.81976128,9.01595121
9635,0.23766284,0.21647487,9.43e-06,2.2748239,9.02064274
9640,0.25295987,0.20771767,9.43e-06,8.38357353,9.02533427
9645,0.25988638,0.20097727,9.43e-06,3.43119335,9.0300258
9650,0.25194948,0.19191795,9.43e-06,1.61540365,9.03471734
9655,0.26030126,0.20273209,9.43e-06,3.74806142,9.03940887
9660,0.32137203,0.20489866,9.43e-06,9.44256115,9.0441004
9665,0.27833724,0.20819715,9.43e-06,3.43469501,9.04879193
9670,0.22476301,0.18921331,9.43e-06,1.77033961,9.05348346
9675,0.21536188,0.18103368,9.42e-06,3.74384999,9.05817499
9680,0.22166109,0.17863371,9.42e-06,2.23745728,9.06286653
9685,0.21539247,0.18545857,9.42e-06,1.2017206,9.06755806
9690,0.29741521,0.19438066,9.42e-06,5.38251543,9.07224959
9695,0.30630665,0.18025078,9.42e-06,2.71690774,9.07694112
9700,0.21852925,0.19237438,9.42e-06,4.8658247,9.08163265
9705,0.26133676,0.20857896,9.42e-06,7.85948706,9.08632418
9710,0.24576304,0.21487873,9.42e-06,2.48452973,9.09101572
9715,0.24565711,0.19071221,9.42e-06,5.02074766,9.09570725
9720,0.1945092,0.17554574,9.42e-06,6.68839216,9.10039878
9725,0.22400851,0.20522991,9.42e-06,4.13790131,9.10509031
9730,0.24864011,0.19550602,9.42e-06,3.12933302,9.10978184
9735,0.23116374,0.15639013,9.42e-06,4.92321491,9.11447338
9740,0.19963659,0.18848658,9.42e-06,1.16769242,9.11916491
9745,0.22270331,0.19897443,9.42e-06,1.10431051,9.12385644
9750,0.29292598,0.22244193,9.42e-06,7.48793411,9.12854797
9755,0.25551953,0.21016384,9.41e-06,3.72261238,9.1332395
9760,0.25001149,0.17797312,9.41e-06,8.22882462,9.13793103
9765,0.24740074,0.17767408,9.41e-06,5.59276581,9.14262257
9770,0.30668807,0.19973868,9.41e-06,7.52471638,9.1473141
9775,0.21618989,0.18590554,9.41e-06,5.02529383,9.15200563
9780,0.21456995,0.20376746,9.41e-06,1.74491894,9.15669716
9785,0.26123912,0.17971206,9.41e-06,4.90863228,9.16138869
9790,0.26866894,0.1896411,9.41e-06,6.76845217,9.16608023
9795,0.22390089,0.18434636,9.41e-06,0.95293486,9.17077176
9800,0.21830912,0.18024827,9.41e-06,1.68944442,9.17546329
9805,0.2581775,0.20014336,9.41e-06,19.78255844,9.18015482
9810,0.25245504,0.18433726,9.41e-06,5.49582148,9.18484635
9815,0.23621442,0.16928201,9.41e-06,5.45064449,9.18953788
9820,0.2771874,0.19886505,9.41e-06,1.03428614,9.19422942
9825,0.23180084,0.19838588,9.41e-06,5.14749289,9.19892095
9830,0.23200707,0.18732485,9.41e-06,1.15970969,9.20361248
9835,0.26600301,0.18184059,9.4e-06,2.83218694,9.20830401
9840,0.29134049,0.17964186,9.4e-06,7.10748529,9.21299554
9845,0.25277171,0.18842662,9.4e-06,4.17480135,9.21768707
9850,0.2765492,0.22687568,9.4e-06,2.9947865,9.22237861
9855,0.24145799,0.17740144,9.4e-06,5.46766806,9.22707014
9860,0.26253395,0.18789101,9.4e-06,7.62065506,9.23176167
9865,0.21401219,0.20269659,9.4e-06,1.14055562,9.2364532
9870,0.2233341,0.19466947,9.4e-06,2.58637786,9.24114473
9875,0.25417252,0.17862884,9.4e-06,1.6546998,9.24583627
9880,0.34710102,0.19707633,9.4e-06,5.93277884,9.2505278
9885,0.21981719,0.19596845,9.4e-06,3.02222109,9.25521933
9890,0.22299092,0.1852231,9.4e-06,2.18223119,9.25991086
9895,0.25697052,0.18771828,9.4e-06,5.33440828,9.26460239
9900,0.24342501,0.19222177,9.4e-06,1.38603568,9.26929392
9905,0.19819167,0.18011549,9.4e-06,2.3129797,9.27398546
9910,0.25977278,0.18187577,9.4e-06,6.19923162,9.27867699
9915,0.30985863,0.19466612,9.39e-06,6.20679474,9.28336852
9920,0.24359245,0.18430484,9.39e-06,1.55757451,9.28806005
9925,0.28938546,0.18455536,9.39e-06,3.93057346,9.29275158
9930,0.30356154,0.1925353,9.39e-06,8.43439007,9.29744312
9935,0.26162975,0.20071566,9.39e-06,3.91308856,9.30213465
9940,0.31384168,0.19809606,9.39e-06,4.84224415,9.30682618
9945,0.20788865,0.17051919,9.39e-06,2.92394567,9.31151771
9950,0.27220511,0.19596949,9.39e-06,2.26905394,9.31620924
9955,0.22273984,0.20342679,9.39e-06,3.13306713,9.32090077
9960,0.24199185,0.18083829,9.39e-06,3.29677796,9.32559231
9965,0.26698914,0.1885569,9.39e-06,5.82099104,9.33028384
9970,0.19318178,0.17583401,9.39e-06,3.11438203,9.33497537
9975,0.30706928,0.20839766,9.39e-06,3.47868776,9.3396669
9980,0.23920996,0.17663091,9.39e-06,1.25938559,9.34435843
9985,0.23300323,0.19191466,9.39e-06,4.90287256,9.34904996
9990,0.18755084,0.17944408,9.39e-06,2.23609233,9.3537415
9995,0.299575,0.20589711,9.38e-06,3.65888166,9.35843303
10000,0.19959879,0.16921211,9.38e-06,4.07764769,9.36312456
10005,0.24007807,0.19256293,9.38e-06,6.76472902,9.36781609
10010,0.27587152,0.21698719,9.38e-06,5.60477829,9.37250762
10015,0.31604118,0.19579651,9.38e-06,5.83644199,9.37719916
10020,0.21104355,0.1821075,9.38e-06,2.01848364,9.38189069
10025,0.21414862,0.20302651,9.38e-06,1.09133649,9.38658222
10030,0.24067111,0.19835602,9.38e-06,2.62092686,9.39127375
10035,0.22678494,0.18861145,9.38e-06,2.0194943,9.39596528
10040,0.24967291,0.20032983,9.38e-06,2.13471365,9.40065681
10045,0.20703173,0.18211003,9.38e-06,5.6670742,9.40534835
10050,0.26950068,0.18799858,9.38e-06,7.13506889,9.41003988
10055,0.21610565,0.1631921,9.38e-06,1.56459117,9.41473141
10060,0.22917638,0.19995545,9.38e-06,1.83841836,9.41942294
10065,0.22069507,0.17622901,9.38e-06,4.84920645,9.42411447
10070,0.27274346,0.19080413,9.38e-06,1.21455407,9.42880601
10075,0.25825059,0.19067057,9.37e-06,1.72503054,9.43349754
10080,0.22493691,0.16096356,9.37e-06,8.58806705,9.43818907
10085,0.30440254,0.18859082,9.37e-06,7.93643522,9.4428806
10090,0.30058527,0.18571005,9.37e-06,4.80488586,9.44757213
10095,0.26422553,0.18942666,9.37e-06,1.36361742,9.45226366
10100,0.22752776,0.18823854,9.37e-06,1.31173837,9.4569552
10105,0.22760131,0.21245941,9.37e-06,3.78349328,9.46164673
10110,0.24030709,0.20130361,9.37e-06,6.61175585,9.46633826
10115,0.26536651,0.18789487,9.37e-06,6.46982098,9.47102979
10120,0.26913388,0.18810196,9.37e-06,2.17085767,9.47572132
10125,0.24333601,0.19468076,9.37e-06,1.32414007,9.48041285
10130,0.26309533,0.15532387,9.37e-06,6.53940582,9.48510439
10135,0.27510903,0.18399667,9.37e-06,1.50818789,9.48979592
10140,0.28342991,0.16159838,9.37e-06,5.77864456,9.49448745
10145,0.22961926,0.18243677,9.37e-06,2.21825194,9.49917898
10150,0.21162808,0.15789706,9.36e-06,3.96702838,9.50387051
10155,0.29314528,0.19046933,9.36e-06,5.89675331,9.50856205
10160,0.24164395,0.19008462,9.36e-06,3.69823313,9.51325358
10165,0.25915523,0.19484664,9.36e-06,2.57304406,9.51794511
10170,0.2129276,0.2020917,9.36e-06,2.84969807,9.52263664
10175,0.2828939,0.18113322,9.36e-06,2.67152691,9.52732817
10180,0.2810225,0.20077284,9.36e-06,18.6678524,9.5320197
10185,0.22375305,0.20053368,9.36e-06,1.45860112,9.53671124
10190,0.2663703,0.19889787,9.36e-06,5.10157394,9.54140277
10195,0.23994257,0.18279427,9.36e-06,1.81782043,9.5460943
10200,0.22204609,0.19331777,9.36e-06,1.40391254,9.55078583
10205,0.20029278,0.16549471,9.36e-06,1.22421384,9.55547736
10210,0.21584554,0.19663825,9.36e-06,1.52154553,9.5601689
10215,0.23762808,0.17754145,9.36e-06,17.7013092,9.56486043
10220,0.30287693,0.18565964,9.36e-06,8.3673811,9.56955196
10225,0.18442621,0.16945137,9.36e-06,1.28442478,9.57424349
10230,0.20823822,0.17965119,9.35e-06,1.24996495,9.57893502
10235,0.1943493,0.18491442,9.35e-06,1.1043787,9.58362655
10240,0.23991675,0.17291693,9.35e-06,3.37825966,9.58831809
10245,0.26396141,0.20863746,9.35e-06,4.52457047,9.59300962
10250,0.207832,0.17853303,9.35e-06,1.46939754,9.59770115
10255,0.24190111,0.19122611,9.35e-06,2.50689769,9.60239268
10260,0.2580029,0.1941128,9.35e-06,3.83139062,9.60708421
10265,0.26247909,0.15799906,9.35e-06,7.12596893,9.61177574
10270,0.23226032,0.1900848,9.35e-06,1.86202896,9.61646728
10275,0.24990478,0.18951872,9.35e-06,6.70399332,9.62115881
10280,0.32694488,0.18858859,9.35e-06,3.39883852,9.62585034
10285,0.29008861,0.1871109,9.35e-06,11.03031158,9.63054187
10290,0.2760344,0.19292886,9.35e-06,14.72201061,9.6352334
10295,0.25635839,0.19032398,9.35e-06,1.22977018,9.63992494
10300,0.25472555,0.17458845,9.35e-06,4.54203939,9.64461647
10305,0.34149821,0.1982543,9.34e-06,4.47805929,9.649308
10310,0.2361764,0.18929984,9.34e-06,2.1568737,9.65399953
10315,0.21788344,0.1953018,9.34e-06,3.47842646,9.65869106
10320,0.30789828,0.20020189,9.34e-06,6.61810017,9.66338259
10325,0.29867997,0.16828641,9.34e-06,10.10664654,9.66807413
10330,0.20404718,0.19370546,9.34e-06,1.82452869,9.67276566
10335,0.21343565,0.19363079,9.34e-06,2.59975266,9.67745719
10340,0.32535403,0.19486369,9.34e-06,4.5780344,9.68214872
10345,0.2838994,0.20918408,9.34e-06,6.66914511,9.68684025
10350,0.25273449,0.18904191,9.34e-06,1.97570205,9.69153179
10355,0.26885223,0.18247292,9.34e-06,2.33796573,9.69622332
10360,0.28472104,0.18198984,9.34e-06,9.39387703,9.70091485
10365,0.31660359,0.1849832,9.34e-06,15.09728718,9.70560638
10370,0.24752808,0.19262722,9.34e-06,6.36303473,9.71029791
10375,0.22501433,0.18954089,9.34e-06,1.48004293,9.71498944
10380,0.26338539,0.1741769,9.33e-06,3.34915972,9.71968098
10385,0.2241976,0.18822689,9.33e-06,5.60698366,9.72437251
10390,0.21434155,0.18930719,9.33e-06,1.24536955,9.72906404
10395,0.22986722,0.17194292,9.33e-06,2.5591855,9.73375557
10400,0.22028143,0.1902287,9.33e-06,1.52597678,9.7384471
10405,0.24115343,0.20600114,9.33e-06,4.09251308,9.74313863
10410,0.20089421,0.18915399,9.33e-06,2.35399866,9.74783017
10415,0.26789136,0.1862974,9.33e-06,0.86428267,9.7525217
10420,0.26098299,0.19856065,9.33e-06,1.72699678,9.75721323
10425,0.23592,0.21102123,9.33e-06,2.86268759,9.76190476
10430,0.25733166,0.20308343,9.33e-06,2.31766057,9.76659629
10435,0.26053574,0.20025349,9.33e-06,2.06935453,9.77128783
10440,0.30170467,0.18218687,9.33e-06,5.82685137,9.77597936
10445,0.22583904,0.17046875,9.33e-06,1.15722823,9.78067089
10450,0.24278579,0.18082422,9.33e-06,1.28016388,9.78536242
10455,0.2543129,0.19134341,9.33e-06,3.94606924,9.79005395
10460,0.2525692,0.18006684,9.32e-06,1.32103741,9.79474548
10465,0.27289906,0.17614116,9.32e-06,2.11538005,9.79943702
10470,0.28813193,0.18422165,9.32e-06,8.98739815,9.80412855
10475,0.23543506,0.17828345,9.32e-06,1.18059707,9.80882008
10480,0.23563204,0.18898436,9.32e-06,1.60634148,9.81351161
10485,0.24839604,0.20039138,9.32e-06,3.20471096,9.81820314
10490,0.24271069,0.19797879,9.32e-06,1.19537807,9.82289468
10495,0.19799173,0.15989607,9.32e-06,1.58804727,9.82758621
10500,0.22082777,0.18549774,9.32e-06,4.19962692,9.83227774
10505,0.2176615,0.1696783,9.32e-06,2.53421783,9.83696927
10510,0.22189734,0.17734216,9.32e-06,4.45285034,9.8416608
10515,0.22696583,0.19653329,9.32e-06,2.44047952,9.84635233
10520,0.32582388,0.18903507,9.32e-06,2.68770313,9.85104387
10525,0.35367815,0.22162247,9.32e-06,6.94186115,9.8557354
10530,0.27832751,0.1626551,9.32e-06,1.92825413,9.86042693
10535,0.22318494,0.20234329,9.31e-06,2.97602344,9.86511846
10540,0.31084886,0.19019434,9.31e-06,1.55175841,9.86980999
10545,0.22306671,0.20070544,9.31e-06,2.46762443,9.87450152
10550,0.3058887,0.16841403,9.31e-06,8.52738094,9.87919306
10555,0.22660255,0.21201856,9.31e-06,1.32924247,9.88388459
10560,0.21570199,0.19075604,9.31e-06,2.57727289,9.88857612
10565,0.24361801,0.19308686,9.31e-06,3.74924469,9.89326765
10570,0.24776106,0.17499303,9.31e-06,3.94219685,9.89795918
10575,0.28817611,0.18924581,9.31e-06,5.23439026,9.90265072
10580,0.29438238,0.15687233,9.31e-06,5.84865427,9.90734225
10585,0.22402997,0.19271669,9.31e-06,2.1497364,9.91203378
10590,0.26004305,0.16654952,9.31e-06,4.72519875,9.91672531
10595,0.27396376,0.19248058,9.31e-06,5.70315123,9.92141684
10600,0.23156896,0.18766029,9.31e-06,1.3480171,9.92610837
10605,0.26644249,0.1792394,9.31e-06,1.52407968,9.93079991
10610,0.26584859,0.19800763,9.3e-06,7.80576324,9.93549144
10615,0.27220576,0.19389938,9.3e-06,5.61937141,9.94018297
10620,0.22795656,0.19714206,9.3e-06,9.49919605,9.9448745
10625,0.29729643,0.20350205,9.3e-06,2.3544786,9.94956603
10630,0.27392378,0.17745032,9.3e-06,3.82764959,9.95425757
10635,0.23523409,0.1714525,9.3e-06,4.44587326,9.9589491
10640,0.32970133,0.20142685,9.3e-06,1.88748515,9.96364063
10645,0.22515826,0.16642617,9.3e-06,1.76201928,9.96833216
10650,0.21986027,0.17157375,9.3e-06,2.46437955,9.97302369
10655,0.24200673,0.18733118,9.3e-06,10.8978138,9.97771522
10660,0.26709087,0.19631407,9.3e-06,4.00594139,9.98240676
10665,0.23109698,0.19843461,9.3e-06,3.73962092,9.98709829
10670,0.3218286,0.18819076,9.3e-06,2.45481443,9.99178982
10675,0.29810872,0.18257499,9.3e-06,7.47226286,9.99648135
10680,0.22043014,0.21143395,9.29e-06,1.37653863,10.00093963
10685,0.24779677,0.19941918,9.29e-06,2.94292927,10.00563777
10690,0.21857352,0.19047031,9.29e-06,6.21053553,10.01033592
10695,0.23044248,0.19888754,9.29e-06,1.99396753,10.01503406
10700,0.30353827,0.17125337,9.29e-06,1.8936249,10.01973221
10705,0.28056779,0.18207826,9.29e-06,8.05754757,10.02443035
10710,0.27402496,0.19018435,9.29e-06,1.04576886,10.02912849
10715,0.22821379,0.17267954,9.29e-06,5.25508833,10.03382664
10720,0.28004131,0.19662185,9.29e-06,6.18053389,10.03852478
10725,0.26061037,0.21087793,9.29e-06,1.17216575,10.04322293
10730,0.20728235,0.17334287,9.29e-06,2.89321709,10.04792107
10735,0.25965202,0.17633343,9.29e-06,1.65651143,10.05261922
10740,0.24663837,0.19822699,9.29e-06,5.96140003,10.05731736
10745,0.21673193,0.16305298,9.29e-06,2.86689401,10.0620155
10750,0.18562852,0.1660501,9.29e-06,1.38303459,10.06671365
10755,0.26820521,0.19585673,9.28e-06,6.33042288,10.07141179
10760,0.25615053,0.20254991,9.28e-06,2.73968339,10.07610994
10765,0.31413355,0.18863681,9.28e-06,2.62532377,10.08080808
10770,0.34436684,0.19984443,9.28e-06,9.14005089,10.08550623
10775,0.2636586,0.18613889,9.28e-06,2.84568739,10.09020437
10780,0.31529729,0.18491628,9.28e-06,1.92966437,10.09490251
10785,0.27337704,0.19313841,9.28e-06,10.97204399,10.09960066
10790,0.21042674,0.19002167,9.28e-06,1.13670599,10.1042988
10795,0.2451849,0.20273924,9.28e-06,1.50251913,10.10899695
10800,0.26432753,0.18366661,9.28e-06,8.35654545,10.11369509
10805,0.2364193,0.20906783,9.28e-06,1.30620456,10.11839323
10810,0.26935587,0.18278644,9.28e-06,1.43439245,10.12309138
10815,0.21862202,0.1638632,9.28e-06,6.02001286,10.12778952
10820,0.20036733,0.18375871,9.28e-06,2.67856383,10.13248767
10825,0.22717848,0.16810816,9.28e-06,3.4866519,10.13718581
10830,0.19547341,0.17741974,9.27e-06,1.78158331,10.14188396
10835,0.24830897,0.20011902,9.27e-06,7.73155212,10.1465821
10840,0.23880277,0.18858516,9.27e-06,2.33225727,10.15128024
10845,0.24738774,0.20088821,9.27e-06,6.32812357,10.15597839
10850,0.34026027,0.17934163,9.27e-06,10.98264599,10.16067653
10855,0.23818011,0.18037732,9.27e-06,5.44634295,10.16537468
10860,0.22283874,0.16360336,9.27e-06,7.92897463,10.17007282
10865,0.24016712,0.18266686,9.27e-06,13.08329201,10.17477097
10870,0.22292442,0.1887562,9.27e-06,3.26038861,10.17946911
10875,0.22343755,0.19687129,9.27e-06,3.46196032,10.18416725
10880,0.22910647,0.17955417,9.27e-06,3.7138536,10.1888654
10885,0.24550614,0.17966113,9.27e-06,2.84118891,10.19356354
10890,0.25485735,0.19159365,9.27e-06,3.9099822,10.19826169
10895,0.27135761,0.20120045,9.27e-06,6.96390724,10.20295983
10900,0.25797563,0.18619246,9.26e-06,1.11448193,10.20765798
10905,0.29683769,0.1869488,9.26e-06,1.77360415,10.21235612
10910,0.21832876,0.1844868,9.26e-06,3.40558314,10.21705426
10915,0.23120944,0.1817645,9.26e-06,1.61151028,10.22175241
10920,0.24414949,0.16307117,9.26e-06,3.83539796,10.22645055
10925,0.24834359,0.20012809,9.26e-06,23.67313766,10.2311487
10930,0.24064133,0.20375963,9.26e-06,2.41678834,10.23584684
10935,0.22038407,0.18296522,9.26e-06,1.8749795,10.24054498
10940,0.25967336,0.18507947,9.26e-06,3.62858844,10.24524313
10945,0.26946344,0.21272475,9.26e-06,6.15015125,10.24994127
10950,0.31190486,0.17809371,9.26e-06,2.15905523,10.25463942
10955,0.29586124,0.18086776,9.26e-06,8.0113945,10.25933756
10960,0.21597447,0.18246188,9.26e-06,2.39350843,10.26403571
10965,0.26068521,0.19142096,9.26e-06,2.09532213,10.26873385
10970,0.28606968,0.19801653,9.26e-06,4.92513132,10.27343199
10975,0.24698968,0.17610242,9.25e-06,1.59451044,10.27813014
10980,0.19884635,0.1794496,9.25e-06,1.39437032,10.28282828
10985,0.22496073,0.17809114,9.25e-06,2.54275703,10.28752643
10990,0.19265013,0.17579629,9.25e-06,1.11534905,10.29222457
10995,0.28691616,0.18545268,9.25e-06,9.45841885,10.29692272
11000,0.23349104,0.16668258,9.25e-06,1.70753086,10.30162086
11005,0.24165609,0.17654221,9.25e-06,3.52743888,10.306319
11010,0.23049369,0.18906214,9.25e-06,4.56459904,10.31101715
11015,0.26565623,0.19484249,9.25e-06,2.4630785,10.31571529
11020,0.33564396,0.1774105,9.25e-06,6.54261589,10.32041344
11025,0.23669574,0.20485585,9.25e-06,5.41790152,10.32511158
11030,0.29029889,0.22181949,9.25e-06,3.98208165,10.32980973
11035,0.24136081,0.20560856,9.25e-06,2.86755872,10.33450787
11040,0.21562123,0.17589258,9.25e-06,1.87802076,10.33920601
11045,0.22832665,0.17907583,9.24e-06,2.60565138,10.34390416
11050,0.26612089,0.20483817,9.24e-06,3.65007472,10.3486023
11055,0.27155371,0.19699283,9.24e-06,4.64435577,10.35330045
11060,0.27655931,0.19872123,9.24e-06,8.95019531,10.35799859
11065,0.23668828,0.17415398,9.24e-06,1.10479605,10.36269673
11070,0.2427587,0.18988241,9.24e-06,2.83950591,10.36739488
11075,0.24664416,0.21419293,9.24e-06,1.52717614,10.37209302
11080,0.22954535,0.18878958,9.24e-06,3.15446591,10.37679117
11085,0.25287919,0.18854888,9.24e-06,4.8934083,10.38148931
11090,0.17853794,0.17559438,9.24e-06,2.58069658,10.38618746
11095,0.22893136,0.18673197,9.24e-06,2.53187728,10.3908856
11100,0.24217768,0.19181613,9.24e-06,3.45766878,10.39558374
11105,0.19998758,0.15676689,9.24e-06,4.24147749,10.40028189
11110,0.27885342,0.22631975,9.24e-06,5.55036974,10.40498003
11115,0.19516249,0.17798518,9.24e-06,1.26877081,10.40967818
11120,0.25257273,0.1818345,9.23e-06,2.10625148,10.41437632
11125,0.27140722,0.20909774,9.23e-06,2.81324458,10.41907447
11130,0.22868528,0.17370767,9.23e-06,3.73299336,10.42377261
11135,0.23338013,0.17274903,9.23e-06,1.7798568,10.42847075
11140,0.3136059,0.18275994,9.23e-06,7.12858963,10.4331689
11145,0.22118173,0.18177325,9.23e-06,3.62490606,10.43786704
11150,0.22520962,0.19720738,9.23e-06,1.32079303,10.44256519
11155,0.23761306,0.17559366,9.23e-06,1.33360529,10.44726333
11160,0.1970973,0.16796154,9.23e-06,12.60790539,10.45196148
11165,0.1992365,0.18072749,9.23e-06,2.35662985,10.45665962
11170,0.24241228,0.18263301,9.23e-06,1.21691084,10.46135776
11175,0.22226758,0.17414225,9.23e-06,9.47832203,10.46605591
11180,0.2579689,0.20147893,9.23e-06,2.16947508,10.47075405
11185,0.28967237,0.18541226,9.23e-06,3.56127834,10.4754522
11190,0.18259256,0.16829721,9.22e-06,1.12228203,10.48015034
11195,0.28903041,0.15413961,9.22e-06,5.5509634,10.48484848
11200,0.22619853,0.20034129,9.22e-06,1.76994467,10.48954663
11205,0.24572477,0.19219453,9.22e-06,4.25404358,10.49424477
11210,0.20908611,0.18351411,9.22e-06,1.38892913,10.49894292
11215,0.20555623,0.16517359,9.22e-06,4.47124434,10.50364106
11220,0.20220842,0.19208528,9.22e-06,4.18306732,10.50833921
11225,0.37447844,0.18119087,9.22e-06,16.26947021,10.51303735
11230,0.2618289,0.15831286,9.22e-06,6.23166037,10.51773549
11235,0.29917576,0.19283089,9.22e-06,2.69311142,10.52243364
11240,0.24335053,0.17892304,9.22e-06,2.24269629,10.52713178
11245,0.25654678,0.19523625,9.22e-06,11.64718914,10.53182993
11250,0.29359598,0.20497711,9.22e-06,2.05254006,10.53652807
11255,0.3580534,0.18914658,9.22e-06,1.23197579,10.54122622
11260,0.22154949,0.17800657,9.21e-06,6.94443989,10.54592436
11265,0.22126539,0.1642063,9.21e-06,4.69603062,10.5506225
11270,0.26591444,0.16577243,9.21e-06,4.98647785,10.55532065
11275,0.28723023,0.20541261,9.21e-06,1.76989675,10.56001879
11280,0.22489424,0.18608388,9.21e-06,3.23638153,10.56471694
11285,0.28737497,0.21133407,9.21e-06,7.18333006,10.56941508
11290,0.2626965,0.17118614,9.21e-06,3.34187794,10.57411323
11295,0.26653099,0.20319529,9.21e-06,1.56929231,10.57881137
11300,0.29867432,0.18845145,9.21e-06,6.0131526,10.58350951
11305,0.22589591,0.20023225,9.21e-06,7.99113512,10.58820766
11310,0.2315455,0.18932839,9.21e-06,5.69456911,10.5929058
11315,0.22319274,0.16887829,9.21e-06,3.49200749,10.59760395
11320,0.26561487,0.18761874,9.21e-06,5.44517994,10.60230209
11325,0.20140893,0.17322543,9.21e-06,0.86785829,10.60700023
11330,0.21176522,0.18772782,9.2e-06,2.87378144,10.61169838
11335,0.21551485,0.19230023,9.2e-06,1.44339144,10.61639652
11340,0.31076059,0.20367487,9.2e-06,9.2196207,10.62109467
11345,0.2582078,0.17577175,9.2e-06,1.2491138,10.62579281
11350,0.263135,0.17839599,9.2e-06,14.0782938,10.63049096
11355,0.20157075,0.16810527,9.2e-06,1.77093601,10.6351891
11360,0.24498301,0.18994175,9.2e-06,5.65074492,10.63988724
11365,0.29346619,0.1875621,9.2e-06,5.16719866,10.64458539
11370,0.22512944,0.18959241,9.2e-06,4.43713999,10.64928353
11375,0.24840598,0.19139766,9.2e-06,1.48003292,10.65398168
11380,0.27318892,0.18427657,9.2e-06,1.82778156,10.65867982
11385,0.27336316,0.19867261,9.2e-06,1.09130085,10.66337797
11390,0.23922422,0.19077466,9.2e-06,6.43110132,10.66807611
11395,0.23968186,0.19296815,9.2e-06,4.36092663,10.67277425
11400,0.23797677,0.18580204,9.19e-06,4.17386007,10.6774724
11405,0.2204448,0.20884173,9.19e-06,2.32776546,10.68217054
11410,0.3090519,0.17527962,9.19e-06,8.28543377,10.68686869
11415,0.25375504,0.18369901,9.19e-06,3.39355993,10.69156683
11420,0.29179173,0.190041,9.19e-06,3.10936832,10.69626498
11425,0.17688141,0.1698484,9.19e-06,1.99302423,10.70096312
11430,0.31298852,0.18190206,9.19e-06,3.9869256,10.70566126
11435,0.24950562,0.18931543,9.19e-06,2.75872898,10.71035941
11440,0.27620804,0.18115399,9.19e-06,1.14258933,10.71505755
11445,0.29457321,0.19339199,9.19e-06,4.73164988,10.7197557
11450,0.21662645,0.17912044,9.19e-06,5.07699823,10.72445384
11455,0.29554801,0.19604699,9.19e-06,6.70170307,10.72915198
11460,0.19981978,0.16870046,9.19e-06,1.67809868,10.73385013
11465,0.3127017,0.22589974,9.19e-06,5.21680689,10.73854827
11470,0.23218141,0.18070823,9.18e-06,1.64049351,10.74324642
11475,0.28309009,0.17677336,9.18e-06,1.67641377,10.74794456
11480,0.23978446,0.20465533,9.18e-06,3.70634079,10.75264271
11485,0.25890832,0.17151741,9.18e-06,6.45390654,10.75734085
11490,0.26600819,0.17717617,9.18e-06,2.72536922,10.76203899
11495,0.2431396,0.19164449,9.18e-06,3.05854797,10.76673714
11500,0.24550843,0.175116,9.18e-06,4.6269927,10.77143528
11505,0.1928827,0.15843427,9.18e-06,0.92696416,10.77613343
11510,0.23760676,0.17868493,9.18e-06,1.25887513,10.78083157
11515,0.2717324,0.18893392,9.18e-06,2.568887,10.78552972
11520,0.267538,0.20434027,9.18e-06,1.91079915,10.79022786
11525,0.25792527,0.19834108,9.18e-06,3.56307936,10.794926
11530,0.223124,0.1898384,9.18e-06,1.08934557,10.79962415
11535,0.26566148,0.19545309,9.18e-06,3.62800145,10.80432229
11540,0.2299464,0.18397301,9.17e-06,2.88421297,10.80902044
11545,0.23591287,0.18197436,9.17e-06,1.18734646,10.81371858
11550,0.22643588,0.19626615,9.17e-06,2.38177919,10.81841673
11555,0.22784226,0.15224491,9.17e-06,4.41263103,10.82311487
11560,0.18716825,0.1726721,9.17e-06,1.0673666,10.82781301
11565,0.24185224,0.17086066,9.17e-06,9.57905006,10.83251116
11570,0.18873258,0.16381089,9.17e-06,2.24316621,10.8372093
11575,0.34716663,0.1896705,9.17e-06,5.63412476,10.84190745
11580,0.27700057,0.18251493,9.17e-06,7.25479746,10.84660559
11585,0.25525126,0.17656975,9.17e-06,1.14375424,10.85130374
11590,0.22020583,0.17041402,9.17e-06,2.16554308,10.85600188
11595,0.24308019,0.19077903,9.17e-06,7.99386787,10.86070002
11600,0.2504035,0.18561689,9.17e-06,4.60865021,10.86539817
11605,0.25064316,0.1868956,9.16e-06,13.94717884,10.87009631
11610,0.23887374,0.18372082,9.16e-06,2.83105969,10.87479446
11615,0.20954525,0.1576401,9.16e-06,1.14834821,10.8794926
11620,0.25814209,0.18308467,9.16e-06,1.78206015,10.88419074
11625,0.18947046,0.16454155,9.16e-06,1.20319891,10.88888889
11630,0.18661211,0.17574455,9.16e-06,4.38324928,10.89358703
11635,0.24980583,0.1826476,9.16e-06,1.24427629,10.89828518
11640,0.24944947,0.1729407,9.16e-06,5.60088253,10.90298332
11645,0.19689169,0.17800903,9.16e-06,1.83078074,10.90768147
11650,0.24364429,0.23144051,9.16e-06,2.37523603,10.91237961
11655,0.26909003,0.18575499,9.16e-06,8.25476456,10.91707775
11660,0.22938633,0.17365902,9.16e-06,1.53431439,10.9217759
11665,0.21548285,0.18483112,9.16e-06,1.25433707,10.92647404
11670,0.25246644,0.20406245,9.16e-06,1.30629861,10.93117219
11675,0.21383429,0.17068531,9.15e-06,3.57966638,10.93587033
11680,0.24206245,0.15642514,9.15e-06,1.00814354,10.94056848
11685,0.24807742,0.19699536,9.15e-06,1.32652819,10.94526662
11690,0.17921151,0.1855932,9.15e-06,1.42413843,10.94996476
11695,0.23456645,0.18292694,9.15e-06,5.08867931,10.95466291
11700,0.27393117,0.18707681,9.15e-06,6.32600784,10.95936105
11705,0.17042069,0.15858382,9.15e-06,1.43743551,10.9640592
11710,0.23944631,0.18271891,9.15e-06,9.94388962,10.96875734
11715,0.20792034,0.17739254,9.15e-06,1.74737465,10.97345549
11720,0.3077606,0.17934286,9.15e-06,3.26206684,10.97815363
11725,0.26478229,0.19748556,9.15e-06,4.71582031,10.98285177
11730,0.21033516,0.18287795,9.15e-06,1.28478169,10.98754992
11735,0.31361656,0.17845811,9.15e-06,1.33681846,10.99224806
11740,0.24439836,0.17780046,9.15e-06,7.34522104,10.99694621
11745,0.27552357,0.21865658,9.14e-06,6.16255808,11.00094118
11750,0.32343011,0.20807916,9.14e-06,2.49188519,11.00564706
11755,0.20164886,0.17138675,9.14e-06,1.34439433,11.01035294
11760,0.17492274,0.15342658,9.14e-06,2.36196613,11.01505882
11765,0.40289207,0.19329306,9.14e-06,1.56490111,11.01976471
11770,0.24109294,0.18300051,9.14e-06,7.09665823,11.02447059
11775,0.21788321,0.16806962,9.14e-06,3.10718489,11.02917647
11780,0.26008186,0.19458785,9.14e-06,5.65968895,11.03388235
11785,0.23529763,0.17492404,9.14e-06,5.62053633,11.03858824
11790,0.30448289,0.19201514,9.14e-06,4.61155128,11.04329412
11795,0.25633163,0.16100502,9.14e-06,2.24678087,11.048
11800,0.21515317,0.18514058,9.14e-06,4.8765173,11.05270588
11805,0.23998022,0.16406066,9.14e-06,2.39879775,11.05741176
11810,0.23206048,0.17662756,9.13e-06,1.16610253,11.06211765
11815,0.23036482,0.18208738,9.13e-06,1.47671199,11.06682353
11820,0.22448845,0.18342731,9.13e-06,1.76183176,11.07152941
11825,0.20867162,0.18936431,9.13e-06,1.59124374,11.07623529
11830,0.24908228,0.17717055,9.13e-06,1.29364896,11.08094118
11835,0.24195888,0.18523951,9.13e-06,9.27092266,11.08564706
11840,0.23527391,0.19332954,9.13e-06,1.43471384,11.09035294
11845,0.27564106,0.19875145,9.13e-06,3.9277029,11.09505882
11850,0.215799,0.16639137,9.13e-06,4.56363297,11.09976471
11855,0.26198459,0.17633384,9.13e-06,1.98321068,11.10447059
11860,0.24567611,0.18520303,9.13e-06,1.52140796,11.10917647
11865,0.19550109,0.16724833,9.13e-06,0.9925738,11.11388235
11870,0.25090182,0.19787726,9.13e-06,5.15366411,11.11858824
11875,0.2320219,0.1776494,9.12e-06,4.69119263,11.12329412
11880,0.21793723,0.18420947,9.12e-06,2.03576875,11.128
11885,0.1961194,0.17476047,9.12e-06,1.69366801,11.13270588
11890,0.24527764,0.1618421,9.12e-06,6.86433458,11.13741176
11895,0.24450927,0.191807,9.12e-06,1.45025587,11.14211765
11900,0.35104575,0.17351381,9.12e-06,8.93865871,11.14682353
11905,0.21768489,0.1753862,9.12e-06,3.25300002,11.15152941
11910,0.27208266,0.19367571,9.12e-06,1.66640234,11.15623529
11915,0.19574769,0.1628549,9.12e-06,1.52868438,11.16094118
11920,0.29919,0.19151411,9.12e-06,1.81755698,11.16564706
11925,0.20440197,0.17646261,9.12e-06,1.96525478,11.17035294
11930,0.24118886,0.18181946,9.12e-06,1.54522216,11.17505882
11935,0.29797664,0.18486622,9.12e-06,8.96731853,11.17976471
11940,0.20597265,0.17458819,9.12e-06,3.53891516,11.18447059
11945,0.23869224,0.19396781,9.11e-06,4.2876277,11.18917647
11950,0.24229231,0.19416327,9.11e-06,4.8677187,11.19388235
11955,0.17741189,0.14852787,9.11e-06,1.57089782,11.19858824
11960,0.28342676,0.17946856,9.11e-06,4.12507534,11.20329412
11965,0.24554701,0.1983015,9.11e-06,8.4049778,11.208
11970,0.194507,0.17535452,9.11e-06,1.9323163,11.21270588
11975,0.24542079,0.19829094,9.11e-06,3.2116704,11.21741176
11980,0.28915462,0.17963391,9.11e-06,5.60787916,11.22211765
11985,0.24588537,0.19018046,9.11e-06,3.93724775,11.22682353
11990,0.22755458,0.17166039,9.11e-06,4.35578775,11.23152941
11995,0.229808,0.15774773,9.11e-06,1.68880308,11.23623529
12000,0.32539535,0.20129395,9.11e-06,1.20419204,11.24094118
12005,0.25601645,0.16191838,9.11e-06,1.73105204,11.24564706
12010,0.24423203,0.18894419,9.1e-06,2.56657314,11.25035294
12015,0.2732739,0.19593288,9.1e-06,11.28199196,11.25505882
12020,0.23830371,0.18570138,9.1e-06,1.68201447,11.25976471
12025,0.22600684,0.15243651,9.1e-06,4.67133808,11.26447059
12030,0.21771955,0.18245859,9.1e-06,1.16414094,11.26917647
12035,0.32772646,0.1791122,9.1e-06,12.19066238,11.27388235
12040,0.22144017,0.15394183,9.1e-06,3.25031137,11.27858824
12045,0.27801638,0.19401261,9.1e-06,2.41515446,11.28329412
12050,0.29071879,0.20359466,9.1e-06,3.65847015,11.288
12055,0.20229294,0.1567798,9.1e-06,1.22138906,11.29270588
12060,0.24418979,0.17891787,9.1e-06,9.57754707,11.29741176
12065,0.23544586,0.183858,9.1e-06,6.18328524,11.30211765
12070,0.25075269,0.18194901,9.1e-06,3.56325316,11.30682353
12075,0.25235434,0.17419208,9.09e-06,4.80857801,11.31152941
12080,0.27429214,0.18444546,9.09e-06,3.43200779,11.31623529
12085,0.22781911,0.1769583,9.09e-06,1.79762638,11.32094118
12090,0.27667921,0.18414701,9.09e-06,5.75878572,11.32564706
12095,0.25333233,0.18216751,9.09e-06,1.11212766,11.33035294
12100,0.23224316,0.1840113,9.09e-06,5.58946896,11.33505882
12105,0.24284666,0.18386468,9.09e-06,2.06618762,11.33976471
12110,0.26567159,0.20396738,9.09e-06,1.93325055,11.34447059
12115,0.20678313,0.17603444,9.09e-06,2.82315421,11.34917647
12120,0.2271575,0.20192977,9.09e-06,25.75968552,11.35388235
12125,0.31306362,0.1856775,9.09e-06,22.47689438,11.35858824
12130,0.31397443,0.20926124,9.09e-06,8.41365337,11.36329412
12135,0.40133486,0.20354231,9.09e-06,10.1756115,11.368
12140,0.25879054,0.19927306,9.09e-06,4.33704662,11.37270588
12145,0.25915484,0.18846488,9.08e-06,3.36111999,11.37741176
12150,0.21099133,0.19874533,9.08e-06,1.79705167,11.38211765
12155,0.21035814,0.16838957,9.08e-06,2.82611728,11.38682353
12160,0.2217731,0.16970685,9.08e-06,2.93593335,11.39152941
12165,0.2925251,0.18532847,9.08e-06,7.47805452,11.39623529
12170,0.24611883,0.1648316,9.08e-06,9.92835617,11.40094118
12175,0.26939373,0.17628485,9.08e-06,5.4424057,11.40564706
12180,0.21302562,0.1804888,9.08e-06,3.61259174,11.41035294
12185,0.20579686,0.18037993,9.08e-06,4.77945852,11.41505882
12190,0.30044327,0.19234366,9.08e-06,3.13510299,11.41976471
12195,0.2461323,0.19221516,9.08e-06,4.59678364,11.42447059
12200,0.25726147,0.21026949,9.08e-06,7.96713924,11.42917647
12205,0.25124526,0.182794,9.08e-06,4.35223961,11.43388235
12210,0.23902402,0.17854441,9.07e-06,5.66323996,11.43858824
12215,0.27989728,0.17743771,9.07e-06,6.59880257,11.44329412
12220,0.20984905,0.15600602,9.07e-06,1.50438666,11.448
12225,0.20970874,0.17790916,9.07e-06,1.35684812,11.45270588
12230,0.17987309,0.15698087,9.07e-06,1.324085,11.45741176
12235,0.24217577,0.18611201,9.07e-06,6.87903643,11.46211765
12240,0.20499191,0.16901797,9.07e-06,0.8680234,11.46682353
12245,0.21138248,0.1605374,9.07e-06,1.34485781,11.47152941
12250,0.23026021,0.17560175,9.07e-06,2.17868948,11.47623529
12255,0.20518968,0.18796559,9.07e-06,1.1370579,11.48094118
12260,0.26649008,0.1796708,9.07e-06,1.38410437,11.48564706
12265,0.21958621,0.18668526,9.07e-06,1.30396605,11.49035294
12270,0.20504112,0.17476452,9.07e-06,1.68080425,11.49505882
12275,0.23064556,0.17126245,9.06e-06,7.89910555,11.49976471
12280,0.22581139,0.18686849,9.06e-06,1.23519528,11.50447059
12285,0.20997019,0.15992804,9.06e-06,3.99620152,11.50917647
12290,0.21207225,0.16858976,9.06e-06,1.70034111,11.51388235
12295,0.27414932,0.16445412,9.06e-06,3.09952164,11.51858824
12300,0.23196442,0.1465716,9.06e-06,6.24282789,11.52329412
12305,0.22245941,0.16770594,9.06e-06,5.24978113,11.528
12310,0.31613264,0.19038022,9.06e-06,6.52661991,11.53270588
12315,0.28518925,0.17395229,9.06e-06,4.93153334,11.53741176
12320,0.23775694,0.18324941,9.06e-06,8.52695942,11.54211765
12325,0.24168072,0.16598852,9.06e-06,5.85046959,11.54682353
12330,0.19892147,0.15998523,9.06e-06,5.33114529,11.55152941
12335,0.29554558,0.17347659,9.06e-06,4.08568668,11.55623529
12340,0.29168169,0.1956265,9.05e-06,6.31631994,11.56094118
12345,0.20508702,0.18154046,9.05e-06,4.26163912,11.56564706
12350,0.26828742,0.17463764,9.05e-06,4.36920691,11.57035294
12355,0.26686583,0.16952498,9.05e-06,2.98756695,11.57505882
12360,0.23378544,0.18512687,9.05e-06,3.53351283,11.57976471
12365,0.22090874,0.17832692,9.05e-06,9.01129532,11.58447059
12370,0.21238418,0.18561591,9.05e-06,2.64099598,11.58917647
12375,0.26035089,0.19261293,9.05e-06,2.68369293,11.59388235
12380,0.30593219,0.15015187,9.05e-06,3.98252058,11.59858824
12385,0.24536386,0.16520305,9.05e-06,12.36195946,11.60329412
12390,0.26076128,0.15627852,9.05e-06,1.09521854,11.608
12395,0.21204748,0.1737199,9.05e-06,1.25832152,11.61270588
12400,0.26505618,0.18571984,9.05e-06,5.50930405,11.61741176
12405,0.21765382,0.18266399,9.04e-06,2.15680194,11.62211765
12410,0.24954679,0.19632304,9.04e-06,3.90881181,11.62682353
12415,0.17724777,0.18133988,9.04e-06,1.8014195,11.63152941
12420,0.24027128,0.171104,9.04e-06,5.56257772,11.63623529
12425,0.24880042,0.18153819,9.04e-06,5.74214697,11.64094118
12430,0.27650228,0.21499699,9.04e-06,1.49248981,11.64564706
12435,0.22294726,0.1841126,9.04e-06,1.1110028,11.65035294
12440,0.27017846,0.17258497,9.04e-06,1.49144709,11.65505882
12445,0.24837911,0.15711735,9.04e-06,4.55896521,11.65976471
12450,0.25364273,0.18418312,9.04e-06,2.70849442,11.66447059
12455,0.20526783,0.16059351,9.04e-06,5.06168938,11.66917647
12460,0.22412415,0.15515424,9.04e-06,2.0184083,11.67388235
12465,0.19873643,0.17452969,9.03e-06,4.01048231,11.67858824
12470,0.22952881,0.16488976,9.03e-06,4.36206436,11.68329412
12475,0.26717255,0.18664008,9.03e-06,1.58814919,11.688
12480,0.20680931,0.18180903,9.03e-06,2.41855884,11.69270588
12485,0.26218073,0.17215394,9.03e-06,1.08432746,11.69741176
12490,0.22390771,0.17076671,9.03e-06,1.04096961,11.70211765
12495,0.2177618,0.2075647,9.03e-06,3.28973126,11.70682353
12500,0.27759247,0.18290588,9.03e-06,6.73943329,11.71152941
12505,0.20275352,0.16859043,9.03e-06,1.00488329,11.71623529
12510,0.22240086,0.16847334,9.03e-06,4.29771852,11.72094118
12515,0.27651148,0.17126892,9.03e-06,6.6844573,11.72564706
12520,0.22970872,0.19307743,9.03e-06,4.50216007,11.73035294
12525,0.21460352,0.19272501,9.03e-06,1.23725855,11.73505882
12530,0.19322029,0.18085215,9.02e-06,3.35943174,11.73976471
12535,0.21477098,0.1815131,9.02e-06,4.19015837,11.74447059
12540,0.28562541,0.20555038,9.02e-06,9.37184525,11.74917647
12545,0.23826432,0.18640179,9.02e-06,9.89915562,11.75388235
12550,0.31293736,0.17738514,9.02e-06,8.43787289,11.75858824
12555,0.24750834,0.17295006,9.02e-06,2.18622804,11.76329412
12560,0.25615783,0.16648046,9.02e-06,5.17885733,11.768
12565,0.19805017,0.17324041,9.02e-06,2.07882237,11.77270588
12570,0.24375267,0.184362,9.02e-06,5.60006666,11.77741176
12575,0.26903937,0.19980891,9.02e-06,3.61492467,11.78211765
12580,0.17576296,0.17364102,9.02e-06,4.25090075,11.78682353
12585,0.20768781,0.17916167,9.02e-06,10.65397835,11.79152941
12590,0.22049859,0.1758281,9.02e-06,5.33121443,11.79623529
12595,0.22261696,0.17210886,9.01e-06,2.62317443,11.80094118
12600,0.26481328,0.1888281,9.01e-06,5.02353764,11.80564706
12605,0.28161147,0.16667223,9.01e-06,1.46796632,11.81035294
12610,0.24251032,0.15592322,9.01e-06,5.41170835,11.81505882
12615,0.24667971,0.2054433,9.01e-06,6.06731701,11.81976471
12620,0.23471875,0.16811099,9.01e-06,1.13720715,11.82447059
12625,0.23727307,0.17015653,9.01e-06,4.29731274,11.82917647
12630,0.33106532,0.17956902,9.01e-06,3.68863297,11.83388235
12635,0.2053587,0.18935403,9.01e-06,1.16221607,11.83858824
12640,0.21312368,0.17917226,9.01e-06,3.1880517,11.84329412
12645,0.23180547,0.18285496,9.01e-06,1.68173707,11.848
12650,0.24589558,0.17597326,9.01e-06,4.22844505,11.85270588
12655,0.19687719,0.17845787,9.01e-06,1.48094511,11.85741176
12660,0.31134083,0.18045104,9e-06,12.10178947,11.86211765
12665,0.19213222,0.18536777,9e-06,2.35823417,11.86682353
12670,0.22929902,0.18086603,9e-06,4.73959017,11.87152941
12675,0.23859253,0.19072537,9e-06,1.15309036,11.87623529
12680,0.26524267,0.1743642,9e-06,1.7833817,11.88094118
12685,0.2369945,0.15486096,9e-06,5.37510204,11.88564706
12690,0.21764283,0.18420186,9e-06,5.34012985,11.89035294
12695,0.21239834,0.17292683,9e-06,1.54697537,11.89505882
12700,0.232476,0.16733248,9e-06,7.17851925,11.89976471
12705,0.23976579,0.20188979,9e-06,1.5651871,11.90447059
12710,0.22010169,0.17738252,9e-06,3.76684403,11.90917647
12715,0.26067662,0.18717551,9e-06,10.17846394,11.91388235
12720,0.25919242,0.19066355,8.99e-06,1.53158104,11.91858824
12725,0.22308664,0.19178521,8.99e-06,1.62919116,11.92329412
12730,0.21488671,0.16843695,8.99e-06,4.28185844,11.928
12735,0.24282615,0.17077766,8.99e-06,2.47253966,11.93270588
12740,0.28309875,0.18820318,8.99e-06,2.76615334,11.93741176
12745,0.37767229,0.19521997,8.99e-06,4.97670221,11.94211765
12750,0.27333694,0.19082382,8.99e-06,4.61387968,11.94682353
12755,0.19766204,0.16851268,8.99e-06,4.95334291,11.95152941
12760,0.26626544,0.16480893,8.99e-06,3.85331368,11.95623529
12765,0.27110102,0.18579683,8.99e-06,1.32619691,11.96094118
12770,0.2407716,0.16058228,8.99e-06,2.12102556,11.96564706
12775,0.26326427,0.17549915,8.99e-06,4.9373107,11.97035294
12780,0.33143482,0.19841439,8.99e-06,1.58442986,11.97505882
12785,0.25872946,0.19876796,8.98e-06,5.06871939,11.97976471
12790,0.29367137,0.15739314,8.98e-06,8.81985188,11.98447059
12795,0.23706436,0.18501189,8.98e-06,2.76559329,11.98917647
12800,0.24320812,0.15796765,8.98e-06,1.28691459,11.99388235
12805,0.21749604,0.17954238,8.98e-06,1.32226801,11.99858824
12810,0.29304552,0.15216177,8.98e-06,4.30278778,12.00281162
12815,0.22647758,0.19695284,8.98e-06,4.69353628,12.00749766
12820,0.21622982,0.17525499,8.98e-06,1.49607611,12.01218369
12825,0.2289887,0.18096688,8.98e-06,1.94325244,12.01686973
12830,0.19936321,0.14792445,8.98e-06,1.50366271,12.02155576
12835,0.18040159,0.17042905,8.98e-06,1.47709608,12.0262418
12840,0.23977864,0.18035116,8.98e-06,5.07277536,12.03092784
12845,0.25034311,0.15755819,8.97e-06,1.49977338,12.03561387
12850,0.26600733,0.17960182,8.97e-06,0.97352237,12.04029991
12855,0.15785835,0.15846713,8.97e-06,1.35362136,12.04498594
12860,0.27794254,0.15446012,8.97e-06,4.13162374,12.04967198
12865,0.18554761,0.16313944,8.97e-06,1.38423014,12.05435801
12870,0.21008642,0.17427664,8.97e-06,1.92361355,12.05904405
12875,0.21782606,0.15416141,8.97e-06,7.54967928,12.06373008
12880,0.23908734,0.1737842,8.97e-06,3.07611704,12.06841612
12885,0.33489647,0.16500304,8.97e-06,1.87461162,12.07310216
12890,0.23848922,0.18790858,8.97e-06,8.94994164,12.07778819
12895,0.24984818,0.19933103,8.97e-06,3.86111617,12.08247423
12900,0.29147055,0.19466086,8.97e-06,4.58127594,12.08716026
12905,0.22887895,0.17314185,8.97e-06,4.14153099,12.0918463
12910,0.23361492,0.17637351,8.96e-06,3.31366992,12.09653233
12915,0.21941667,0.17869267,8.96e-06,12.09700775,12.10121837
12920,0.2313257,0.16286536,8.96e-06,6.82559156,12.1059044
12925,0.21650918,0.15449412,8.96e-06,1.75960791,12.11059044
12930,0.2813237,0.19199668,8.96e-06,2.83881903,12.11527648
12935,0.23476048,0.17904221,8.96e-06,2.28506684,12.11996251
12940,0.23206582,0.18636163,8.96e-06,9.34761524,12.12464855
12945,0.19493756,0.16378603,8.96e-06,1.28877676,12.12933458
12950,0.26439967,0.19187265,8.96e-06,2.02489614,12.13402062
12955,0.27730043,0.18885507,8.96e-06,8.65440083,12.13870665
12960,0.28150909,0.19448261,8.96e-06,5.36220264,12.14339269
12965,0.30769982,0.17139173,8.96e-06,4.25990152,12.14807873
12970,0.21098576,0.17452668,8.95e-06,1.47798705,12.15276476
12975,0.2204118,0.16357457,8.95e-06,2.55616736,12.1574508
12980,0.20750003,0.19167141,8.95e-06,1.0777638,12.16213683
12985,0.2481837,0.16566083,8.95e-06,7.88868475,12.16682287
12990,0.28781035,0.16771291,8.95e-06,6.10395908,12.1715089
12995,0.24526863,0.17513435,8.95e-06,4.39931631,12.17619494
13000,0.24255908,0.18866869,8.95e-06,5.12214899,12.18088097
13005,0.23705783,0.18016098,8.95e-06,1.19225621,12.18556701
13010,0.24569488,0.17488511,8.95e-06,2.484905,12.19025305
13015,0.27129602,0.17656906,8.95e-06,4.1231451,12.19493908
13020,0.21890197,0.15899106,8.95e-06,2.99455714,12.19962512
13025,0.20452352,0.17214183,8.95e-06,2.0030241,12.20431115
13030,0.32763519,0.1797714,8.95e-06,3.60206532,12.20899719
13035,0.24658942,0.17753435,8.94e-06,1.47233319,12.21368322
13040,0.20759273,0.1646937,8.94e-06,7.49796724,12.21836926
13045,0.24255307,0.18185294,8.94e-06,1.36177647,12.2230553
13050,0.22018695,0.18142814,8.94e-06,4.87151718,12.22774133
13055,0.25049355,0.16205262,8.94e-06,2.6154933,12.23242737
13060,0.182956,0.15456989,8.94e-06,1.51405239,12.2371134
13065,0.27124524,0.20285522,8.94e-06,5.36314392,12.24179944
13070,0.23554268,0.17600915,8.94e-06,10.3455658,12.24648547
13075,0.24874887,0.18266328,8.94e-06,5.92171192,12.25117151
13080,0.2771832,0.19650926,8.94e-06,6.01136065,12.25585754
13085,0.28259857,0.15955356,8.94e-06,1.98808992,12.26054358
13090,0.18008542,0.16978019,8.94e-06,1.16545892,12.26522962
13095,0.23206191,0.1651189,8.93e-06,4.13296223,12.26991565
13100,0.20941362,0.1715959,8.93e-06,5.31727409,12.27460169
13105,0.22270551,0.1815021,8.93e-06,1.27814841,12.27928772
13110,0.21911416,0.16390671,8.93e-06,1.12726653,12.28397376
13115,0.25339093,0.17746609,8.93e-06,5.43250322,12.28865979
13120,0.26146646,0.19479354,8.93e-06,1.79031789,12.29334583
13125,0.23347034,0.16812804,8.93e-06,2.43536496,12.29803187
13130,0.20970778,0.17399693,8.93e-06,1.61328042,12.3027179
13135,0.175647,0.17223889,8.93e-06,0.98026621,12.30740394
13140,0.2000602,0.15420994,8.93e-06,2.98577666,12.31208997
13145,0.22108626,0.18264355,8.93e-06,1.30779612,12.31677601
13150,0.26019518,0.16144235,8.93e-06,3.21479678,12.32146204
13155,0.25384893,0.17425869,8.92e-06,1.20755947,12.32614808
13160,0.20761225,0.17704912,8.92e-06,6.65076494,12.33083411
13165,0.20202432,0.1439703,8.92e-06,2.89414334,12.33552015
13170,0.22397363,0.14683636,8.92e-06,3.74190164,12.34020619
13175,0.18767879,0.16777242,8.92e-06,7.62057877,12.34489222
13180,0.21668015,0.17149496,8.92e-06,13.20417595,12.34957826
13185,0.22664995,0.17969109,8.92e-06,4.07739592,12.35426429
13190,0.22739282,0.15887208,8.92e-06,6.13308668,12.35895033
13195,0.2567986,0.17104356,8.92e-06,5.2489109,12.36363636
13200,0.26383557,0.16808656,8.92e-06,5.40981913,12.3683224
13205,0.21610761,0.17866702,8.92e-06,5.35617542,12.37300843
13210,0.30037575,0.17836688,8.92e-06,2.32101917,12.37769447
13215,0.24967747,0.1856899,8.91e-06,5.45840073,12.38238051
13220,0.28358488,0.17759209,8.91e-06,1.34204459,12.38706654
13225,0.28198431,0.17180595,8.91e-06,1.97914231,12.39175258
13230,0.24133079,0.17567588,8.91e-06,3.00346994,12.39643861
13235,0.22758033,0.19101188,8.91e-06,1.18808842,12.40112465
13240,0.22755401,0.1880793,8.91e-06,1.6408726,12.40581068
13245,0.2184253,0.1552558,8.91e-06,6.04719543,12.41049672
13250,0.25280721,0.18524766,8.91e-06,3.26410866,12.41518276
13255,0.21827791,0.16504503,8.91e-06,5.65478277,12.41986879
13260,0.27043905,0.1774493,8.91e-06,4.26273823,12.42455483
13265,0.21855121,0.18991922,8.91e-06,3.41502094,12.42924086
13270,0.26891313,0.1889338,8.91e-06,3.38698649,12.4339269
13275,0.20448194,0.14972733,8.91e-06,1.18633497,12.43861293
13280,0.22268851,0.16781802,8.9e-06,2.23105454,12.44329897
13285,0.3045321,0.15790583,8.9e-06,1.63420522,12.447985
13290,0.28019071,0.16998258,8.9e-06,3.27733302,12.45267104
13295,0.26471918,0.17701169,8.9e-06,9.67138481,12.45735708
13300,0.24099951,0.18994464,8.9e-06,3.23441696,12.46204311
13305,0.21722512,0.18275964,8.9e-06,1.05801356,12.46672915
13310,0.18905878,0.17377427,8.9e-06,1.19647789,12.47141518
13315,0.28648653,0.17049196,8.9e-06,3.71172476,12.47610122
13320,0.23116384,0.16868282,8.9e-06,4.04595661,12.48078725
13325,0.23505874,0.17931095,8.9e-06,1.34976912,12.48547329
13330,0.21212924,0.17608435,8.9e-06,2.99534082,12.49015933
13335,0.21517038,0.16672163,8.9e-06,5.60444403,12.49484536
13340,0.23708348,0.14532382,8.89e-06,2.27484035,12.4995314
13345,0.20704236,0.16049346,8.89e-06,6.4969697,12.50421743
13350,0.24966509,0.17742528,8.89e-06,7.13394022,12.50890347
13355,0.1946111,0.16337432,8.89e-06,5.2854538,12.5135895
13360,0.22285235,0.16746902,8.89e-06,4.91855049,12.51827554
13365,0.17539511,0.16802917,8.89e-06,2.61448622,12.52296157
13370,0.21039946,0.13080107,8.89e-06,3.14150572,12.52764761
13375,0.29483838,0.19926225,8.89e-06,4.46005821,12.53233365
13380,0.23378339,0.17443763,8.89e-06,7.71754026,12.53701968
13385,0.3120245,0.17672354,8.89e-06,4.71774244,12.54170572
13390,0.21061244,0.1669445,8.89e-06,2.35942984,12.54639175
13395,0.19801806,0.15107311,8.89e-06,3.75461078,12.55107779
13400,0.18489985,0.16628665,8.88e-06,1.57856643,12.55576382
13405,0.27800725,0.17428441,8.88e-06,8.35914326,12.56044986
13410,0.24694357,0.18373014,8.88e-06,1.63668871,12.5651359
13415,0.18687792,0.17057354,8.88e-06,1.36006999,12.56982193
13420,0.19260777,0.15218379,8.88e-06,1.19435477,12.57450797
13425,0.25055728,0.17265492,8.88e-06,8.13770103,12.579194
13430,0.20596998,0.1646274,8.88e-06,1.38023365,12.58388004
13435,0.21237736,0.18915447,8.88e-06,4.74145699,12.58856607
13440,0.20449798,0.16638496,8.88e-06,3.97236562,12.59325211
13445,0.24605999,0.17730331,8.88e-06,4.71950817,12.59793814
13450,0.24277725,0.20967559,8.88e-06,8.12762451,12.60262418
13455,0.32594671,0.17036812,8.88e-06,3.84058976,12.60731022
13460,0.21136775,0.18254292,8.87e-06,1.71943629,12.61199625
13465,0.20104492,0.18020129,8.87e-06,7.57003403,12.61668229
13470,0.22920053,0.16901864,8.87e-06,4.12023306,12.62136832
13475,0.20280387,0.16271889,8.87e-06,9.03942776,12.62605436
13480,0.21496232,0.17267806,8.87e-06,3.48436141,12.63074039
13485,0.22410827,0.1743559,8.87e-06,1.7687521,12.63542643
13490,0.21579163,0.16195197,8.87e-06,1.79608452,12.64011246
13495,0.2236557,0.19525077,8.87e-06,2.02912402,12.6447985
13500,0.22628198,0.18445365,8.87e-06,2.58341718,12.64948454
13505,0.23394647,0.17631556,8.87e-06,1.23258996,12.65417057
13510,0.17365489,0.1593267,8.87e-06,1.4842484,12.65885661
13515,0.2516793,0.17827073,8.87e-06,10.62231064,12.66354264
13520,0.23083928,0.16431609,8.86e-06,3.25738001,12.66822868
13525,0.18245006,0.16107793,8.86e-06,1.31779802,12.67291471
13530,0.23723702,0.16484138,8.86e-06,1.18151641,12.67760075
13535,0.21518641,0.17544778,8.86e-06,1.50812531,12.68228679
13540,0.19614247,0.15698831,8.86e-06,1.54517972,12.68697282
13545,0.23983164,0.18176727,8.86e-06,1.59076083,12.69165886
13550,0.2645967,0.15307928,8.86e-06,6.21639299,12.69634489
13555,0.26607909,0.17510806,8.86e-06,4.17384624,12.70103093
13560,0.21217191,0.15408045,8.86e-06,7.34929895,12.70571696
13565,0.19645698,0.16386422,8.86e-06,8.68061924,12.710403
13570,0.23095441,0.1546153,8.86e-06,1.76323402,12.71508903
13575,0.21827068,0.16813685,8.86e-06,9.65443897,12.71977507
13580,0.23280542,0.1820497,8.85e-06,1.91156507,12.72446111
13585,0.23135023,0.15044147,8.85e-06,14.34820461,12.72914714
13590,0.21623404,0.17639442,8.85e-06,1.88763857,12.73383318
13595,0.2677011,0.18842641,8.85e-06,7.47323847,12.73851921
13600,0.33661103,0.19144165,8.85e-06,5.24139881,12.74320525
13605,0.23108933,0.19194326,8.85e-06,4.37476397,12.74789128
13610,0.24197614,0.17829506,8.85e-06,2.92406297,12.75257732
13615,0.21320593,0.16396326,8.85e-06,1.8800739,12.75726336
13620,0.2193131,0.17831614,8.85e-06,3.53852415,12.76194939
13625,0.2298542,0.16663501,8.85e-06,4.20904541,12.76663543
13630,0.28556027,0.18266096,8.85e-06,5.03072548,12.77132146
13635,0.27653673,0.18149908,8.84e-06,6.3202734,12.7760075
13640,0.19899464,0.16647938,8.84e-06,2.48272657,12.78069353
13645,0.24911947,0.16341148,8.84e-06,3.3133657,12.78537957
13650,0.23723047,0.2074576,8.84e-06,2.22863984,12.7900656
13655,0.18505964,0.16563089,8.84e-06,1.29774868,12.79475164
13660,0.30485106,0.14869585,8.84e-06,4.72051382,12.79943768
13665,0.20650806,0.15787526,8.84e-06,0.99725223,12.80412371
13670,0.2436759,0.20068025,8.84e-06,4.35388136,12.80880975
13675,0.2294116,0.17829643,8.84e-06,9.49726391,12.81349578
13680,0.2408375,0.16469258,8.84e-06,1.34905565,12.81818182
13685,0.18585522,0.16070746,8.84e-06,3.82151246,12.82286785
13690,0.2625386,0.16668743,8.84e-06,5.12141895,12.82755389
13695,0.20032506,0.16430748,8.83e-06,3.72311687,12.83223993
13700,0.24811909,0.16064627,8.83e-06,1.57943726,12.83692596
13705,0.25088515,0.1742411,8.83e-06,3.10555053,12.841612
13710,0.2207829,0.15703001,8.83e-06,3.2226007,12.84629803
13715,0.26441302,0.17825942,8.83e-06,2.38977146,12.85098407
13720,0.21925144,0.16694397,8.83e-06,8.44891739,12.8556701
13725,0.22618544,0.17612785,8.83e-06,1.28631377,12.86035614
13730,0.21280646,0.15837814,8.83e-06,1.09564471,12.86504217
13735,0.26403151,0.16279891,8.83e-06,1.75469244,12.86972821
13740,0.23276401,0.18503571,8.83e-06,4.83398914,12.87441425
13745,0.19723814,0.18447603,8.83e-06,4.52547503,12.87910028
13750,0.22491322,0.1639593,8.83e-06,1.71533132,12.88378632
13755,0.23343537,0.19805597,8.82e-06,2.27987719,12.88847235
13760,0.24706798,0.16735233,8.82e-06,4.2709322,12.89315839
13765,0.21569569,0.14699863,8.82e-06,7.67888355,12.89784442
13770,0.22281575,0.172391,8.82e-06,9.03276539,12.90253046
13775,0.24275527,0.15647243,8.82e-06,3.53581333,12.90721649
13780,0.21515546,0.13577982,8.82e-06,1.18416882,12.91190253
13785,0.25675435,0.16414618,8.82e-06,3.10585713,12.91658857
13790,0.23452849,0.13440904,8.82e-06,6.31780481,12.9212746
13795,0.25368671,0.15686075,8.82e-06,6.12559748,12.92596064
13800,0.2452985,0.17429501,8.82e-06,2.26538348,12.93064667
13805,0.20809731,0.14827284,8.82e-06,6.51298094,12.93533271
13810,0.23809052,0.167464,8.82e-06,2.5010066,12.94001874
13815,0.22089269,0.16518889,8.81e-06,1.2246964,12.94470478
13820,0.2593878,0.18457123,8.81e-06,13.86594009,12.94939082
13825,0.24556623,0.18585642,8.81e-06,1.23470104,12.95407685
13830,0.26291199,0.18764501,8.81e-06,5.93865108,12.95876289
13835,0.30583353,0.17524677,8.81e-06,3.71350932,12.96344892
13840,0.27811618,0.18050363,8.81e-06,7.7455368,12.96813496
13845,0.26110497,0.18016526,8.81e-06,2.07991505,12.97282099
13850,0.22972677,0.16761443,8.81e-06,3.61062837,12.97750703
13855,0.27062941,0.17709685,8.81e-06,1.33703434,12.98219306
13860,0.24738121,0.15863157,8.81e-06,2.83347631,12.9868791
13865,0.25388999,0.16166091,8.81e-06,1.23683059,12.99156514
13870,0.23982556,0.17111126,8.81e-06,4.86513329,12.99625117
13875,0.22907386,0.17435711,8.8e-06,5.17236233,13.00093458
13880,0.24287028,0.16635202,8.8e-06,3.8583858,13.00560748
13885,0.21066027,0.18260884,8.8e-06,1.25892127,13.01028037
13890,0.23575649,0.16112812,8.8e-06,5.36235619,13.01495327
13895,0.20578513,0.15585659,8.8e-06,1.35053658,13.01962617
13900,0.23500896,0.17070408,8.8e-06,4.69059658,13.02429907
13905,0.29617896,0.17464993,8.8e-06,8.16003609,13.02897196
13910,0.27563648,0.15561445,8.8e-06,4.3939271,13.03364486
13915,0.22198808,0.16714222,8.8e-06,3.43943739,13.03831776
13920,0.17754266,0.16031436,8.8e-06,1.17369294,13.04299065
13925,0.24568963,0.16752801,8.8e-06,2.78925657,13.04766355
13930,0.18196565,0.14026153,8.79e-06,1.21807134,13.05233645
13935,0.27352514,0.19333106,8.79e-06,2.86729312,13.05700935
13940,0.26200137,0.17945275,8.79e-06,5.3576436,13.06168224
13945,0.26316469,0.18523394,8.79e-06,4.79721451,13.06635514
13950,0.19250493,0.16528806,8.79e-06,6.10438347,13.07102804
13955,0.19908454,0.17551686,8.79e-06,3.25777912,13.07570093
13960,0.22320352,0.16283542,8.79e-06,6.75997066,13.08037383
13965,0.22907426,0.17692394,8.79e-06,1.47864914,13.08504673
13970,0.22559013,0.14514274,8.79e-06,1.71253443,13.08971963
13975,0.27156997,0.16996152,8.79e-06,8.22664738,13.09439252
13980,0.28097878,0.18113689,8.79e-06,5.04317713,13.09906542
13985,0.18871435,0.162669,8.79e-06,2.63944697,13.10373832
13990,0.27986069,0.17057975,8.78e-06,4.01483679,13.10841121
13995,0.18361306,0.16226056,8.78e-06,1.49873281,13.11308411
14000,0.31682036,0.18385724,8.78e-06,6.27598572,13.11775701
14005,0.28330822,0.18731264,8.78e-06,13.53125,13.12242991
14010,0.22630444,0.15983394,8.78e-06,1.25508249,13.1271028
14015,0.21336241,0.15573206,8.78e-06,5.93395376,13.1317757
14020,0.31495757,0.15885046,8.78e-06,4.14510632,13.1364486
14025,0.31870031,0.15611713,8.78e-06,2.7805686,13.1411215
14030,0.25240779,0.18279261,8.78e-06,12.1719017,13.14579439
14035,0.15785654,0.15978362,8.78e-06,2.1369884,13.15046729
14040,0.26280117,0.17350305,8.78e-06,4.3685813,13.15514019
14045,0.25514898,0.18394462,8.77e-06,2.44723272,13.15981308
14050,0.21591451,0.17475636,8.77e-06,5.64548063,13.16448598
14055,0.20857344,0.16729105,8.77e-06,2.73422885,13.16915888
14060,0.20363421,0.15790318,8.77e-06,7.11281443,13.17383178
14065,0.31327419,0.19358012,8.77e-06,2.31780338,13.17850467
14070,0.27060423,0.17652453,8.77e-06,4.49548531,13.18317757
14075,0.22850084,0.18066052,8.77e-06,1.76327455,13.18785047
14080,0.2269557,0.15809355,8.77e-06,4.13874006,13.19252336
14085,0.20112941,0.16029344,8.77e-06,3.93710446,13.19719626
14090,0.22690005,0.15433813,8.77e-06,3.55383897,13.20186916
14095,0.26100652,0.16621646,8.77e-06,1.56911302,13.20654206
14100,0.19527526,0.16198625,8.77e-06,1.38377452,13.21121495
14105,0.25142562,0.18196742,8.76e-06,5.67355871,13.21588785
14110,0.22000265,0.17561906,8.76e-06,3.96790433,13.22056075
14115,0.22325821,0.18075811,8.76e-06,6.64002085,13.22523364
14120,0.20896645,0.15265674,8.76e-06,2.02149415,13.22990654
14125,0.19510797,0.16263373,8.76e-06,2.65726447,13.23457944
14130,0.25161772,0.16870576,8.76e-06,2.1224072,13.23925234
14135,0.24333606,0.15827373,8.76e-06,1.43068826,13.24392523
14140,0.34355729,0.19296044,8.76e-06,2.76096964,13.24859813
14145,0.24253283,0.1866069,8.76e-06,1.27956831,13.25327103
14150,0.29588454,0.17283866,8.76e-06,6.81576729,13.25794393
14155,0.22810807,0.16936003,8.76e-06,2.18724775,13.26261682
14160,0.19574083,0.13795231,8.75e-06,9.24292469,13.26728972
14165,0.17815615,0.16450409,8.75e-06,1.30549991,13.27196262
14170,0.18713965,0.15363427,8.75e-06,0.86535221,13.27663551
14175,0.27420363,0.18157466,8.75e-06,8.79747295,13.28130841
14180,0.29052191,0.18165333,8.75e-06,7.11777067,13.28598131
14185,0.23085513,0.15925691,8.75e-06,1.68625653,13.29065421
14190,0.19175274,0.16532131,8.75e-06,1.18007529,13.2953271
14195,0.18967559,0.15917926,8.75e-06,10.59846115,13.3
14200,0.29728904,0.16353916,8.75e-06,1.88443482,13.3046729
14205,0.21954875,0.18197488,8.75e-06,2.26804852,13.30934579
14210,0.18280048,0.16866418,8.75e-06,1.38520777,13.31401869
14215,0.23055477,0.18040191,8.75e-06,2.52151179,13.31869159
14220,0.29116068,0.17382373,8.74e-06,7.52899027,13.32336449
14225,0.27562094,0.15007033,8.74e-06,6.43786907,13.32803738
14230,0.19051843,0.18347109,8.74e-06,1.41384149,13.33271028
14235,0.24341273,0.18619606,8.74e-06,1.62101734,13.33738318
14240,0.1846478,0.1498229,8.74e-06,1.20962834,13.34205607
14245,0.22994833,0.19150443,8.74e-06,5.5387845,13.34672897
14250,0.26424212,0.17301949,8.74e-06,5.77544022,13.35140187
14255,0.21730497,0.19138254,8.74e-06,5.94211483,13.35607477
14260,0.23360808,0.19058519,8.74e-06,10.79808521,13.36074766
14265,0.21417832,0.1599637,8.74e-06,1.63616288,13.36542056
14270,0.24601676,0.16146816,8.74e-06,3.36174679,13.37009346
14275,0.26522417,0.16272442,8.73e-06,8.50857544,13.37476636
14280,0.23061702,0.16026249,8.73e-06,2.47327542,13.37943925
14285,0.25332389,0.17887906,8.73e-06,3.58205438,13.38411215
14290,0.18138829,0.16465044,8.73e-06,2.27757263,13.38878505
14295,0.21662982,0.1667962,8.73e-06,2.12351251,13.39345794
14300,0.25826585,0.1930746,8.73e-06,4.63271618,13.39813084
14305,0.21824739,0.18319383,8.73e-06,1.27514303,13.40280374
14310,0.23751736,0.17075577,8.73e-06,3.6246171,13.40747664
14315,0.23831244,0.16039294,8.73e-06,3.04000711,13.41214953
14320,0.20388947,0.16291058,8.73e-06,1.39671338,13.41682243
14325,0.24413517,0.16908812,8.73e-06,5.68497467,13.42149533
14330,0.19921734,0.16945877,8.73e-06,3.56284237,13.42616822
14335,0.17252016,0.15045868,8.72e-06,1.66426516,13.43084112
14340,0.18946726,0.16108414,8.72e-06,1.92510736,13.43551402
14345,0.24379754,0.16689361,8.72e-06,7.24847507,13.44018692
14350,0.25119753,0.14871666,8.72e-06,5.92738676,13.44485981
14355,0.1626032,0.15085312,8.72e-06,1.93361187,13.44953271
14360,0.23177671,0.16644944,8.72e-06,6.18065977,13.45420561
14365,0.21946359,0.15391115,8.72e-06,3.87422013,13.4588785
14370,0.26330752,0.17784734,8.72e-06,7.25438786,13.4635514
14375,0.21131523,0.1596521,8.72e-06,1.91890907,13.4682243
14380,0.20834975,0.15991361,8.72e-06,2.17966127,13.4728972
14385,0.23661542,0.1565868,8.72e-06,8.2243433,13.47757009
14390,0.24461925,0.17034116,8.71e-06,1.79725599,13.48224299
14395,0.27031171,0.16571949,8.71e-06,1.64734375,13.48691589
14400,0.27911868,0.16530323,8.71e-06,2.57942176,13.49158879
14405,0.19315854,0.15822048,8.71e-06,2.50414705,13.49626168
14410,0.19903932,0.16863534,8.71e-06,1.1211921,13.50093458
14415,0.21551957,0.17072148,8.71e-06,1.73550522,13.50560748
14420,0.20552208,0.1637201,8.71e-06,3.56865621,13.51028037
14425,0.28935823,0.16899379,8.71e-06,3.4635191,13.51495327
14430,0.21105733,0.1844396,8.71e-06,1.15815639,13.51962617
14435,0.23323915,0.15712952,8.71e-06,7.65471935,13.52429907
14440,0.27221117,0.16883605,8.71e-06,9.86251354,13.52897196
14445,0.3633553,0.18083248,8.7e-06,5.76956749,13.53364486
14450,0.22316542,0.15325237,8.7e-06,1.36815596,13.53831776
14455,0.25559185,0.16338009,8.7e-06,7.91935778,13.54299065
14460,0.18983538,0.18015265,8.7e-06,1.92314339,13.54766355
14465,0.16977253,0.15623272,8.7e-06,0.97701609,13.55233645
14470,0.25222554,0.17918002,8.7e-06,11.62135315,13.55700935
14475,0.21836152,0.16222345,8.7e-06,7.00060415,13.56168224
14480,0.22003269,0.16529453,8.7e-06,1.67793131,13.56635514
14485,0.25831232,0.18821979,8.7e-06,3.02766252,13.57102804
14490,0.24222713,0.1802087,8.7e-06,1.63337457,13.57570093
14495,0.20766103,0.14706968,8.7e-06,7.44512272,13.58037383
14500,0.22154903,0.15653306,8.7e-06,11.30552197,13.58504673
14505,0.19583421,0.16543686,8.69e-06,4.59272623,13.58971963
14510,0.29579523,0.17851713,8.69e-06,8.21321964,13.59439252
14515,0.22815814,0.16973735,8.69e-06,3.47540283,13.59906542
14520,0.23639231,0.17969805,8.69e-06,4.19889593,13.60373832
14525,0.325105,0.19371076,8.69e-06,2.11582685,13.60841121
14530,0.27639108,0.18508251,8.69e-06,2.66024637,13.61308411
14535,0.20326777,0.15309991,8.69e-06,2.78551102,13.61775701
14540,0.2510231,0.18165232,8.69e-06,1.88495374,13.62242991
14545,0.26986475,0.18119758,8.69e-06,2.03784847,13.6271028
14550,0.29488564,0.16144358,8.69e-06,5.10495138,13.6317757
14555,0.31322186,0.18947608,8.69e-06,5.55625343,13.6364486
14560,0.21370029,0.15951692,8.68e-06,4.67640638,13.6411215
14565,0.2017983,0.17159518,8.68e-06,8.2005434,13.64579439
14570,0.21047313,0.15748089,8.68e-06,2.84328103,13.65046729
14575,0.2197814,0.17302498,8.68e-06,1.1047343,13.65514019
14580,0.19836016,0.16776714,8.68e-06,2.64273643,13.65981308
14585,0.31798429,0.17357952,8.68e-06,11.47771645,13.66448598
14590,0.21582303,0.16101913,8.68e-06,3.28010583,13.66915888
14595,0.24467492,0.17292034,8.68e-06,1.20843589,13.67383178
14600,0.2718631,0.16722686,8.68e-06,1.38975489,13.67850467
14605,0.19914033,0.16444782,8.68e-06,6.80884838,13.68317757
14610,0.23940268,0.17034174,8.68e-06,9.22359085,13.68785047
14615,0.1552182,0.12790252,8.67e-06,3.90965843,13.69252336
14620,0.19194751,0.16264732,8.67e-06,7.33753538,13.69719626
14625,0.20484314,0.18270109,8.67e-06,2.87748599,13.70186916
14630,0.26962094,0.17215123,8.67e-06,8.98990917,13.70654206
14635,0.20994568,0.17884907,8.67e-06,5.45451355,13.71121495
14640,0.29084539,0.20253937,8.67e-06,2.15755367,13.71588785
14645,0.18787979,0.15126242,8.67e-06,3.04511142,13.72056075
14650,0.16077906,0.15200541,8.67e-06,1.61770117,13.72523364
14655,0.34748993,0.16260878,8.67e-06,3.90840626,13.72990654
14660,0.23551385,0.1744316,8.67e-06,3.44814682,13.73457944
14665,0.23482833,0.17047697,8.67e-06,2.97821069,13.73925234
14670,0.23580136,0.17126224,8.66e-06,1.40290737,13.74392523
14675,0.19447658,0.16713857,8.66e-06,1.32981277,13.74859813
14680,0.28658068,0.19013722,8.66e-06,3.64463305,13.75327103
14685,0.23244147,0.15152149,8.66e-06,20.74615288,13.75794393
14690,0.21988316,0.16404639,8.66e-06,6.04448891,13.76261682
14695,0.2035975,0.1620934,8.66e-06,1.03962815,13.76728972
14700,0.21124792,0.17042007,8.66e-06,1.25755596,13.77196262
14705,0.2922195,0.19694988,8.66e-06,1.41539216,13.77663551
14710,0.24174166,0.17922591,8.66e-06,1.72045565,13.78130841
14715,0.27081475,0.18297985,8.66e-06,8.7046051,13.78598131
14720,0.22853708,0.17995255,8.66e-06,3.2549839,13.79065421
14725,0.18286054,0.16555271,8.65e-06,1.10444057,13.7953271
14730,0.25515676,0.17441168,8.65e-06,1.51621473,13.8
14735,0.30452847,0.19166996,8.65e-06,6.77816772,13.8046729
14740,0.3156924,0.16190462,8.65e-06,27.76099968,13.80934579
14745,0.21071186,0.18016335,8.65e-06,1.03819072,13.81401869
14750,0.27489488,0.19316551,8.65e-06,4.87074137,13.81869159
14755,0.20466526,0.19161919,8.65e-06,1.85016799,13.82336449
14760,0.21639705,0.16944911,8.65e-06,5.29285669,13.82803738
14765,0.26365311,0.16442253,8.65e-06,16.88503456,13.83271028
14770,0.19343786,0.14654822,8.65e-06,1.31903505,13.83738318
14775,0.19493009,0.15671196,8.65e-06,6.35994768,13.84205607
14780,0.18309619,0.15561472,8.64e-06,6.80674601,13.84672897
14785,0.22046041,0.15541298,8.64e-06,3.32171559,13.85140187
14790,0.24242451,0.1502157,8.64e-06,6.79917383,13.85607477
14795,0.19426141,0.14741234,8.64e-06,5.40561152,13.86074766
14800,0.20961628,0.15726535,8.64e-06,5.74100304,13.86542056
14805,0.34861574,0.17767313,8.64e-06,9.22222233,13.87009346
14810,0.23613453,0.16725065,8.64e-06,4.90131903,13.87476636
14815,0.2181963,0.16480603,8.64e-06,2.64340901,13.87943925
14820,0.34055812,0.20432218,8.64e-06,20.83309937,13.88411215
14825,0.26899223,0.1587326,8.64e-06,6.06189966,13.88878505
14830,0.25472143,0.17711633,8.64e-06,4.63606691,13.89345794
14835,0.27353058,0.17527721,8.63e-06,5.39524031,13.89813084
14840,0.33904693,0.17587751,8.63e-06,13.36166,13.90280374
14845,0.26015563,0.16689475,8.63e-06,2.76300097,13.90747664
14850,0.23059616,0.18307997,8.63e-06,4.8228426,13.91214953
14855,0.20429893,0.18016552,8.63e-06,2.7379365,13.91682243
14860,0.34692578,0.18370795,8.63e-06,10.720397,13.92149533
14865,0.23919222,0.17683104,8.63e-06,3.70041704,13.92616822
14870,0.23156409,0.15717128,8.63e-06,2.77350187,13.93084112
14875,0.23827674,0.17496798,8.63e-06,4.55576563,13.93551402
14880,0.22318926,0.16601272,8.63e-06,6.29433537,13.94018692
14885,0.28730845,0.1805785,8.63e-06,13.00272274,13.94485981
14890,0.25898254,0.19056465,8.62e-06,1.95651996,13.94953271
14895,0.25200739,0.1647653,8.62e-06,1.57602823,13.95420561
14900,0.23630219,0.16750102,8.62e-06,1.31198418,13.9588785
14905,0.2124893,0.18558777,8.62e-06,7.26959085,13.9635514
14910,0.33096464,0.16641753,8.62e-06,3.1311636,13.9682243
14915,0.33971019,0.13883794,8.62e-06,5.67596865,13.9728972
14920,0.20367765,0.1611255,8.62e-06,2.896456,13.97757009
14925,0.24281139,0.18007733,8.62e-06,1.41644955,13.98224299
14930,0.28225913,0.18009888,8.62e-06,13.80952454,13.98691589
14935,0.25919168,0.16464709,8.62e-06,0.97653794,13.99158879
14940,0.22146437,0.16283303,8.62e-06,1.23167312,13.99626168
14945,0.18541296,0.14492971,8.61e-06,1.29348207,14.00093611
14950,0.18920813,0.15284157,8.61e-06,6.64093542,14.00561666
14955,0.25949597,0.16085789,8.61e-06,13.31912613,14.01029722
14960,0.21792047,0.15821053,8.61e-06,1.34028447,14.01497777
14965,0.20535064,0.16985182,8.61e-06,2.77747035,14.01965832
14970,0.22570014,0.15483668,8.61e-06,5.21652412,14.02433887
14975,0.25416193,0.14744464,8.61e-06,15.59704113,14.02901942
14980,0.21153932,0.15329727,8.61e-06,6.00310373,14.03369998
14985,0.1987761,0.17193231,8.61e-06,5.16246128,14.03838053
14990,0.22575212,0.15531255,8.61e-06,1.11593008,14.04306108
14995,0.15089594,0.14371498,8.61e-06,3.42450905,14.04774163
15000,0.23968444,0.17617142,8.6e-06,3.72505617,14.05242219
15005,0.23033834,0.17351195,8.6e-06,3.83190656,14.05710274
15010,0.26732488,0.1983065,8.6e-06,3.41230893,14.06178329
15015,0.23960328,0.17372032,8.6e-06,1.17731476,14.06646384
15020,0.26728873,0.17693224,8.6e-06,2.89085174,14.0711444
15025,0.26226258,0.16700669,8.6e-06,7.99862623,14.07582495
15030,0.20039818,0.17574491,8.6e-06,4.14844799,14.0805055
15035,0.24851375,0.14961963,8.6e-06,1.20856857,14.08518605
15040,0.15686728,0.13924273,8.6e-06,8.84919548,14.0898666
15045,0.20253112,0.15507332,8.6e-06,1.94260824,14.09454716
15050,0.25921683,0.16143495,8.6e-06,32.36363602,14.09922771
15055,0.24374504,0.17731256,8.59e-06,3.45306444,14.10390826
15060,0.27147584,0.17206558,8.59e-06,4.5290184,14.10858881
15065,0.28313968,0.16739565,8.59e-06,1.25135994,14.11326937
15070,0.28701982,0.17299627,8.59e-06,22.16334343,14.11794992
15075,0.22183497,0.15478471,8.59e-06,3.47373104,14.12263047
15080,0.25093472,0.16480427,8.59e-06,6.21502113,14.12731102
15085,0.25655692,0.15427856,8.59e-06,8.0929594,14.13199158
15090,0.2246937,0.15947789,8.59e-06,2.73244095,14.13667213
15095,0.22982111,0.15607647,8.59e-06,2.10308623,14.14135268
15100,0.27567892,0.15966422,8.59e-06,5.53012037,14.14603323
15105,0.30356197,0.16050467,8.59e-06,12.15950966,14.15071378
15110,0.24928174,0.16329313,8.58e-06,6.81947947,14.15539434
15115,0.16973734,0.1315239,8.58e-06,1.65339899,14.16007489
15120,0.22608705,0.16188341,8.58e-06,3.47282767,14.16475544
15125,0.24760787,0.17571213,8.58e-06,7.4418478,14.16943599
15130,0.21896453,0.17009031,8.58e-06,4.2409029,14.17411655
15135,0.28045948,0.16046817,8.58e-06,5.29042149,14.1787971
15140,0.21482325,0.16430741,8.58e-06,3.33622527,14.18347765
15145,0.18560908,0.14502323,8.58e-06,0.97065818,14.1881582
15150,0.27643423,0.16608725,8.58e-06,8.4918642,14.19283875
15155,0.29099822,0.17442146,8.58e-06,7.38786364,14.19751931
15160,0.32577109,0.15622371,8.58e-06,61.04064178,14.20219986
15165,0.18077064,0.16709603,8.57e-06,3.17606091,14.20688041
15170,0.26043675,0.16274158,8.57e-06,7.96442986,14.21156096
15175,0.22339272,0.16273961,8.57e-06,19.87801552,14.21624152
15180,0.23380561,0.16316599,8.57e-06,3.68828607,14.22092207
15185,0.22792859,0.1655081,8.57e-06,5.22038651,14.22560262
15190,0.18905663,0.15995777,8.57e-06,3.27877736,14.23028317
15195,0.22045693,0.1619361,8.57e-06,4.44230127,14.23496373
15200,0.26468971,0.16669712,8.57e-06,6.68950796,14.23964428
15205,0.21637974,0.16841208,8.57e-06,2.33528614,14.24432483
15210,0.25383086,0.16034121,8.57e-06,1.70606935,14.24900538
15215,0.22279525,0.18377204,8.57e-06,4.60205126,14.25368593
15220,0.29923882,0.16996357,8.56e-06,10.4242382,14.25836649
15225,0.20028539,0.16321491,8.56e-06,1.51920021,14.26304704
15230,0.20078576,0.16768038,8.56e-06,2.87639523,14.26772759
15235,0.25411363,0.17386535,8.56e-06,5.02654457,14.27240814
15240,0.23916404,0.14896269,8.56e-06,6.0907526,14.2770887
15245,0.28075423,0.17196145,8.56e-06,3.96417165,14.28176925
15250,0.18845057,0.14628403,8.56e-06,2.9989841,14.2864498
15255,0.32884884,0.14892729,8.56e-06,1.44444191,14.29113035
15260,0.27636485,0.17139516,8.56e-06,5.24448776,14.29581091
15265,0.22012594,0.1604988,8.56e-06,3.39095807,14.30049146
15270,0.23519273,0.15579128,8.56e-06,1.990955,14.30517201
15275,0.3048434,0.17593105,8.55e-06,3.64423108,14.30985256
15280,0.28839874,0.17425227,8.55e-06,12.09954834,14.31453311
15285,0.18657198,0.15565906,8.55e-06,3.68099642,14.31921367
15290,0.21887445,0.1716776,8.55e-06,2.15010738,14.32389422
15295,0.22927263,0.16312253,8.55e-06,5.33070374,14.32857477
15300,0.22040005,0.14247967,8.55e-06,1.15408731,14.33325532
15305,0.27706499,0.19003889,8.55e-06,6.25780964,14.33793588
15310,0.24154067,0.1884237,8.55e-06,4.96470642,14.34261643
15315,0.20292115,0.16728623,8.55e-06,5.4082551,14.34729698
15320,0.28565168,0.16809877,8.55e-06,7.51143694,14.35197753
15325,0.30361984,0.15961381,8.54e-06,13.76971531,14.35665809
15330,0.21667581,0.17554207,8.54e-06,12.96512222,14.36133864
15335,0.23800621,0.17404295,8.54e-06,2.75658774,14.36601919
15340,0.24356697,0.16978077,8.54e-06,5.2341094,14.37069974
15345,0.28163021,0.1883737,8.54e-06,6.20384884,14.37538029
15350,0.18993011,0.15048611,8.54e-06,5.0524168,14.38006085
15355,0.20435147,0.17298933,8.54e-06,1.1312952,14.3847414
15360,0.19412141,0.15947083,8.54e-06,1.29142249,14.38942195
15365,0.2134654,0.17275892,8.54e-06,5.39064693,14.3941025
15370,0.17818017,0.14736075,8.54e-06,1.44696188,14.39878306
15375,0.2158741,0.18120248,8.54e-06,1.22847927,14.40346361
15380,0.25353308,0.15129127,8.53e-06,17.8584404,14.40814416
15385,0.27359548,0.16764577,8.53e-06,10.81711388,14.41282471
15390,0.25386264,0.16015336,8.53e-06,7.53434706,14.41750527
15395,0.24087663,0.16815989,8.53e-06,4.57493496,14.42218582
15400,0.30492203,0.18293418,8.53e-06,12.36780739,14.42686637
15405,0.21464226,0.13065285,8.53e-06,3.76412463,14.43154692
15410,0.28201768,0.17275951,8.53e-06,6.15209961,14.43622747
15415,0.16874471,0.14772296,8.53e-06,1.75852585,14.44090803
15420,0.24667425,0.14601285,8.53e-06,8.84712029,14.44558858
15425,0.2150846,0.16247246,8.53e-06,14.48172188,14.45026913
15430,0.24243455,0.17265942,8.53e-06,3.20719075,14.45494968
15435,0.24120297,0.16823447,8.52e-06,1.46375513,14.45963024
15440,0.19219294,0.16064627,8.52e-06,4.49273872,14.46431079
15445,0.24954867,0.16478498,8.52e-06,5.88870049,14.46899134
15450,0.19431424,0.1592059,8.52e-06,2.01072359,14.47367189
15455,0.22337942,0.17603295,8.52e-06,1.80393422,14.47835245
15460,0.2324537,0.15790278,8.52e-06,1.66526413,14.483033
15465,0.20625205,0.15637568,8.52e-06,2.03059483,14.48771355
15470,0.28912036,0.14987885,8.52e-06,1.26713288,14.4923941
15475,0.25469098,0.15035951,8.52e-06,3.38558054,14.49707465
15480,0.24434164,0.16195442,8.52e-06,5.00281954,14.50175521
15485,0.18438549,0.13405827,8.51e-06,7.60426378,14.50643576
15490,0.20156081,0.17810688,8.51e-06,2.20849133,14.51111631
15495,0.16793952,0.14607127,8.51e-06,1.13825202,14.51579686
15500,0.28757281,0.15459394,8.51e-06,10.76658535,14.52047742
15505,0.30609388,0.17901953,8.51e-06,6.77740097,14.52515797
15510,0.20438025,0.12989568,8.51e-06,3.44917583,14.52983852
15515,0.38444512,0.18078179,8.51e-06,4.03236961,14.53451907
15520,0.20048981,0.1464766,8.51e-06,2.95984006,14.53919963
15525,0.20741801,0.14836981,8.51e-06,1.02588844,14.54388018
15530,0.25799065,0.17175716,8.51e-06,7.54308462,14.54856073
15535,0.21599696,0.14082039,8.51e-06,1.3929075,14.55324128
15540,0.26057019,0.18379676,8.5e-06,6.13465452,14.55792183
15545,0.23713622,0.143138,8.5e-06,14.45974255,14.56260239
15550,0.28472824,0.15549386,8.5e-06,9.8686409,14.56728294
15555,0.21612875,0.14539729,8.5e-06,1.54345536,14.57196349
15560,0.19918725,0.16463751,8.5e-06,1.77839053,14.57664404
15565,0.20511007,0.1535231,8.5e-06,1.24682117,14.5813246
15570,0.26102538,0.1554827,8.5e-06,7.07586145,14.58600515
15575,0.23740745,0.16781862,8.5e-06,0.88974196,14.5906857
15580,0.26587496,0.1560771,8.5e-06,32.16574097,14.59536625
15585,0.20516355,0.14974867,8.5e-06,11.941926,14.60004681
15590,0.19562323,0.15791847,8.5e-06,2.30298543,14.60472736
15595,0.28272576,0.17363325,8.49e-06,6.75085592,14.60940791
15600,0.21074874,0.15076718,8.49e-06,4.72474766,14.61408846
15605,0.24748192,0.14128783,8.49e-06,0.92972088,14.61876901
15610,0.18221066,0.16117453,8.49e-06,4.5947504,14.62344957
15615,0.18468609,0.14872754,8.49e-06,10.62105656,14.62813012
15620,0.20197875,0.14650549,8.49e-06,6.71322918,14.63281067
15625,0.18308847,0.14834661,8.49e-06,5.04746914,14.63749122
15630,0.18821683,0.17173084,8.49e-06,5.63424873,14.64217178
15635,0.25939131,0.16762962,8.49e-06,18.68917274,14.64685233
15640,0.20205829,0.15670073,8.49e-06,1.42983139,14.65153288
15645,0.2513979,0.17288215,8.48e-06,5.9010396,14.65621343
15650,0.26906357,0.17102806,8.48e-06,5.22058916,14.66089399
15655,0.18284191,0.13900026,8.48e-06,15.20077419,14.66557454
15660,0.18209918,0.14668986,8.48e-06,3.13783121,14.67025509
15665,0.23952518,0.14598305,8.48e-06,1.40952551,14.67493564
15670,0.27106442,0.15221825,8.48e-06,3.81377411,14.67961619
15675,0.18453143,0.14869449,8.48e-06,10.98277664,14.68429675
15680,0.17360278,0.15837811,8.48e-06,1.86924517,14.6889773
15685,0.30171177,0.17235863,8.48e-06,6.37606764,14.69365785
15690,0.22674508,0.15127772,8.48e-06,3.07993436,14.6983384
15695,0.1621558,0.14832959,8.48e-06,4.11485338,14.70301896
15700,0.25172291,0.16248999,8.47e-06,8.16299438,14.70769951
15705,0.26470778,0.1618699,8.47e-06,11.12427139,14.71238006
15710,0.29334395,0.17653141,8.47e-06,3.64022565,14.71706061
15715,0.22816079,0.15687723,8.47e-06,6.56367111,14.72174117
15720,0.21251576,0.13750832,8.47e-06,1.11845493,14.72642172
15725,0.23080316,0.13970804,8.47e-06,3.46567202,14.73110227
15730,0.20541677,0.1432958,8.47e-06,5.03936481,14.73578282
15735,0.21498039,0.17501439,8.47e-06,2.13160157,14.74046337
15740,0.2139935,0.17108699,8.47e-06,12.31547165,14.74514393
15745,0.19007275,0.15225337,8.47e-06,1.13039935,14.74982448
15750,0.28027883,0.17267404,8.46e-06,3.26937056,14.75450503
15755,0.16534504,0.14520023,8.46e-06,8.82593441,14.75918558
15760,0.2433022,0.18933132,8.46e-06,4.24260759,14.76386614
15765,0.24549627,0.15058494,8.46e-06,5.53155184,14.76854669
15770,0.27698417,0.1606206,8.46e-06,2.83713245,14.77322724
15775,0.19091933,0.14319513,8.46e-06,5.38856506,14.77790779
15780,0.26158268,0.16506439,8.46e-06,7.01157236,14.78258835
15785,0.25286822,0.17479836,8.46e-06,3.25568104,14.7872689
15790,0.31157913,0.16848715,8.46e-06,9.98925304,14.79194945
15795,0.23127718,0.14836708,8.46e-06,13.57030487,14.79663
15800,0.24279976,0.16627801,8.46e-06,14.43516254,14.80131055
15805,0.25276251,0.13265987,8.45e-06,2.05632782,14.80599111
15810,0.20006967,0.14241459,8.45e-06,5.97563553,14.81067166
15815,0.21655374,0.13800311,8.45e-06,15.54915142,14.81535221
15820,0.24105201,0.17569329,8.45e-06,3.57428694,14.82003276
15825,0.26402059,0.14775007,8.45e-06,25.73201561,14.82471332
15830,0.27638617,0.17558098,8.45e-06,3.99364209,14.82939387
15835,0.2332571,0.18960541,8.45e-06,2.39107227,14.83407442
15840,0.22742038,0.15804984,8.45e-06,8.09427738,14.83875497
15845,0.2879827,0.17938228,8.45e-06,8.29375648,14.84343553
15850,0.2657268,0.14926147,8.45e-06,3.94312358,14.84811608
15855,0.1984951,0.16066993,8.44e-06,1.30451989,14.85279663
15860,0.22842245,0.15777912,8.44e-06,1.18920803,14.85747718
15865,0.24438019,0.15031046,8.44e-06,1.1526264,14.86215773
15870,0.24806454,0.1697938,8.44e-06,7.26830482,14.86683829
15875,0.24532161,0.16204865,8.44e-06,8.9897995,14.87151884
15880,0.19791086,0.13274783,8.44e-06,3.51941538,14.87619939
15885,0.20422559,0.15789224,8.44e-06,1.35875058,14.88087994
15890,0.17701833,0.13695115,8.44e-06,1.99152875,14.8855605
15895,0.24922318,0.12715364,8.44e-06,1.6843183,14.89024105
15900,0.17120497,0.1605866,8.44e-06,1.53579462,14.8949216
15905,0.16660714,0.14331392,8.44e-06,1.26564741,14.89960215
15910,0.24059079,0.15973688,8.43e-06,6.60555744,14.90428271
15915,0.18071874,0.15453356,8.43e-06,1.26893699,14.90896326
15920,0.22192969,0.1493334,8.43e-06,1.1777817,14.91364381
15925,0.24336314,0.15998835,8.43e-06,5.8147316,14.91832436
15930,0.21559639,0.150311,8.43e-06,1.2543453,14.92300491
15935,0.21483786,0.13489075,8.43e-06,1.34732997,14.92768547
15940,0.26907392,0.15814482,8.43e-06,9.4908638,14.93236602
15945,0.29641535,0.16568522,8.43e-06,3.68656635,14.93704657
15950,0.26970522,0.16788309,8.43e-06,1.28622961,14.94172712
15955,0.29721522,0.15974614,8.43e-06,9.92727947,14.94640768
15960,0.16125612,0.136838,8.42e-06,1.51673877,14.95108823
15965,0.35910244,0.21206547,8.42e-06,3.02327824,14.95576878
15970,0.26443274,0.14873045,8.42e-06,2.66163635,14.96044933
15975,0.29230247,0.14239824,8.42e-06,7.84181643,14.96512989
15980,0.20141168,0.16372968,8.42e-06,1.80977917,14.96981044
15985,0.30907917,0.13584968,8.42e-06,10.30124378,14.97449099
15990,0.1851916,0.14303896,8.42e-06,1.7002424,14.97917154
15995,0.19917378,0.15331196,8.42e-06,5.39898014,14.98385209
16000,0.23340733,0.13198521,8.42e-06,1.44491577,14.98853265
16005,0.24936314,0.13978493,8.42e-06,10.78716278,14.9932132
16010,0.27888811,0.14907942,8.42e-06,7.33518076,14.99789375
16015,0.32762923,0.15342581,8.41e-06,1.3906399,15.00187047
16020,0.29930677,0.15060453,8.41e-06,16.89824486,15.00654664
16025,0.18533623,0.16094262,8.41e-06,1.22875559,15.01122282
16030,0.18270901,0.13196952,8.41e-06,11.54137611,15.01589899
16035,0.28333097,0.14961774,8.41e-06,10.59194946,15.02057517
16040,0.2162468,0.14859171,8.41e-06,1.02723861,15.02525134
16045,0.26043358,0.1739711,8.41e-06,6.86886072,15.02992752
16050,0.24758205,0.14072279,8.41e-06,1.94093418,15.03460369
16055,0.1670603,0.13956583,8.41e-06,1.28851068,15.03927987
16060,0.20006385,0.15103499,8.41e-06,1.36916733,15.04395604
16065,0.23943987,0.14851382,8.4e-06,7.12542248,15.04863222
16070,0.21523058,0.16507763,8.4e-06,1.89387691,15.05330839
16075,0.198158,0.15622097,8.4e-06,4.15337133,15.05798457
16080,0.27229517,0.1355879,8.4e-06,21.66871071,15.06266074
16085,0.22543471,0.15689343,8.4e-06,1.15987539,15.06733692
16090,0.23102946,0.16503829,8.4e-06,10.29282379,15.07201309
16095,0.18978846,0.14381,8.4e-06,2.11704612,15.07668927
16100,0.1837878,0.14487852,8.4e-06,1.83310962,15.08136544
16105,0.18995538,0.15889106,8.4e-06,1.07513523,15.08604162
16110,0.14149125,0.12832427,8.4e-06,1.47960997,15.09071779
16115,0.28149095,0.16464354,8.39e-06,6.14515877,15.09539397
16120,0.21994257,0.15013008,8.39e-06,5.8889389,15.10007014
16125,0.23377829,0.14855154,8.39e-06,4.29193878,15.10474632
16130,0.25713124,0.16801846,8.39e-06,2.40521288,15.10942249
16135,0.23987312,0.14545807,8.39e-06,2.82748556,15.11409867
16140,0.2152796,0.14877388,8.39e-06,2.36268497,15.11877484
16145,0.21944435,0.16227124,8.39e-06,1.79327857,15.12345102
16150,0.25537629,0.17453875,8.39e-06,3.22332788,15.12812719
16155,0.22371507,0.15144998,8.39e-06,7.51000738,15.13280337
16160,0.23206501,0.15552779,8.39e-06,1.16344917,15.13747954
16165,0.17182324,0.16242491,8.39e-06,1.39130914,15.14215572
16170,0.35276103,0.14738995,8.38e-06,3.99649358,15.14683189
16175,0.22915406,0.15017383,8.38e-06,1.45316899,15.15150807
16180,0.23304987,0.1475384,8.38e-06,8.27425003,15.15618424
16185,0.27942631,0.16419864,8.38e-06,5.98448324,15.16086042
16190,0.19502789,0.15576066,8.38e-06,4.16742373,15.16553659
16195,0.19803884,0.14273662,8.38e-06,1.17061174,15.17021277
16200,0.22446525,0.13958158,8.38e-06,3.69349504,15.17488894
16205,0.20096858,0.1597987,8.38e-06,1.01215911,15.17956512
16210,0.32336597,0.17382619,8.38e-06,10.59924793,15.18424129
16215,0.27871361,0.17343218,8.38e-06,8.38604736,15.18891747
16220,0.2295929,0.16119398,8.37e-06,4.68493795,15.19359364
16225,0.2348598,0.15733044,8.37e-06,6.78084087,15.19826982
16230,0.16549078,0.13844117,8.37e-06,5.86924601,15.20294599
16235,0.28263173,0.16017922,8.37e-06,6.03276396,15.20762217
16240,0.23949051,0.15722492,8.37e-06,2.29740262,15.21229834
16245,0.28155942,0.16607123,8.37e-06,4.48903513,15.21697451
16250,0.23269656,0.17984592,8.37e-06,8.28622437,15.22165069
16255,0.23919632,0.16023376,8.37e-06,5.24782562,15.22632686
16260,0.23307207,0.14823222,8.37e-06,3.94627547,15.23100304
16265,0.21957915,0.18410308,8.37e-06,1.50802898,15.23567921
16270,0.17686583,0.12814381,8.36e-06,1.20147419,15.24035539
16275,0.20541739,0.15239719,8.36e-06,4.02481365,15.24503156
16280,0.23381827,0.15423642,8.36e-06,1.1052705,15.24970774
16285,0.30827994,0.17200061,8.36e-06,9.35166931,15.25438391
16290,0.2228056,0.14287502,8.36e-06,1.33568108,15.25906009
16295,0.22326427,0.15171668,8.36e-06,11.31802845,15.26373626
16300,0.22731438,0.1735317,8.36e-06,3.11498857,15.26841244
16305,0.24086866,0.15987537,8.36e-06,1.63977015,15.27308861
16310,0.22410216,0.15534146,8.36e-06,14.51915741,15.27776479
16315,0.16968107,0.14735306,8.36e-06,1.38626337,15.28244096
16320,0.20146606,0.14987553,8.35e-06,2.48376632,15.28711714
16325,0.19355543,0.14609366,8.35e-06,3.53090286,15.29179331
16330,0.19678993,0.14758669,8.35e-06,2.54387474,15.29646949
16335,0.17033923,0.14510941,8.35e-06,7.83038282,15.30114566
16340,0.15256708,0.14445815,8.35e-06,1.52928054,15.30582184
16345,0.26712713,0.15127001,8.35e-06,4.86044836,15.31049801
16350,0.2329422,0.15881332,8.35e-06,8.77410126,15.31517419
16355,0.20686197,0.15569228,8.35e-06,2.49788499,15.31985036
16360,0.25704849,0.1557768,8.35e-06,5.02917671,15.32452654
16365,0.16956918,0.15636446,8.35e-06,1.56595337,15.32920271
16370,0.19577197,0.14666502,8.34e-06,5.22859097,15.33387889
16375,0.21700289,0.13598723,8.34e-06,1.45248902,15.33855506
16380,0.30533109,0.16569678,8.34e-06,7.20042658,15.34323124
16385,0.28992338,0.15134923,8.34e-06,12.35655594,15.34790741
16390,0.217377,0.14998412,8.34e-06,5.89271545,15.35258359
16395,0.17075574,0.13380986,8.34e-06,11.54338741,15.35725976
16400,0.23966599,0.15716655,8.34e-06,2.4883039,15.36193594
16405,0.20208197,0.14187937,8.34e-06,18.93299866,15.36661211
16410,0.22891626,0.16333293,8.34e-06,2.11285257,15.37128829
16415,0.28822129,0.17883094,8.34e-06,4.83621264,15.37596446
16420,0.19821193,0.15864131,8.34e-06,4.6440649,15.38064064
16425,0.21376688,0.16997119,8.33e-06,9.11497593,15.38531681
16430,0.28040032,0.14952842,8.33e-06,1.78553641,15.38999299
16435,0.19007453,0.17816844,8.33e-06,2.86585498,15.39466916
16440,0.28232074,0.16265183,8.33e-06,8.21911716,15.39934534
16445,0.26464391,0.159541,8.33e-06,2.50984335,15.40402151
16450,0.27952318,0.14143753,8.33e-06,18.89594269,15.40869769
16455,0.24966373,0.17454901,8.33e-06,4.13142157,15.41337386
16460,0.28575408,0.17891834,8.33e-06,3.21757126,15.41805004
16465,0.22102537,0.14505152,8.33e-06,2.15859151,15.42272621
16470,0.18244934,0.14210539,8.33e-06,1.41549587,15.42740238
16475,0.20819921,0.13007155,8.32e-06,2.9178853,15.43207856
16480,0.2315731,0.14793251,8.32e-06,6.17906666,15.43675473
16485,0.23802159,0.14362036,8.32e-06,5.85687208,15.44143091
16490,0.22853351,0.15253309,8.32e-06,4.22666693,15.44610708
16495,0.2481837,0.1523318,8.32e-06,11.35866928,15.45078326
16500,0.18244812,0.15228576,8.32e-06,1.73760653,15.45545943
16505,0.22714839,0.14078545,8.32e-06,11.14157486,15.46013561
16510,0.20401793,0.15984491,8.32e-06,1.29066563,15.46481178
16515,0.25469544,0.14680369,8.32e-06,5.47690725,15.46948796
16520,0.25731163,0.16233769,8.32e-06,4.01753569,15.47416413
16525,0.26408544,0.15758332,8.31e-06,2.14351177,15.47884031
16530,0.21899011,0.17736311,8.31e-06,2.46751952,15.48351648
16535,0.27354612,0.14250793,8.31e-06,4.6165905,15.48819266
16540,0.21147909,0.15097797,8.31e-06,8.10313702,15.49286883
16545,0.26308618,0.17789894,8.31e-06,3.21161747,15.49754501
16550,0.1953518,0.14783465,8.31e-06,1.82833159,15.50222118
16555,0.25253792,0.14659701,8.31e-06,47.19438934,15.50689736
16560,0.26813788,0.15358321,8.31e-06,8.85454559,15.51157353
16565,0.21528168,0.17286798,8.31e-06,4.51514578,15.51624971
16570,0.16071739,0.12333031,8.31e-06,1.07430816,15.52092588
16575,0.21915784,0.15845568,8.3e-06,4.28140259,15.52560206
16580,0.34129391,0.1480813,8.3e-06,6.59939623,15.53027823
16585,0.23750122,0.15926688,8.3e-06,1.9327929,15.53495441
16590,0.23417578,0.15332686,8.3e-06,5.76993275,15.53963058
16595,0.2458375,0.1500049,8.3e-06,10.26527882,15.54430676
16600,0.2578109,0.15159484,8.3e-06,1.49788034,15.54898293
16605,0.23811216,0.15417124,8.3e-06,2.39586663,15.55365911
16610,0.19718621,0.15068736,8.3e-06,2.76362801,15.55833528
16615,0.18000448,0.16125445,8.3e-06,1.49491143,15.56301146
16620,0.19671701,0.15764995,8.3e-06,4.7854414,15.56768763
16625,0.21651878,0.16072597,8.29e-06,3.17329383,15.57236381
16630,0.18271874,0.1339185,8.29e-06,2.06767178,15.57703998
16635,0.26309903,0.15891344,8.29e-06,8.75521564,15.58171616
16640,0.27428319,0.15552439,8.29e-06,1.2538079,15.58639233
16645,0.29163599,0.1633389,8.29e-06,20.44500923,15.59106851
16650,0.25143709,0.14318559,8.29e-06,10.03587723,15.59574468
16655,0.26361551,0.1782438,8.29e-06,4.0907836,15.60042086
16660,0.19544606,0.15661737,8.29e-06,24.66306686,15.60509703
16665,0.25623488,0.14510552,8.29e-06,5.97973251,15.60977321
16670,0.24747548,0.163072,8.29e-06,15.60840607,15.61444938
16675,0.18682379,0.14211542,8.28e-06,5.27823114,15.61912556
16680,0.30213857,0.16474744,8.28e-06,7.70584869,15.62380173
16685,0.24194124,0.13488661,8.28e-06,10.26089478,15.62847791
16690,0.28471665,0.13942918,8.28e-06,7.11286736,15.63315408
16695,0.25883684,0.18492246,8.28e-06,1.28552878,15.63783025
16700,0.21548805,0.1771457,8.28e-06,1.88882411,15.64250643
16705,0.24420838,0.1585043,8.28e-06,8.02323151,15.6471826
16710,0.25395012,0.16047117,8.28e-06,3.99484324,15.65185878
16715,0.18888896,0.16671082,8.28e-06,3.12951803,15.65653495
16720,0.21949058,0.15301993,8.28e-06,6.50898981,15.66121113
16725,0.21872826,0.17173676,8.27e-06,1.13715553,15.6658873
16730,0.24781947,0.13343755,8.27e-06,0.99074507,15.67056348
16735,0.2477838,0.14528054,8.27e-06,0.97166401,15.67523965
16740,0.21555755,0.14391479,8.27e-06,1.85388029,15.67991583
16745,0.24333961,0.14453901,8.27e-06,10.33592701,15.684592
16750,0.2521873,0.14087682,8.27e-06,5.92246103,15.68926818
16755,0.22250681,0.14685931,8.27e-06,2.86499453,15.69394435
16760,0.24480357,0.16784739,8.27e-06,2.40381885,15.69862053
16765,0.27163818,0.14305444,8.27e-06,5.49479342,15.7032967
16770,0.21792259,0.14456468,8.27e-06,2.36516643,15.70797288
16775,0.25438135,0.18709635,8.26e-06,15.3314085,15.71264905
16780,0.20053046,0.14258094,8.26e-06,1.48426294,15.71732523
16785,0.2160805,0.16538684,8.26e-06,2.46735001,15.7220014
16790,0.29584601,0.16834598,8.26e-06,15.64426708,15.72667758
16795,0.17154489,0.15559587,8.26e-06,2.42049193,15.73135375
16800,0.19466418,0.16061658,8.26e-06,3.4518466,15.73602993
16805,0.19561484,0.14691101,8.26e-06,1.80106986,15.7407061
16810,0.21085701,0.14664307,8.26e-06,1.60559535,15.74538228
16815,0.28158422,0.14483338,8.26e-06,5.44582653,15.75005845
16820,0.15037413,0.14056157,8.26e-06,1.26222754,15.75473463
16825,0.19708977,0.16855781,8.25e-06,1.29824579,15.7594108
16830,0.26843863,0.14803379,8.25e-06,7.30378819,15.76408698
16835,0.22832112,0.15407761,8.25e-06,3.46112347,15.76876315
16840,0.23804066,0.16845367,8.25e-06,2.1442163,15.77343933
16845,0.30016274,0.16631889,8.25e-06,22.54013062,15.7781155
16850,0.157029,0.14191704,8.25e-06,2.38294029,15.78279168
16855,0.22886562,0.13412328,8.25e-06,7.85531044,15.78746785
16860,0.23517466,0.15407846,8.25e-06,2.82012987,15.79214403
16865,0.17919061,0.14880591,8.25e-06,6.46505213,15.7968202
16870,0.26816986,0.14804097,8.25e-06,14.72351742,15.80149638
16875,0.18985879,0.15519059,8.24e-06,1.64940226,15.80617255
16880,0.26229901,0.14965381,8.24e-06,4.70404053,15.81084873
16885,0.22342951,0.17186701,8.24e-06,1.35189438,15.8155249
16890,0.2438622,0.15952725,8.24e-06,1.38488734,15.82020108
16895,0.25370095,0.13648031,8.24e-06,1.43645251,15.82487725
16900,0.20033154,0.14044325,8.24e-06,2.22934294,15.82955343
16905,0.21386459,0.14939241,8.24e-06,10.85235405,15.8342296
16910,0.21305985,0.16381327,8.24e-06,5.90092897,15.83890578
16915,0.20801623,0.16150242,8.24e-06,10.21186733,15.84358195
16920,0.16769907,0.14409274,8.24e-06,1.2463305,15.84825812
16925,0.27208755,0.15098884,8.23e-06,11.69441509,15.8529343
16930,0.23704476,0.14740498,8.23e-06,4.38141966,15.85761047
16935,0.23217437,0.15882809,8.23e-06,1.47402573,15.86228665
16940,0.20211182,0.13506985,8.23e-06,2.80368447,15.86696282
16945,0.33598776,0.16289984,8.23e-06,9.93362713,15.871639
16950,0.25148606,0.14261813,8.23e-06,9.92556953,15.87631517
16955,0.27170777,0.13266383,8.23e-06,13.81353664,15.88099135
16960,0.17526221,0.16157093,8.23e-06,1.37991118,15.88566752
16965,0.22065473,0.1573127,8.23e-06,10.3130188,15.8903437
16970,0.17762085,0.14816158,8.23e-06,5.92681122,15.89501987
16975,0.20339053,0.15187043,8.22e-06,8.51809025,15.89969605
16980,0.25047014,0.15430606,8.22e-06,6.12273455,15.90437222
16985,0.25088363,0.16143094,8.22e-06,9.03489113,15.9090484
16990,0.22267907,0.15570331,8.22e-06,3.47555447,15.91372457
16995,0.19160919,0.14059557,8.22e-06,2.71882081,15.91840075
17000,0.23385634,0.12548635,8.22e-06,4.1786499,15.92307692
17005,0.25180013,0.16336499,8.22e-06,2.75162935,15.9277531
17010,0.22649877,0.12454244,8.22e-06,2.96250105,15.93242927
17015,0.1788101,0.13744067,8.22e-06,1.33959973,15.93710545
17020,0.2554765,0.14433465,8.22e-06,5.73415232,15.94178162
17025,0.16560017,0.14518629,8.21e-06,1.25086701,15.9464578
17030,0.16913006,0.15118265,8.21e-06,1.25965977,15.95113397
17035,0.26522465,0.16694031,8.21e-06,3.57665467,15.95581015
17040,0.21728823,0.13891489,8.21e-06,1.33415735,15.96048632
17045,0.21228526,0.13915142,8.21e-06,3.32528329,15.9651625
17050,0.24032373,0.13984055,8.21e-06,2.72806931,15.96983867
17055,0.20016801,0.15422503,8.21e-06,3.86980295,15.97451485
17060,0.30062923,0.15752602,8.21e-06,5.63728333,15.97919102
17065,0.19079014,0.13617527,8.21e-06,2.56442285,15.9838672
17070,0.16471071,0.1409977,8.21e-06,1.16976357,15.98854337
17075,0.27886577,0.14858694,8.2e-06,7.86753321,15.99321955
17080,0.27065086,0.14241683,8.2e-06,8.15421486,15.99789572
17085,0.16507649,0.14593816,8.2e-06,2.10257506,16.00187529
17090,0.2156863,0.14086789,8.2e-06,4.9191885,16.00656353
17095,0.16807032,0.15838509,8.2e-06,1.1364435,16.01125176
17100,0.23478498,0.15289067,8.2e-06,2.69599175,16.01593999
17105,0.20267069,0.15458434,8.2e-06,3.27074075,16.02062822
17110,0.32123923,0.15878155,8.2e-06,9.45188618,16.02531646
17115,0.29252787,0.16059909,8.2e-06,5.08985472,16.03000469
17120,0.17797194,0.14876089,8.2e-06,1.38718402,16.03469292
17125,0.22135532,0.15291741,8.19e-06,5.97652721,16.03938115
17130,0.17156959,0.13519793,8.19e-06,1.57572591,16.04406939
17135,0.194086,0.14611329,8.19e-06,1.53464556,16.04875762
17140,0.24212122,0.16115962,8.19e-06,1.25326669,16.05344585
17145,0.2492599,0.1539357,8.19e-06,7.55660677,16.05813408
17150,0.29282451,0.15113647,8.19e-06,6.87601423,16.06282232
17155,0.15880651,0.14767941,8.19e-06,1.99477553,16.06751055
17160,0.22947695,0.15157416,8.19e-06,5.54200983,16.07219878
17165,0.16144607,0.13245303,8.19e-06,10.35807323,16.07688701
17170,0.26339152,0.15745998,8.19e-06,13.12921238,16.08157525
17175,0.19988623,0.16471283,8.18e-06,2.83549571,16.08626348
17180,0.24540091,0.15193837,8.18e-06,23.24776649,16.09095171
17185,0.19902271,0.16090546,8.18e-06,5.48670387,16.09563994
17190,0.25206363,0.16569796,8.18e-06,1.43289721,16.10032818
17195,0.27183042,0.16681744,8.18e-06,9.76725864,16.10501641
17200,0.20793209,0.14080302,8.18e-06,1.15698946,16.10970464
17205,0.20861707,0.14277684,8.18e-06,1.51182747,16.11439287
17210,0.19011372,0.13825255,8.18e-06,1.50801122,16.11908111
17215,0.26179681,0.15509561,8.18e-06,1.95630121,16.12376934
17220,0.20571127,0.14701406,8.17e-06,5.73075485,16.12845757
17225,0.26128542,0.14616136,8.17e-06,3.35118818,16.1331458
17230,0.18966949,0.12997596,8.17e-06,3.7243166,16.13783404
17235,0.26932173,0.16104288,8.17e-06,5.90907049,16.14252227
17240,0.23930984,0.1404715,8.17e-06,9.45930195,16.1472105
17245,0.24731598,0.15386717,8.17e-06,9.17598343,16.15189873
17250,0.20173042,0.15551371,8.17e-06,2.52823019,16.15658697
17255,0.1718758,0.1443944,8.17e-06,11.26699448,16.1612752
17260,0.1635419,0.12772433,8.17e-06,2.89984679,16.16596343
17265,0.26521113,0.13534186,8.17e-06,1.32877779,16.17065166
17270,0.23597147,0.17562788,8.16e-06,1.98729396,16.1753399
17275,0.22500722,0.1431299,8.16e-06,1.07602537,16.18002813
17280,0.25460773,0.15412942,8.16e-06,8.75666046,16.18471636
17285,0.18540145,0.1593373,8.16e-06,3.43924332,16.18940459
17290,0.19362292,0.12295605,8.16e-06,7.2085371,16.19409283
17295,0.17330322,0.11976558,8.16e-06,1.45353842,16.19878106
17300,0.22859049,0.15433546,8.16e-06,1.25752151,16.20346929
17305,0.28861213,0.17239309,8.16e-06,5.36881161,16.20815752
17310,0.32597685,0.15909178,8.16e-06,1.86183,16.21284576
17315,0.27491584,0.15285952,8.16e-06,2.00258613,16.21753399
17320,0.30369363,0.15821771,8.15e-06,4.90168953,16.22222222
17325,0.17352474,0.12630124,8.15e-06,3.75369573,16.22691045
17330,0.24850504,0.15182748,8.15e-06,4.02837181,16.23159869
17335,0.28666401,0.13805559,8.15e-06,3.11549735,16.23628692
17340,0.20075376,0.12884805,8.15e-06,3.80744648,16.24097515
17345,0.19508357,0.14152459,8.15e-06,3.51541781,16.24566338
17350,0.25715156,0.14915192,8.15e-06,1.30285263,16.25035162
17355,0.20921829,0.13317396,8.15e-06,1.80923021,16.25503985
17360,0.34155378,0.16271126,8.15e-06,14.62685108,16.25972808
17365,0.23096676,0.16562359,8.15e-06,3.73245001,16.26441632
17370,0.15276749,0.14329679,8.14e-06,1.10645628,16.26910455
17375,0.30081816,0.15292174,8.14e-06,32.44846725,16.27379278
17380,0.25091705,0.16053828,8.14e-06,5.45724964,16.27848101
17385,0.28185768,0.15983112,8.14e-06,9.13732624,16.28316925
17390,0.20427313,0.13449669,8.14e-06,1.41228127,16.28785748
17395,0.20176821,0.13794408,8.14e-06,5.36447477,16.29254571
17400,0.25066149,0.15503045,8.14e-06,2.58883119,16.29723394
17405,0.1802009,0.13231223,8.14e-06,3.09415221,16.30192218
17410,0.25832586,0.15121586,8.14e-06,5.82281685,16.30661041
17415,0.27163644,0.14592671,8.13e-06,12.35300636,16.31129864
17420,0.20257266,0.1447,8.13e-06,1.21180117,16.31598687
17425,0.25159931,0.14898141,8.13e-06,8.06518459,16.32067511
17430,0.18032879,0.14553615,8.13e-06,4.64750147,16.32536334
17435,0.29592366,0.14760357,8.13e-06,9.27139568,16.33005157
17440,0.21181059,0.12784329,8.13e-06,1.13880861,16.3347398
17445,0.18393917,0.15266507,8.13e-06,2.30298018,16.33942804
17450,0.2947073,0.13349956,8.13e-06,6.20102262,16.34411627
17455,0.21507518,0.17176585,8.13e-06,1.55752087,16.3488045
17460,0.26656384,0.16207449,8.13e-06,2.05584717,16.35349273
17465,0.19312975,0.13191004,8.12e-06,6.41132355,16.35818097
17470,0.28400104,0.17681748,8.12e-06,6.28101301,16.3628692
17475,0.27223537,0.17082723,8.12e-06,9.33412361,16.36755743
17480,0.20983207,0.15499903,8.12e-06,7.75327492,16.37224566
17485,0.24483898,0.12828117,8.12e-06,2.00589991,16.3769339
17490,0.21954291,0.13573958,8.12e-06,1.49323058,16.38162213
17495,0.14711714,0.13763597,8.12e-06,1.86847866,16.38631036
17500,0.15501616,0.12032372,8.12e-06,0.99209678,16.39099859
17505,0.23983531,0.1575986,8.12e-06,8.14296627,16.39568683
17510,0.23333626,0.14982481,8.12e-06,2.31072807,16.40037506
17515,0.15132697,0.12578345,8.11e-06,1.04848623,16.40506329
17520,0.22012115,0.15802769,8.11e-06,3.50629735,16.40975152
17525,0.28135033,0.13422006,8.11e-06,20.71995163,16.41443976
17530,0.17819371,0.13858629,8.11e-06,1.38796103,16.41912799
17535,0.25402842,0.167326,8.11e-06,1.85031056,16.42381622
17540,0.29742174,0.17891345,8.11e-06,24.30859375,16.42850445
17545,0.23608057,0.16513913,8.11e-06,1.76438236,16.43319269
17550,0.26947041,0.18736384,8.11e-06,6.52907944,16.43788092
17555,0.19232723,0.14329254,8.11e-06,3.91744494,16.44256915
17560,0.19372675,0.14873614,8.11e-06,1.71800721,16.44725738
17565,0.18864702,0.12794727,8.1e-06,5.68822289,16.45194562
17570,0.20397117,0.14747906,8.1e-06,4.25035191,16.45663385
17575,0.23977017,0.15879329,8.1e-06,2.60233831,16.46132208
17580,0.22136025,0.1512867,8.1e-06,5.47023296,16.46601031
17585,0.25303121,0.1514266,8.1e-06,5.98095369,16.47069855
17590,0.24914291,0.15609334,8.1e-06,1.43822014,16.47538678
17595,0.31270227,0.18883514,8.1e-06,2.11161613,16.48007501
17600,0.17767441,0.14351028,8.1e-06,3.72603583,16.48476324
17605,0.16559577,0.13386634,8.1e-06,3.51941395,16.48945148
17610,0.23748798,0.17309377,8.09e-06,1.08206904,16.49413971
17615,0.23217793,0.1620936,8.09e-06,1.17478931,16.49882794
17620,0.18173089,0.15116964,8.09e-06,6.0610714,16.50351617
17625,0.21160333,0.12078358,8.09e-06,20.79872322,16.50820441
17630,0.18436915,0.13790763,8.09e-06,1.81162882,16.51289264
17635,0.18481832,0.15893975,8.09e-06,4.09483862,16.51758087
17640,0.25848448,0.13174538,8.09e-06,5.31792831,16.5222691
17645,0.23027649,0.16592216,8.09e-06,1.3083303,16.52695734
17650,0.25665879,0.14920355,8.09e-06,10.76406574,16.53164557
17655,0.24408314,0.16469132,8.09e-06,10.42722321,16.5363338
17660,0.21158433,0.15457228,8.08e-06,3.27385449,16.54102203
17665,0.17542241,0.14014211,8.08e-06,3.61768579,16.54571027
17670,0.197394,0.14019998,8.08e-06,11.00202656,16.5503985
17675,0.23286333,0.14320251,8.08e-06,19.07035637,16.55508673
17680,0.24987457,0.14364539,8.08e-06,3.13203001,16.55977496
17685,0.22290282,0.1468402,8.08e-06,8.73984909,16.5644632
17690,0.25308638,0.17733455,8.08e-06,4.25367212,16.56915143
17695,0.2204453,0.14098121,8.08e-06,8.91698265,16.57383966
17700,0.20643878,0.13165556,8.08e-06,13.88121605,16.57852789
17705,0.23599424,0.14451253,8.07e-06,8.14074135,16.58321613
17710,0.20585532,0.13807001,8.07e-06,3.9056294,16.58790436
17715,0.18944715,0.13924891,8.07e-06,1.15365946,16.59259259
17720,0.21258113,0.14930836,8.07e-06,6.48556471,16.59728083
17725,0.21288102,0.15735719,8.07e-06,5.14183474,16.60196906
17730,0.15751083,0.12058118,8.07e-06,6.89760256,16.60665729
17735,0.18796923,0.13191218,8.07e-06,8.26662254,16.61134552
17740,0.14850415,0.12803584,8.07e-06,2.72148156,16.61603376
17745,0.26245692,0.13168124,8.07e-06,1.05782819,16.62072199
17750,0.20927651,0.16730172,8.07e-06,8.46717262,16.62541022
17755,0.2183722,0.17671907,8.06e-06,2.41882753,16.63009845
17760,0.30802844,0.13240694,8.06e-06,2.19872141,16.63478669
17765,0.1878629,0.12656571,8.06e-06,2.17688823,16.63947492
17770,0.27211714,0.17589788,8.06e-06,3.35154867,16.64416315
17775,0.23422606,0.14514843,8.06e-06,3.5944376,16.64885138
17780,0.22060862,0.13031852,8.06e-06,1.09341371,16.65353962
17785,0.20689645,0.14699605,8.06e-06,7.62247515,16.65822785
17790,0.19235523,0.16265965,8.06e-06,9.85504723,16.66291608
17795,0.30532885,0.15556763,8.06e-06,10.31093693,16.66760431
17800,0.17918643,0.1592548,8.06e-06,4.75285292,16.67229255
17805,0.17954074,0.14455281,8.05e-06,5.76903534,16.67698078
17810,0.23305697,0.16545781,8.05e-06,2.77673244,16.68166901
17815,0.23838322,0.16707626,8.05e-06,7.61580324,16.68635724
17820,0.20265908,0.12072088,8.05e-06,7.09817743,16.69104548
17825,0.23613567,0.13055276,8.05e-06,3.30488396,16.69573371
17830,0.20259337,0.13538999,8.05e-06,1.82147372,16.70042194
17835,0.28164067,0.17817727,8.05e-06,7.2724719,16.70511017
17840,0.28030257,0.14384279,8.05e-06,8.33943462,16.70979841
17845,0.23356166,0.16046896,8.05e-06,5.43470716,16.71448664
17850,0.23008008,0.13544392,8.04e-06,1.00680971,16.71917487
17855,0.2235146,0.15400027,8.04e-06,5.6794405,16.7238631
17860,0.2013514,0.13842141,8.04e-06,2.36711359,16.72855134
17865,0.26012824,0.1391451,8.04e-06,14.68263721,16.73323957
17870,0.265925,0.14019344,8.04e-06,5.19009542,16.7379278
17875,0.18923398,0.13318007,8.04e-06,1.88917446,16.74261603
17880,0.20358341,0.16654095,8.04e-06,3.1576333,16.74730427
17885,0.14899158,0.12574781,8.04e-06,12.4688797,16.7519925
17890,0.24267802,0.17437045,8.04e-06,6.0261631,16.75668073
17895,0.22380774,0.14200415,8.04e-06,11.51177597,16.76136896
17900,0.2318727,0.17272029,8.03e-06,4.2426877,16.7660572
17905,0.23469605,0.1548608,8.03e-06,13.41159916,16.77074543
17910,0.21593575,0.14960554,8.03e-06,7.92864466,16.77543366
17915,0.16753361,0.1449809,8.03e-06,7.3196187,16.78012189
17920,0.26859951,0.16660314,8.03e-06,6.50837088,16.78481013
17925,0.18345754,0.14672553,8.03e-06,3.96352386,16.78949836
17930,0.25600493,0.15485432,8.03e-06,4.43981409,16.79418659
17935,0.22133331,0.14345105,8.03e-06,8.68342876,16.79887482
17940,0.25739698,0.17972835,8.03e-06,1.70577204,16.80356306
17945,0.20416315,0.14830747,8.02e-06,1.49174964,16.80825129
17950,0.35834839,0.17422698,8.02e-06,6.61061573,16.81293952
17955,0.17656364,0.15013402,8.02e-06,3.4851079,16.81762775
17960,0.20466332,0.15565456,8.02e-06,1.32467544,16.82231599
17965,0.28594062,0.14071057,8.02e-06,22.25176048,16.82700422
17970,0.21266203,0.15509586,8.02e-06,4.06487751,16.83169245
17975,0.21481552,0.1528636,8.02e-06,5.67221642,16.83638068
17980,0.23334222,0.15233397,8.02e-06,4.92639399,16.84106892
17985,0.27070661,0.16272278,8.02e-06,4.34053802,16.84575715
17990,0.22432346,0.15849705,8.02e-06,3.54418015,16.85044538
17995,0.22040603,0.1564828,8.01e-06,1.26432788,16.85513361
18000,0.21600835,0.16231027,8.01e-06,1.09087408,16.85982185
18005,0.27844234,0.14684527,8.01e-06,1.45797098,16.86451008
18010,0.23609834,0.14780314,8.01e-06,2.19395423,16.86919831
18015,0.24162672,0.14009241,8.01e-06,9.67934895,16.87388654
18020,0.29986587,0.19046154,8.01e-06,8.8901577,16.87857478
18025,0.22915454,0.16421665,8.01e-06,1.44479358,16.88326301
18030,0.17652353,0.14564172,8.01e-06,1.13058937,16.88795124
18035,0.21441846,0.13714808,8.01e-06,6.659513,16.89263947
18040,0.27445202,0.15526364,8e-06,7.46976089,16.89732771
18045,0.28415756,0.16541214,8e-06,1.73214865,16.90201594
18050,0.18599745,0.16400733,8e-06,1.0911684,16.90670417
18055,0.19910463,0.15483781,8e-06,1.34147727,16.91139241
18060,0.29909315,0.14983254,8e-06,8.24936962,16.91608064
18065,0.20497181,0.1379241,8e-06,1.53354156,16.92076887
18070,0.15896671,0.13141863,8e-06,6.13990831,16.9254571
18075,0.28711958,0.13019839,8e-06,3.66605759,16.93014534
18080,0.34995577,0.15533215,8e-06,11.50361538,16.93483357
18085,0.21661985,0.13230673,8e-06,7.03682947,16.9395218
18090,0.24932108,0.14130884,7.99e-06,9.70860386,16.94421003
18095,0.20051923,0.13746474,7.99e-06,2.72024345,16.94889827
18100,0.23125346,0.15650292,7.99e-06,2.82325292,16.9535865
18105,0.20001702,0.15132558,7.99e-06,2.56347513,16.95827473
18110,0.17482221,0.1328015,7.99e-06,1.55238903,16.96296296
18115,0.18700901,0.14828107,7.99e-06,1.22338855,16.9676512
18120,0.28901694,0.13746873,7.99e-06,7.71425533,16.97233943
18125,0.27805161,0.13447156,7.99e-06,5.06141758,16.97702766
18130,0.23802457,0.14368716,7.99e-06,1.43776512,16.98171589
18135,0.18895057,0.14696036,7.98e-06,4.29443455,16.98640413
18140,0.19898903,0.14271254,7.98e-06,1.35166574,16.99109236
18145,0.1827489,0.13641033,7.98e-06,2.08285093,16.99578059
18150,0.17746279,0.12729317,7.98e-06,1.14610267,17.0
18155,0.16471219,0.1384462,7.98e-06,3.58313513,17.00468604
18160,0.24543915,0.15749009,7.98e-06,1.63685799,17.00937207
18165,0.27635245,0.12035005,7.98e-06,1.47215831,17.01405811
18170,0.18003415,0.13684637,7.98e-06,13.36996269,17.01874414
18175,0.1749768,0.12995524,7.98e-06,1.7614882,17.02343018
18180,0.22380929,0.14327136,7.98e-06,3.7487731,17.02811621
18185,0.20797637,0.13962678,7.97e-06,2.44434547,17.03280225
18190,0.27825623,0.14094675,7.97e-06,6.65927219,17.03748828
18195,0.22253187,0.15702391,7.97e-06,2.09246826,17.04217432
18200,0.23969145,0.1278701,7.97e-06,6.12547731,17.04686036
18205,0.24911559,0.15380078,7.97e-06,1.86110878,17.05154639
18210,0.23690476,0.16366065,7.97e-06,1.2677269,17.05623243
18215,0.22155209,0.16522642,7.97e-06,1.48409307,17.06091846
18220,0.28196018,0.15260686,7.97e-06,58.76269913,17.0656045
18225,0.17224972,0.15028663,7.97e-06,1.15170705,17.07029053
18230,0.15128574,0.14151747,7.96e-06,1.7825681,17.07497657
18235,0.26560564,0.16365841,7.96e-06,11.22378922,17.07966261
18240,0.17928298,0.12727054,7.96e-06,6.20976114,17.08434864
18245,0.28638272,0.1530072,7.96e-06,1.15825391,17.08903468
18250,0.26076059,0.15272078,7.96e-06,8.03196144,17.09372071
18255,0.26515164,0.16121007,7.96e-06,5.25310421,17.09840675
18260,0.21458607,0.16194011,7.96e-06,3.67818236,17.10309278
18265,0.17306814,0.15749204,7.96e-06,1.58553565,17.10777882
18270,0.24354503,0.16193088,7.96e-06,5.01286125,17.11246485
18275,0.16825531,0.12896643,7.95e-06,4.48827553,17.11715089
18280,0.24042776,0.14888317,7.95e-06,9.27114201,17.12183693
18285,0.20816724,0.16372927,7.95e-06,1.31091917,17.12652296
18290,0.21520052,0.14352765,7.95e-06,10.94993877,17.131209
18295,0.14612503,0.13089395,7.95e-06,3.67865634,17.13589503
18300,0.25996807,0.14429743,7.95e-06,2.29649711,17.14058107
18305,0.26652875,0.15550276,7.95e-06,1.3677901,17.1452671
18310,0.1875401,0.13184007,7.95e-06,3.76622725,17.14995314
18315,0.18857429,0.1353984,7.95e-06,4.3413167,17.15463918
18320,0.23014426,0.1389417,7.95e-06,3.53092337,17.15932521
18325,0.17056669,0.1411768,7.94e-06,1.85984874,17.16401125
18330,0.26340737,0.14259878,7.94e-06,2.07459474,17.16869728
18335,0.25913267,0.14319915,7.94e-06,3.66246271,17.17338332
18340,0.23363793,0.1348927,7.94e-06,6.55752754,17.17806935
18345,0.17226608,0.13239526,7.94e-06,3.43672776,17.18275539
18350,0.20205274,0.12887495,7.94e-06,1.2563237,17.18744142
18355,0.16051859,0.137613,7.94e-06,1.4315449,17.19212746
18360,0.22512355,0.14490732,7.94e-06,9.75463295,17.1968135
18365,0.17969775,0.1415787,7.94e-06,1.41716433,17.20149953
18370,0.19737699,0.14811003,7.93e-06,2.11545157,17.20618557
18375,0.20129774,0.14895088,7.93e-06,3.14664054,17.2108716
18380,0.1786164,0.13047987,7.93e-06,1.67049968,17.21555764
18385,0.17838051,0.14517767,7.93e-06,2.91087508,17.22024367
18390,0.24348798,0.12867227,7.93e-06,0.94555581,17.22492971
18395,0.26059248,0.15522694,7.93e-06,5.18615675,17.22961575
18400,0.26514282,0.16033598,7.93e-06,1.57275677,17.23430178
18405,0.16881411,0.15005437,7.93e-06,3.85607171,17.23898782
18410,0.17804607,0.13897003,7.93e-06,1.16548061,17.24367385
18415,0.17759719,0.14496891,7.93e-06,1.42507887,17.24835989
18420,0.24366896,0.15262135,7.92e-06,4.71401167,17.25304592
18425,0.30065749,0.16113698,7.92e-06,9.04412937,17.25773196
18430,0.17904325,0.14538972,7.92e-06,5.09474659,17.26241799
18435,0.18587229,0.1438298,7.92e-06,1.34471536,17.26710403
18440,0.26742325,0.13309929,7.92e-06,1.30238307,17.27179007
18445,0.27774506,0.16113896,7.92e-06,5.56486845,17.2764761
18450,0.17129086,0.13375314,7.92e-06,10.42720413,17.28116214
18455,0.23331394,0.130432,7.92e-06,1.3316102,17.28584817
18460,0.22627623,0.1571297,7.92e-06,4.43264914,17.29053421
18465,0.22122602,0.14683527,7.91e-06,4.48464012,17.29522024
18470,0.24333801,0.14582059,7.91e-06,1.26133704,17.29990628
18475,0.21632156,0.16950523,7.91e-06,7.18169737,17.30459231
18480,0.25568464,0.1349224,7.91e-06,1.01222301,17.30927835
18485,0.21802075,0.15357638,7.91e-06,4.16466331,17.31396439
18490,0.22890673,0.17592034,7.91e-06,9.67856121,17.31865042
18495,0.20881243,0.13959317,7.91e-06,5.81409216,17.32333646
18500,0.17597264,0.15529634,7.91e-06,4.87217283,17.32802249
18505,0.17888265,0.14287591,7.91e-06,1.9410677,17.33270853
18510,0.32638118,0.15961604,7.9e-06,8.57366276,17.33739456
18515,0.28167043,0.15878068,7.9e-06,12.6111908,17.3420806
18520,0.17506995,0.16425405,7.9e-06,3.06315804,17.34676664
18525,0.20208485,0.13227624,7.9e-06,4.79697037,17.35145267
18530,0.19150985,0.12936949,7.9e-06,1.47831738,17.35613871
18535,0.21882603,0.16031095,7.9e-06,10.89909744,17.36082474
18540,0.18481481,0.13968023,7.9e-06,1.30478454,17.36551078
18545,0.19994607,0.14653944,7.9e-06,1.45897484,17.37019681
18550,0.26145625,0.1641558,7.9e-06,2.59146714,17.37488285
18555,0.20042758,0.14010383,7.89e-06,1.14663589,17.37956888
18560,0.20793514,0.16755463,7.89e-06,3.85479259,17.38425492
18565,0.28201797,0.14631607,7.89e-06,7.94152927,17.38894096
18570,0.24128332,0.15971807,7.89e-06,7.99727345,17.39362699
18575,0.23489928,0.15981336,7.89e-06,1.93467307,17.39831303
18580,0.24366353,0.14938233,7.89e-06,1.26706791,17.40299906
18585,0.18741112,0.1632394,7.89e-06,2.27175903,17.4076851
18590,0.17578229,0.15067225,7.89e-06,2.11274123,17.41237113
18595,0.23813162,0.15773393,7.89e-06,6.81919956,17.41705717
18600,0.24414272,0.11702686,7.89e-06,5.51404095,17.42174321
18605,0.2480305,0.15223458,7.88e-06,4.94247484,17.42642924
18610,0.19383301,0.15355989,7.88e-06,2.89680099,17.43111528
18615,0.19453589,0.13851656,7.88e-06,5.79372406,17.43580131
18620,0.22518816,0.17691387,7.88e-06,4.58548689,17.44048735
18625,0.20868316,0.13824321,7.88e-06,1.19594073,17.44517338
18630,0.25961266,0.14157943,7.88e-06,9.69594479,17.44985942
18635,0.25764911,0.14649936,7.88e-06,3.06149554,17.45454545
18640,0.21835065,0.15308742,7.88e-06,6.30616808,17.45923149
18645,0.19763627,0.13485279,7.88e-06,5.61208868,17.46391753
18650,0.23342919,0.15625258,7.87e-06,4.74757195,17.46860356
18655,0.23902352,0.13973315,7.87e-06,10.10908699,17.4732896
18660,0.23841553,0.15399598,7.87e-06,7.29620218,17.47797563
18665,0.19626758,0.1387098,7.87e-06,3.98940349,17.48266167
18670,0.22614276,0.13789427,7.87e-06,2.31129336,17.4873477
18675,0.2395668,0.14681958,7.87e-06,9.31549931,17.49203374
18680,0.14226481,0.12655853,7.87e-06,1.35875952,17.49671978
18685,0.28443103,0.16097895,7.87e-06,5.90358639,17.50140581
18690,0.21315477,0.16175664,7.87e-06,2.06717253,17.50609185
18695,0.29940653,0.15280093,7.86e-06,7.55984545,17.51077788
18700,0.19080225,0.13680312,7.86e-06,4.54278231,17.51546392
18705,0.25734267,0.1429725,7.86e-06,1.68018913,17.52014995
18710,0.2992465,0.14899585,7.86e-06,16.96920204,17.52483599
18715,0.2262887,0.14215019,7.86e-06,2.19234443,17.52952202
18720,0.23499169,0.15133176,7.86e-06,5.01765251,17.53420806
18725,0.20795686,0.13870283,7.86e-06,15.55393219,17.5388941
18730,0.23656788,0.16001155,7.86e-06,3.47860718,17.54358013
18735,0.22920055,0.17733268,7.86e-06,6.13877916,17.54826617
18740,0.231359,0.14354446,7.86e-06,6.02940083,17.5529522
18745,0.27184985,0.15024519,7.85e-06,6.47141218,17.55763824
18750,0.20428705,0.12939936,7.85e-06,8.40245056,17.56232427
18755,0.23995121,0.16363288,7.85e-06,10.53530979,17.56701031
18760,0.24965162,0.14090338,7.85e-06,7.13976955,17.57169634
18765,0.1621875,0.15115947,7.85e-06,3.32092905,17.57638238
18770,0.20681176,0.1340334,7.85e-06,10.73502254,17.58106842
18775,0.30705221,0.16755895,7.85e-06,8.93022346,17.58575445
18780,0.22079363,0.13327725,7.85e-06,8.60580063,17.59044049
18785,0.36757975,0.14646394,7.85e-06,5.26618481,17.59512652
18790,0.22384076,0.13538908,7.84e-06,4.83873892,17.59981256
18795,0.29137199,0.14886836,7.84e-06,23.36210251,17.60449859
18800,0.24490879,0.1620513,7.84e-06,5.34579182,17.60918463
18805,0.20443702,0.16056484,7.84e-06,2.51139283,17.61387067
18810,0.26840954,0.15543631,7.84e-06,6.53332376,17.6185567
18815,0.22582555,0.13792684,7.84e-06,1.58885717,17.62324274
18820,0.15816841,0.13265681,7.84e-06,1.58400512,17.62792877
18825,0.20338533,0.12773676,7.84e-06,1.08679533,17.63261481
18830,0.20013835,0.13703125,7.84e-06,1.70742643,17.63730084
18835,0.20537179,0.1524231,7.83e-06,2.14692569,17.64198688
18840,0.22184081,0.15285908,7.83e-06,10.15545845,17.64667291
18845,0.21154251,0.14517995,7.83e-06,2.50047946,17.65135895
18850,0.17865875,0.13140391,7.83e-06,1.54673254,17.65604499
18855,0.23700209,0.17132564,7.83e-06,2.44633341,17.66073102
18860,0.25860548,0.14301553,7.83e-06,3.51755238,17.66541706
18865,0.25870929,0.17514022,7.83e-06,13.68735504,17.67010309
18870,0.20372496,0.15528761,7.83e-06,3.39471602,17.67478913
18875,0.27936997,0.13178263,7.83e-06,6.94643259,17.67947516
18880,0.21999283,0.1525433,7.82e-06,1.5199424,17.6841612
18885,0.22515831,0.14995022,7.82e-06,2.44580793,17.68884724
18890,0.21255286,0.13324223,7.82e-06,7.04927063,17.69353327
18895,0.29786983,0.14037293,7.82e-06,2.90708447,17.69821931
18900,0.18493731,0.15163529,7.82e-06,1.35621846,17.70290534
18905,0.23109322,0.14045187,7.82e-06,1.81921363,17.70759138
18910,0.18209662,0.14486,7.82e-06,2.41610336,17.71227741
18915,0.22406645,0.16724526,7.82e-06,7.19355249,17.71696345
18920,0.21442318,0.13701897,7.82e-06,6.91004801,17.72164948
18925,0.18709753,0.13450704,7.81e-06,11.37362385,17.72633552
18930,0.23801827,0.13771725,7.81e-06,2.00672412,17.73102156
18935,0.21565685,0.13858743,7.81e-06,1.67549157,17.73570759
18940,0.18650168,0.13021862,7.81e-06,5.08043861,17.74039363
18945,0.22932348,0.15336284,7.81e-06,8.3550005,17.74507966
18950,0.25505204,0.17378611,7.81e-06,1.39224577,17.7497657
18955,0.25258646,0.13160209,7.81e-06,13.83645439,17.75445173
18960,0.18947656,0.15980043,7.81e-06,3.56430435,17.75913777
18965,0.21283503,0.15103514,7.81e-06,8.59841061,17.76382381
18970,0.21508632,0.1554895,7.8e-06,5.23417664,17.76850984
18975,0.23175032,0.13473648,7.8e-06,8.58955002,17.77319588
18980,0.1863565,0.14997153,7.8e-06,9.76210403,17.77788191
18985,0.28155389,0.17676463,7.8e-06,9.02681255,17.78256795
18990,0.26207087,0.14044839,7.8e-06,1.33069968,17.78725398
18995,0.16488708,0.14712528,7.8e-06,1.27379632,17.79194002
19000,0.21975899,0.14403143,7.8e-06,1.09425402,17.79662605
19005,0.16763893,0.13417158,7.8e-06,8.92592621,17.80131209
19010,0.20422611,0.14809104,7.8e-06,7.60589647,17.80599813
19015,0.18855017,0.14420549,7.8e-06,2.93193316,17.81068416
19020,0.24002414,0.16704575,7.79e-06,3.77015066,17.8153702
19025,0.21680243,0.1332747,7.79e-06,10.12047195,17.82005623
19030,0.19627795,0.12442474,7.79e-06,4.31580973,17.82474227
19035,0.22297204,0.15521081,7.79e-06,2.31508255,17.8294283
19040,0.2014178,0.14631892,7.79e-06,11.05494213,17.83411434
19045,0.3666373,0.16311875,7.79e-06,2.18473125,17.83880037
19050,0.24340611,0.13491336,7.79e-06,8.00790215,17.84348641
19055,0.23995314,0.14574652,7.79e-06,1.35702658,17.84817245
19060,0.17559369,0.14596695,7.79e-06,3.11416006,17.85285848
19065,0.19870942,0.13722041,7.78e-06,3.74539065,17.85754452
19070,0.2615205,0.16096571,7.78e-06,9.98222542,17.86223055
19075,0.23248138,0.14963413,7.78e-06,8.06506157,17.86691659
19080,0.39505136,0.13681438,7.78e-06,32.98933792,17.87160262
19085,0.20428138,0.16981148,7.78e-06,6.95599747,17.87628866
19090,0.23110926,0.15137275,7.78e-06,8.79497814,17.8809747
19095,0.17812234,0.12673761,7.78e-06,2.20923448,17.88566073
19100,0.20304272,0.14438586,7.78e-06,2.08714867,17.89034677
19105,0.26470251,0.16205585,7.78e-06,1.27600741,17.8950328
19110,0.22409587,0.1260897,7.77e-06,2.95368266,17.89971884
19115,0.22814188,0.16162806,7.77e-06,2.70307183,17.90440487
19120,0.18531787,0.15452517,7.77e-06,2.40638781,17.90909091
19125,0.29587595,0.15223865,7.77e-06,2.95349097,17.91377694
19130,0.20267501,0.15049326,7.77e-06,3.36202049,17.91846298
19135,0.35168695,0.16124654,7.77e-06,14.77172089,17.92314902
19140,0.20394802,0.13347829,7.77e-06,1.24510026,17.92783505
19145,0.17689464,0.13682632,7.77e-06,6.86509609,17.93252109
19150,0.25782208,0.14958081,7.77e-06,5.06677389,17.93720712
19155,0.21923976,0.14886047,7.76e-06,9.52928543,17.94189316
19160,0.2957901,0.17364885,7.76e-06,5.16590691,17.94657919
19165,0.19192224,0.145456,7.76e-06,3.35103416,17.95126523
19170,0.27857285,0.14352999,7.76e-06,14.98678493,17.95595127
19175,0.19208493,0.15025593,7.76e-06,2.52090573,17.9606373
19180,0.20704722,0.15011662,7.76e-06,4.16381311,17.96532334
19185,0.20458369,0.1668349,7.76e-06,1.79729795,17.97000937
19190,0.23378546,0.15339084,7.76e-06,7.51109028,17.97469541
19195,0.2285821,0.14768052,7.76e-06,10.09999657,17.97938144
19200,0.20005772,0.14359621,7.75e-06,4.74152327,17.98406748
19205,0.17892343,0.14676031,7.75e-06,2.5716083,17.98875351
19210,0.21144555,0.14700992,7.75e-06,1.24053776,17.99343955
19215,0.22594674,0.13900818,7.75e-06,9.28440571,17.99812559
19220,0.19417944,0.1547538,7.75e-06,5.94363832,18.00281426
19225,0.20044863,0.1425726,7.75e-06,1.38588476,18.00750469
19230,0.16982249,0.13729404,7.75e-06,0.87308437,18.01219512
19235,0.26123853,0.15467158,7.75e-06,3.92183757,18.01688555
19240,0.20689948,0.15783867,7.75e-06,1.63224149,18.02157598
19245,0.31147628,0.13456374,7.74e-06,12.03505802,18.02626642
19250,0.17984066,0.13680959,7.74e-06,5.31094503,18.03095685
19255,0.24672844,0.13897215,7.74e-06,6.96012545,18.03564728
19260,0.1603842,0.13988142,7.74e-06,2.50399351,18.04033771
19265,0.23136833,0.1630836,7.74e-06,6.91481733,18.04502814
19270,0.14253948,0.12768517,7.74e-06,1.37567294,18.04971857
19275,0.19844646,0.14088567,7.74e-06,1.42029893,18.05440901
19280,0.26166739,0.16404972,7.74e-06,9.02188206,18.05909944
19285,0.22911601,0.15588329,7.74e-06,2.97064638,18.06378987
19290,0.23455019,0.1697757,7.73e-06,1.46998692,18.0684803
19295,0.15691472,0.12524113,7.73e-06,1.38764155,18.07317073
19300,0.20003114,0.14152797,7.73e-06,1.79609489,18.07786116
19305,0.22515497,0.14046965,7.73e-06,3.63010335,18.08255159
19310,0.20162973,0.14926576,7.73e-06,3.62407708,18.08724203
19315,0.20384011,0.14873722,7.73e-06,3.3508153,18.09193246
19320,0.1568002,0.12484419,7.73e-06,1.11924601,18.09662289
19325,0.18757656,0.10883635,7.73e-06,11.15851116,18.10131332
19330,0.26092734,0.12771923,7.73e-06,1.37858009,18.10600375
19335,0.25261517,0.13385073,7.72e-06,11.8744278,18.11069418
19340,0.18167856,0.14654118,7.72e-06,6.03036594,18.11538462
19345,0.31096187,0.16190631,7.72e-06,6.36131287,18.12007505
19350,0.18316021,0.14086795,7.72e-06,7.63662148,18.12476548
19355,0.2093199,0.13292237,7.72e-06,6.59449148,18.12945591
19360,0.26303592,0.12287441,7.72e-06,1.35766745,18.13414634
19365,0.24117513,0.1515672,7.72e-06,7.77445936,18.13883677
19370,0.25070603,0.15233497,7.72e-06,10.97618294,18.1435272
19375,0.22925692,0.14391703,7.72e-06,13.57853508,18.14821764
19380,0.25184422,0.16180935,7.71e-06,1.31611812,18.15290807
19385,0.25052323,0.14211597,7.71e-06,5.42820692,18.1575985
19390,0.19468167,0.14071109,7.71e-06,1.26223886,18.16228893
19395,0.18093321,0.13876022,7.71e-06,1.21371067,18.16697936
19400,0.21003492,0.12470021,7.71e-06,5.13279867,18.17166979
19405,0.23230672,0.13152254,7.71e-06,4.9269948,18.17636023
19410,0.18577669,0.14215736,7.71e-06,5.36689854,18.18105066
19415,0.17955261,0.13164837,7.71e-06,1.84304714,18.18574109
19420,0.27083092,0.13994389,7.71e-06,8.85780525,18.19043152
19425,0.23535089,0.16079418,7.7e-06,2.9990766,18.19512195
19430,0.2204951,0.14090086,7.7e-06,5.02312899,18.19981238
19435,0.27388306,0.14483742,7.7e-06,4.43431759,18.20450281
19440,0.33688197,0.12444496,7.7e-06,11.94613075,18.20919325
19445,0.22029254,0.12620448,7.7e-06,5.16686583,18.21388368
19450,0.27329574,0.14073971,7.7e-06,6.23075819,18.21857411
19455,0.21576116,0.13774662,7.7e-06,11.02540874,18.22326454
19460,0.33405647,0.14300536,7.7e-06,5.68907309,18.22795497
19465,0.24062216,0.16884352,7.7e-06,3.04527283,18.2326454
19470,0.21842301,0.15808192,7.69e-06,1.2738806,18.23733583
19475,0.21545782,0.12824419,7.69e-06,3.37275362,18.24202627
19480,0.15158441,0.13536173,7.69e-06,1.34784234,18.2467167
19485,0.18185155,0.14163926,7.69e-06,1.91416502,18.25140713
19490,0.25059004,0.14563655,7.69e-06,12.6929369,18.25609756
19495,0.23771267,0.14249399,7.69e-06,8.04291725,18.26078799
19500,0.17191024,0.13267377,7.69e-06,3.07834816,18.26547842
19505,0.29128277,0.13822469,7.69e-06,5.70865583,18.27016886
19510,0.19244556,0.15523263,7.69e-06,14.30504417,18.27485929
19515,0.23440299,0.15317488,7.68e-06,1.35283625,18.27954972
19520,0.21872306,0.12846168,7.68e-06,6.3986125,18.28424015
19525,0.22327077,0.13977985,7.68e-06,1.21676266,18.28893058
19530,0.25213056,0.13068403,7.68e-06,16.46331406,18.29362101
19535,0.21445541,0.15762879,7.68e-06,1.47511482,18.29831144
19540,0.22550845,0.1379882,7.68e-06,0.99834234,18.30300188
19545,0.22298737,0.17125745,7.68e-06,7.22113705,18.30769231
19550,0.28422368,0.15019958,7.68e-06,9.50066662,18.31238274
19555,0.27610791,0.14339411,7.68e-06,6.35856342,18.31707317
19560,0.21282647,0.13718328,7.67e-06,4.82179117,18.3217636
19565,0.21224029,0.13614667,7.67e-06,5.07404947,18.32645403
19570,0.21825509,0.15342111,7.67e-06,2.28098464,18.33114447
19575,0.23164136,0.15387184,7.67e-06,3.26363826,18.3358349
19580,0.22849655,0.16774176,7.67e-06,1.32824373,18.34052533
19585,0.19168139,0.12578908,7.67e-06,1.00755656,18.34521576
19590,0.21770234,0.16118044,7.67e-06,1.82384729,18.34990619
19595,0.21362844,0.13886323,7.67e-06,5.50756884,18.35459662
19600,0.22917452,0.16151229,7.67e-06,9.37347412,18.35928705
19605,0.172839,0.1297082,7.66e-06,4.01347971,18.36397749
19610,0.22792144,0.16436214,7.66e-06,1.31324017,18.36866792
19615,0.16207173,0.13354517,7.66e-06,1.14165485,18.37335835
19620,0.1977159,0.13380145,7.66e-06,11.02443314,18.37804878
19625,0.3175281,0.14372067,7.66e-06,8.72506714,18.38273921
19630,0.23563728,0.13198314,7.66e-06,5.87080765,18.38742964
19635,0.22298217,0.14573346,7.66e-06,3.00732136,18.39212008
19640,0.21331065,0.17814894,7.66e-06,1.49201238,18.39681051
19645,0.18388934,0.13393207,7.66e-06,1.23615921,18.40150094
19650,0.20217741,0.12544646,7.65e-06,2.52359509,18.40619137
19655,0.21931558,0.16545374,7.65e-06,2.25260949,18.4108818
19660,0.20936136,0.11748349,7.65e-06,13.73575115,18.41557223
19665,0.2340384,0.13204395,7.65e-06,6.31414223,18.42026266
19670,0.17978466,0.14785296,7.65e-06,1.17378116,18.4249531
19675,0.25520005,0.14791527,7.65e-06,1.19163263,18.42964353
19680,0.24688652,0.14982362,7.65e-06,7.97928286,18.43433396
19685,0.24608698,0.12620975,7.65e-06,5.18365526,18.43902439
19690,0.27514291,0.14637493,7.65e-06,8.00612831,18.44371482
19695,0.20662808,0.13733399,7.64e-06,12.45069981,18.44840525
19700,0.16345861,0.14981309,7.64e-06,3.58039379,18.45309568
19705,0.19985168,0.13151788,7.64e-06,1.09607422,18.45778612
19710,0.224716,0.16159849,7.64e-06,4.68084955,18.46247655
19715,0.22654138,0.15081019,7.64e-06,7.72001123,18.46716698
19720,0.20057161,0.16189854,7.64e-06,10.1722908,18.47185741
19725,0.19673362,0.14045242,7.64e-06,2.18715739,18.47654784
19730,0.17788088,0.15059912,7.64e-06,1.13160646,18.48123827
19735,0.19672942,0.14222123,7.64e-06,9.49405384,18.48592871
19740,0.24702713,0.15840874,7.63e-06,4.06845284,18.49061914
19745,0.17618034,0.14983707,7.63e-06,2.60095406,18.49530957
19750,0.17864263,0.132728,7.63e-06,4.69987726,18.5
19755,0.22721767,0.13074137,7.63e-06,4.82512331,18.50469043
19760,0.27006118,0.1504465,7.63e-06,6.16878462,18.50938086
19765,0.24653997,0.13996785,7.63e-06,9.4797411,18.51407129
19770,0.24839702,0.1273475,7.63e-06,2.21939278,18.51876173
19775,0.19104948,0.13376635,7.63e-06,2.45707536,18.52345216
19780,0.29721503,0.10486725,7.63e-06,12.39907646,18.52814259
19785,0.13466496,0.13246015,7.62e-06,1.21135783,18.53283302
19790,0.25704107,0.16692404,7.62e-06,1.23471653,18.53752345
19795,0.21005328,0.12744739,7.62e-06,5.80630684,18.54221388
19800,0.18866397,0.13900593,7.62e-06,13.76532173,18.54690432
19805,0.27758031,0.17367462,7.62e-06,20.18767548,18.55159475
19810,0.24023805,0.15612305,7.62e-06,10.86052322,18.55628518
19815,0.18892951,0.10717302,7.62e-06,13.89919853,18.56097561
19820,0.25850327,0.16214411,7.62e-06,1.22572803,18.56566604
19825,0.29982548,0.16343727,7.62e-06,10.75156307,18.57035647
19830,0.17523016,0.13998601,7.61e-06,1.25862336,18.5750469
19835,0.26455917,0.16520046,7.61e-06,3.45150805,18.57973734
19840,0.23013625,0.13401306,7.61e-06,7.78275108,18.58442777
19845,0.22967739,0.12700221,7.61e-06,7.9633131,18.5891182
19850,0.21652737,0.13191549,7.61e-06,3.34511685,18.59380863
19855,0.16810291,0.12770569,7.61e-06,1.7170825,18.59849906
19860,0.14127219,0.13891195,7.61e-06,1.30209827,18.60318949
19865,0.15521538,0.13233046,7.61e-06,2.50499797,18.60787992
19870,0.1803895,0.1288096,7.61e-06,4.15231228,18.61257036
19875,0.21706469,0.12909355,7.6e-06,4.0749383,18.61726079
19880,0.20360818,0.12563617,7.6e-06,12.38873672,18.62195122
19885,0.20685978,0.1679098,7.6e-06,2.25429654,18.62664165
19890,0.2370573,0.1439296,7.6e-06,1.18276906,18.63133208
19895,0.26184778,0.14256025,7.6e-06,12.64244366,18.63602251
19900,0.19026446,0.12854518,7.6e-06,3.0026238,18.64071295
19905,0.19510849,0.13066272,7.6e-06,4.3061409,18.64540338
19910,0.20570357,0.13343618,7.6e-06,8.60565567,18.65009381
19915,0.22142112,0.13313493,7.6e-06,7.82424116,18.65478424
19920,0.19006965,0.14236515,7.59e-06,1.0756979,18.65947467
19925,0.23861384,0.13034844,7.59e-06,2.72699428,18.6641651
19930,0.19892372,0.12408702,7.59e-06,2.39090681,18.66885553
19935,0.21904101,0.14388304,7.59e-06,3.57799196,18.67354597
19940,0.20822399,0.13504769,7.59e-06,0.89235663,18.6782364
19945,0.28513865,0.13443105,7.59e-06,7.36573362,18.68292683
19950,0.21145065,0.1418938,7.59e-06,6.44546509,18.68761726
19955,0.18232589,0.12966596,7.59e-06,6.43242645,18.69230769
19960,0.19911351,0.1390112,7.58e-06,5.40646172,18.69699812
19965,0.1849082,0.13335558,7.58e-06,3.09636116,18.70168856
19970,0.23484938,0.1209734,7.58e-06,4.35616493,18.70637899
19975,0.21953363,0.14182312,7.58e-06,5.61329889,18.71106942
19980,0.16829047,0.13817966,7.58e-06,2.83791971,18.71575985
19985,0.17125605,0.13468968,7.58e-06,1.08328378,18.72045028
19990,0.28427594,0.18432622,7.58e-06,7.18298006,18.72514071
19995,0.18757858,0.13729136,7.58e-06,1.55359066,18.72983114
20000,0.26666267,0.15398923,7.58e-06,1.8587395,18.73452158
20005,0.21249447,0.14464622,7.57e-06,2.71595144,18.73921201
20010,0.20420506,0.15558627,7.57e-06,1.71825302,18.74390244
20015,0.15114484,0.12356545,7.57e-06,1.46692991,18.74859287
20020,0.20602643,0.13234322,7.57e-06,8.65102673,18.7532833
20025,0.25650797,0.14691945,7.57e-06,11.33927917,18.75797373
20030,0.23153567,0.13673513,7.57e-06,18.86566544,18.76266417
20035,0.16733845,0.13561314,7.57e-06,1.81377065,18.7673546
20040,0.21788073,0.13954456,7.57e-06,4.4500742,18.77204503
20045,0.24471428,0.14131674,7.57e-06,5.93529558,18.77673546
20050,0.25237162,0.15717851,7.56e-06,8.55578899,18.78142589
20055,0.22049174,0.12958366,7.56e-06,1.60357392,18.78611632
20060,0.14497662,0.1301706,7.56e-06,1.7686305,18.79080675
20065,0.14017057,0.11625454,7.56e-06,1.47184563,18.79549719
20070,0.23059454,0.14953693,7.56e-06,4.3021512,18.80018762
20075,0.24470627,0.15272895,7.56e-06,9.35175991,18.80487805
20080,0.25469022,0.14158285,7.56e-06,2.99863696,18.80956848
20085,0.24544082,0.14209233,7.56e-06,2.53146005,18.81425891
20090,0.1721441,0.14147621,7.56e-06,1.3761133,18.81894934
20095,0.18355811,0.12423469,7.55e-06,1.16672599,18.82363977
20100,0.23460555,0.12568825,7.55e-06,1.73861766,18.82833021
20105,0.22699265,0.13444227,7.55e-06,12.38445091,18.83302064
20110,0.22610123,0.14150683,7.55e-06,17.0824337,18.83771107
20115,0.17990692,0.15150233,7.55e-06,1.35890985,18.8424015
20120,0.17129279,0.12719672,7.55e-06,8.89426517,18.84709193
20125,0.21202416,0.14030886,7.55e-06,2.87607265,18.85178236
20130,0.20042701,0.15692988,7.55e-06,5.89053679,18.8564728
20135,0.24779904,0.16238684,7.55e-06,5.78212023,18.86116323
20140,0.2375236,0.14653691,7.54e-06,2.38284373,18.86585366
20145,0.36703033,0.14096852,7.54e-06,14.57881546,18.87054409
20150,0.19235845,0.12295805,7.54e-06,0.98636377,18.87523452
20155,0.28310452,0.1261691,7.54e-06,8.45605564,18.87992495
20160,0.23657594,0.1418741,7.54e-06,8.64130974,18.88461538
20165,0.20893655,0.14060047,7.54e-06,9.77316189,18.88930582
20170,0.21402462,0.12667466,7.54e-06,1.67613482,18.89399625
20175,0.21642933,0.13621632,7.54e-06,1.22330546,18.89868668
20180,0.15190272,0.1285558,7.53e-06,4.16781569,18.90337711
20185,0.23694415,0.12754671,7.53e-06,6.18729973,18.90806754
20190,0.25031209,0.16412196,7.53e-06,4.28437185,18.91275797
20195,0.23946581,0.13703374,7.53e-06,5.50202036,18.91744841
20200,0.28726981,0.14194494,7.53e-06,3.25223017,18.92213884
20205,0.20327842,0.12413894,7.53e-06,7.17831182,18.92682927
20210,0.30612478,0.14879428,7.53e-06,6.01422739,18.9315197
20215,0.12688849,0.12658795,7.53e-06,1.08891892,18.93621013
20220,0.23179195,0.13672343,7.53e-06,1.45883536,18.94090056
20225,0.21091566,0.16255704,7.52e-06,10.35316753,18.94559099
20230,0.21363418,0.134189,7.52e-06,1.27078545,18.95028143
20235,0.23528864,0.14225251,7.52e-06,6.58278418,18.95497186
20240,0.16568195,0.13872078,7.52e-06,4.69427061,18.95966229
20245,0.29182575,0.15359739,7.52e-06,1.74795449,18.96435272
20250,0.21994832,0.15625777,7.52e-06,10.72339344,18.96904315
20255,0.18040216,0.13695848,7.52e-06,1.25876975,18.97373358
20260,0.16514289,0.13267397,7.52e-06,1.74557376,18.97842402
20265,0.23146069,0.13647253,7.52e-06,1.41886687,18.98311445
20270,0.19820445,0.15987681,7.51e-06,8.34339714,18.98780488
20275,0.20053828,0.14139473,7.51e-06,1.42425573,18.99249531
20280,0.21753926,0.13416551,7.51e-06,3.02069163,18.99718574
20285,0.20840898,0.14263342,7.51e-06,7.23768711,19.00187838
20290,0.18141124,0.12763037,7.51e-06,0.9339608,19.00657431
20295,0.18583337,0.12546734,7.51e-06,1.11787128,19.01127025
20300,0.18132288,0.13026657,7.51e-06,7.32134247,19.01596619
20305,0.26439972,0.12278223,7.51e-06,1.26248538,19.02066213
20310,0.20350246,0.13370967,7.51e-06,6.16471148,19.02535807
20315,0.18167589,0.12948995,7.5e-06,1.50968468,19.030054
20320,0.19520698,0.11097231,7.5e-06,15.61335182,19.03474994
20325,0.19497883,0.12828622,7.5e-06,1.44884551,19.03944588
20330,0.17922657,0.13854309,7.5e-06,1.23061073,19.04414182
20335,0.25571556,0.13318389,7.5e-06,8.93600559,19.04883776
20340,0.22514145,0.12561872,7.5e-06,4.43375206,19.05353369
20345,0.24826522,0.15515232,7.5e-06,5.16712379,19.05822963
20350,0.17610142,0.12477674,7.5e-06,1.0252955,19.06292557
20355,0.15522885,0.13471523,7.5e-06,1.26807261,19.06762151
20360,0.1987877,0.13170906,7.49e-06,2.09412146,19.07231745
20365,0.1962926,0.15116595,7.49e-06,4.98658848,19.07701338
20370,0.16797432,0.15164285,7.49e-06,1.29231858,19.08170932
20375,0.23994055,0.1314182,7.49e-06,11.65044785,19.08640526
20380,0.21247027,0.13483127,7.49e-06,4.40910006,19.0911012
20385,0.20850492,0.14386204,7.49e-06,1.51815557,19.09579714
20390,0.26951985,0.1381476,7.49e-06,1.47088683,19.10049307
20395,0.24432635,0.1293927,7.49e-06,2.10640693,19.10518901
20400,0.20818763,0.12677202,7.48e-06,2.00860047,19.10988495
20405,0.30949459,0.14854889,7.48e-06,10.82184219,19.11458089
20410,0.241714,0.13063802,7.48e-06,22.3014164,19.11927683
20415,0.22120795,0.14376178,7.48e-06,1.23904884,19.12397276
20420,0.21036556,0.12973076,7.48e-06,1.7875061,19.1286687
20425,0.22441666,0.14448434,7.48e-06,12.37798595,19.13336464
20430,0.17364368,0.13738517,7.48e-06,3.31237125,19.13806058
20435,0.22447057,0.12461746,7.48e-06,3.40274024,19.14275652
20440,0.24505339,0.13797547,7.48e-06,4.5157299,19.14745245
20445,0.19717534,0.13401719,7.47e-06,4.53760862,19.15214839
20450,0.21700342,0.13871422,7.47e-06,2.44926023,19.15684433
20455,0.203249,0.1354775,7.47e-06,2.0291059,19.16154027
20460,0.32288246,0.13188589,7.47e-06,4.73560715,19.16623621
20465,0.29522901,0.14722295,7.47e-06,5.92555857,19.17093214
20470,0.15368288,0.13709173,7.47e-06,1.36615229,19.17562808
20475,0.1823359,0.14480861,7.47e-06,17.34592056,19.18032402
20480,0.16133528,0.13200213,7.47e-06,12.12209225,19.18501996
20485,0.20920277,0.12594872,7.47e-06,2.62407041,19.1897159
20490,0.29791989,0.12788604,7.46e-06,8.19665527,19.19441183
20495,0.29519892,0.13808195,7.46e-06,6.14840412,19.19910777
20500,0.27532547,0.15545596,7.46e-06,1.80774295,19.20380371
20505,0.21090136,0.1281327,7.46e-06,5.21109343,19.20849965
20510,0.18716289,0.1245219,7.46e-06,5.82747841,19.21319559
20515,0.24104149,0.14713239,7.46e-06,4.91184616,19.21789152
20520,0.27363088,0.16005752,7.46e-06,1.39457715,19.22258746
20525,0.27176704,0.15320714,7.46e-06,5.30351925,19.2272834
20530,0.22126427,0.14741349,7.45e-06,1.52783954,19.23197934
20535,0.19130853,0.14603601,7.45e-06,3.16201472,19.23667528
20540,0.18595976,0.11985784,7.45e-06,3.13338542,19.24137121
20545,0.20123549,0.12332625,7.45e-06,1.18161225,19.24606715
20550,0.23751612,0.14208939,7.45e-06,5.4850421,19.25076309
20555,0.22159731,0.15643177,7.45e-06,5.8362174,19.25545903
20560,0.32542915,0.14388591,7.45e-06,3.89080954,19.26015497
20565,0.19747943,0.13148907,7.45e-06,2.12969208,19.2648509
20570,0.17945317,0.12289911,7.45e-06,4.88492966,19.26954684
20575,0.14006312,0.12308544,7.44e-06,1.09796941,19.27424278
20580,0.29612496,0.15182325,7.44e-06,2.01036024,19.27893872
20585,0.21784067,0.15792775,7.44e-06,3.32018447,19.28363466
20590,0.20494542,0.12631972,7.44e-06,1.19747925,19.28833059
20595,0.23092303,0.14266804,7.44e-06,2.66527247,19.29302653
20600,0.21767156,0.12860875,7.44e-06,7.35505056,19.29772247
20605,0.2179987,0.1450588,7.44e-06,4.86274958,19.30241841
20610,0.19030167,0.12885879,7.44e-06,5.34210253,19.30711435
20615,0.2522043,0.14960019,7.44e-06,2.97334003,19.31181028
20620,0.20775883,0.12009244,7.43e-06,6.48755217,19.31650622
20625,0.22639861,0.15587095,7.43e-06,10.71687317,19.32120216
20630,0.19156426,0.14065934,7.43e-06,18.05964088,19.3258981
20635,0.1926756,0.13572364,7.43e-06,2.52953887,19.33059404
20640,0.2536792,0.13932967,7.43e-06,15.19634056,19.33528997
20645,0.17115031,0.13450965,7.43e-06,2.94830728,19.33998591
20650,0.23709762,0.14031935,7.43e-06,3.49841571,19.34468185
20655,0.21155584,0.12880505,7.43e-06,5.17356348,19.34937779
20660,0.19443243,0.1391356,7.42e-06,7.92003536,19.35407373
20665,0.19999661,0.14083294,7.42e-06,1.36243176,19.35876966
20670,0.23752244,0.14103419,7.42e-06,4.3465991,19.3634656
20675,0.1645452,0.14851515,7.42e-06,1.007406,19.36816154
20680,0.25078802,0.13466856,7.42e-06,3.02657628,19.37285748
20685,0.19507756,0.1464419,7.42e-06,6.58439636,19.37755342
20690,0.22513607,0.14925919,7.42e-06,4.46439123,19.38224935
20695,0.17253613,0.1296211,7.42e-06,6.04239321,19.38694529
20700,0.1307914,0.11464576,7.42e-06,0.80405265,19.39164123
20705,0.1743965,0.14202609,7.41e-06,8.16555977,19.39633717
20710,0.16257917,0.12882871,7.41e-06,6.53458071,19.40103311
20715,0.15484898,0.13922691,7.41e-06,1.9612391,19.40572904
20720,0.24889336,0.11990601,7.41e-06,10.31813622,19.41042498
20725,0.19890567,0.13892634,7.41e-06,3.44466829,19.41512092
20730,0.25183876,0.14060544,7.41e-06,7.38699484,19.41981686
20735,0.306181,0.15220606,7.41e-06,14.55147457,19.4245128
20740,0.22775044,0.14293732,7.41e-06,3.5610826,19.42920873
20745,0.14889334,0.11704405,7.41e-06,2.46336055,19.43390467
20750,0.26125145,0.13192902,7.4e-06,5.5401392,19.43860061
20755,0.17783644,0.14645435,7.4e-06,2.87268162,19.44329655
20760,0.2658263,0.1758806,7.4e-06,8.17729568,19.44799249
20765,0.21977496,0.15289669,7.4e-06,2.00425148,19.45268842
20770,0.16497338,0.14396581,7.4e-06,3.39469194,19.45738436
20775,0.18037475,0.1209587,7.4e-06,2.75841188,19.4620803
20780,0.26883671,0.14629214,7.4e-06,7.52147245,19.46677624
20785,0.28561118,0.14950199,7.4e-06,3.9835217,19.47147218
20790,0.17923919,0.12390107,7.39e-06,1.31719887,19.47616811
20795,0.22843273,0.13751569,7.39e-06,5.00052595,19.48086405
20800,0.19909179,0.14023455,7.39e-06,1.50974095,19.48555999
20805,0.21683488,0.11811068,7.39e-06,4.49466467,19.49025593
20810,0.21242244,0.12750838,7.39e-06,3.63498235,19.49495187
20815,0.29535322,0.16663791,7.39e-06,8.06409168,19.4996478
20820,0.16511687,0.13824031,7.39e-06,2.29871631,19.50434374
20825,0.21802652,0.13137127,7.39e-06,3.77225685,19.50903968
20830,0.18353865,0.14094923,7.39e-06,1.16600752,19.51373562
20835,0.25893414,0.12059496,7.38e-06,9.84107399,19.51843156
20840,0.14540321,0.13855164,7.38e-06,1.47301996,19.52312749
20845,0.22091804,0.15538933,7.38e-06,5.84794378,19.52782343
20850,0.2698072,0.13529488,7.38e-06,2.81217051,19.53251937
20855,0.20400105,0.11256985,7.38e-06,2.86678123,19.53721531
20860,0.1324742,0.10936552,7.38e-06,1.56883097,19.54191125
20865,0.23261621,0.12207467,7.38e-06,4.92382097,19.54660718
20870,0.20610921,0.15113032,7.38e-06,1.50631487,19.55130312
20875,0.17825814,0.14732212,7.38e-06,3.88322711,19.55599906
20880,0.1751492,0.12336208,7.37e-06,6.07259178,19.560695
20885,0.22820621,0.12612694,7.37e-06,1.56806135,19.56539094
20890,0.19702225,0.14730977,7.37e-06,2.71090245,19.57008687
20895,0.18255999,0.13056581,7.37e-06,17.22965431,19.57478281
20900,0.22062128,0.141401,7.37e-06,6.37855864,19.57947875
20905,0.21055226,0.12167129,7.37e-06,9.2014904,19.58417469
20910,0.22144632,0.13908606,7.37e-06,2.37206388,19.58887063
20915,0.27240548,0.15828936,7.37e-06,6.62314034,19.59356656
20920,0.20469589,0.12017296,7.36e-06,1.19685864,19.5982625
20925,0.21055536,0.13685477,7.36e-06,1.64334667,19.60295844
20930,0.25926983,0.12961183,7.36e-06,6.74519348,19.60765438
20935,0.15077413,0.12297988,7.36e-06,3.2107904,19.61235032
20940,0.21754708,0.12553316,7.36e-06,1.91056526,19.61704625
20945,0.22121065,0.12402888,7.36e-06,3.55514359,19.62174219
20950,0.20560751,0.13354389,7.36e-06,1.49337828,19.62643813
20955,0.25093536,0.13602655,7.36e-06,16.80451584,19.63113407
20960,0.2625659,0.15372053,7.36e-06,1.47087467,19.63583001
20965,0.22879252,0.1273279,7.35e-06,2.39234662,19.64052595
20970,0.20643511,0.13846878,7.35e-06,1.82079792,19.64522188
20975,0.19806089,0.13923003,7.35e-06,2.7842083,19.64991782
20980,0.16133013,0.1361885,7.35e-06,1.27665687,19.65461376
20985,0.22091789,0.13574317,7.35e-06,1.43086672,19.6593097
20990,0.20448651,0.15431025,7.35e-06,1.24754941,19.66400564
20995,0.22349572,0.13798663,7.35e-06,5.80112743,19.66870157
21000,0.2353389,0.14663034,7.35e-06,3.55765891,19.67339751
21005,0.17765903,0.12429439,7.34e-06,0.89426988,19.67809345
21010,0.27052789,0.147225,7.34e-06,6.72016907,19.68278939
21015,0.27408855,0.13866863,7.34e-06,6.25059032,19.68748533
21020,0.20417507,0.13525768,7.34e-06,5.90010643,19.69218126
21025,0.22810855,0.14103342,7.34e-06,18.41164017,19.6968772
21030,0.17526306,0.13648078,7.34e-06,5.11651278,19.70157314
21035,0.15058045,0.10830835,7.34e-06,1.26424539,19.70626908
21040,0.23990779,0.14346247,7.34e-06,6.65685892,19.71096502
21045,0.17638186,0.12083832,7.34e-06,3.89236331,19.71566095
21050,0.21670501,0.13194869,7.33e-06,4.16391134,19.72035689
21055,0.24886651,0.12363947,7.33e-06,9.63720703,19.72505283
21060,0.27304718,0.15277052,7.33e-06,5.28147697,19.72974877
21065,0.21311781,0.17550269,7.33e-06,2.50423789,19.73444471
21070,0.27800834,0.14828545,7.33e-06,9.99965858,19.73914064
21075,0.25393858,0.15375789,7.33e-06,8.38780212,19.74383658
21080,0.30764809,0.15161301,7.33e-06,7.33364725,19.74853252
21085,0.21749892,0.14880088,7.33e-06,1.31691802,19.75322846
21090,0.22815106,0.14755835,7.33e-06,6.37734175,19.7579244
21095,0.21118517,0.13166914,7.32e-06,1.23412013,19.76262033
21100,0.21306682,0.13643988,7.32e-06,1.70744991,19.76731627
21105,0.19782264,0.12019361,7.32e-06,3.46341419,19.77201221
21110,0.21635842,0.144045,7.32e-06,2.93440151,19.77670815
21115,0.16290615,0.14007566,7.32e-06,3.19827104,19.78140409
21120,0.15695822,0.132442,7.32e-06,1.67318988,19.78610002
21125,0.19319499,0.1287781,7.32e-06,1.34737432,19.79079596
21130,0.25936832,0.14535392,7.32e-06,18.80607986,19.7954919
21135,0.17023885,0.12218088,7.31e-06,1.45353007,19.80018784
21140,0.25880334,0.12495521,7.31e-06,5.02053118,19.80488378
21145,0.28167,0.14256881,7.31e-06,8.5835495,19.80957971
21150,0.27625029,0.15985617,7.31e-06,8.92033863,19.81427565
21155,0.1722893,0.12013907,7.31e-06,2.38120341,19.81897159
